256 64
0.0198798 0.0150313 0.0261229 0.00545456 -0.0307742 0.0248934 0.00522299 0.0226318 -0.00724746 0.0158782 0.044527 0.0356791 -0.00614167 -0.00484774 0.0136529 -0.022986 -0.0201293 -0.0306656 -0.0312643 0.0326911 0.0111272 0.000848156 -0.0118623 0.00292267 -0.0361612 -0.000506169 0.00141844 0.0168076 0.00128613 -0.00283957 0.0279385 0.0191877 0.0257822 -0.0341935 0.00601611 0.0086226 0.0244655 0.0322212 -0.0171982 0.077047 0.0300538 -0.0243009 -0.0161986 -0.00440142 -0.0514956 -0.0069281 0.022754 -0.0376111 -0.00284092 0.0396513 0.00526594 -0.0155521 0.0112107 -0.000541714 -0.0261179 0.0151927 -0.00206353 0.00713053 0.0143581 0.0404507 0.028609 -0.00488408 -0.0227998 0.0338029 
0.0325627 0.0195913 3.2643e-05 0.0237658 -0.0280734 -0.00467489 -0.0102575 -0.039956 0.0193199 -0.00698207 -0.016804 -0.0131864 0.0161612 -0.0129173 -0.00649374 0.0104341 0.006323 -0.00752381 -0.0303324 0.00947999 -0.0142036 0.0252648 0.00566269 0.00509291 0.00988584 0.00475611 0.0122873 0.00195632 0.0145877 -0.0106933 0.0186761 -0.00974243 0.00100828 0.0412595 -0.00403825 0.0249524 -0.00948719 -0.00408539 0.0327738 0.000319897 -0.0249981 0.0259935 0.00634529 0.00951534 0.00104726 0.0092682 0.00526966 -0.0273285 -0.00161626 -0.0247732 -0.0147033 -0.0516506 0.0307626 0.0113106 0.0102534 0.0192112 -0.0160415 0.0155437 -0.0175277 0.0245412 0.0566017 -0.0255761 0.00841956 0.0071486 
-0.019287 -0.0305138 0.0068567 0.0255595 -0.00787653 0.0194846 0.0176845 -0.00358639 0.0294394 0.00845687 -0.0119126 -0.0304949 -0.000580945 -0.00750095 0.0158918 0.00419853 -0.000414861 -0.00309458 0.00336522 0.00859614 -0.0011591 -0.0277711 0.0181319 -0.00810329 0.0191759 0.028527 -0.0104857 0.0132959 0.00955744 0.0032091 0.0062767 -0.00567651 -0.0353322 0.00996343 0.0163503 0.0163453 0.00640369 -0.00531934 -2.08876e-06 0.00710789 0.0114368 0.0297663 0.0133856 0.0180209 -0.0166492 0.00351676 0.0131746 0.029415 -0.014155 -0.0075544 0.00526057 -0.0208396 -0.0050928 0.0189961 0.0259778 -0.00493496 0.0529372 0.000593698 0.0119459 -0.0073827 -0.0299934 0.0271788 -0.0187696 0.00396398 
-0.0108121 0.00446465 -4.48582e-05 -0.00713342 0.014562 0.0132777 0.0185555 -0.0014619 -0.0262284 -0.0200387 -0.0524838 -0.0407822 -0.025997 0.0184335 -0.0482977 0.0194197 0.0175492 0.0287635 -0.022572 -0.0269578 0.0141913 0.0207444 0.00909738 -0.013457 -0.0250422 0.00243843 -0.03532 0.0112617 -0.00675195 -0.0134427 -0.0194858 -0.0154327 -0.0279338 0.0162826 -0.0161076 -0.00721957 0.0063988 0.0184668 0.00227001 0.0135179 -0.0428197 0.0149568 0.00774106 -0.0234343 -0.0213991 -0.000230912 -0.00626761 0.0174194 -0.022432 0.0244267 -0.0033113 0.0309665 0.0382344 0.00185952 0.0165674 -0.00307189 0.00369316 -0.0255505 -0.0329617 0.01833 -0.00717517 0.0157986 0.0118912 0.0332233 
-0.0172317 -0.0344011 -0.00126953 0.0376059 -0.00616869 0.00777322 -0.00735203 -0.0010928 -0.0262803 0.0337286 -0.0354135 -0.00331317 -0.0423768 -0.0198604 -0.0120301 -0.00892334 0.0143373 0.0190228 -0.00383533 -0.0108214 -0.000477746 -0.0219806 0.00791787 -0.0172026 0.00190787 0.00528287 0.025791 -0.00900616 -0.0294019 0.0309777 0.0282319 0.0147902 0.0155578 -0.0150883 0.0115642 0.00348174 -0.0361862 -0.0294558 0.00854827 0.0100227 -0.00750939 -0.00371316 0.00699078 -0.0152776 0.0026488 0.0164468 -0.00859688 -0.00416309 -0.00198451 0.0204457 -0.0161121 -0.000621815 -0.0288314 -0.00845738 -0.0364754 0.013083 -0.00814875 -0.0332231 -0.00216504 -0.000121633 0.00214568 -0.0137677 0.00928051 0.00968106 
-0.00272331 -0.00306527 0.0148074 -0.0140987 0.0124698 0.00499689 -0.0141858 -0.0190764 0.0258265 -0.0229906 0.0301018 -0.00322338 0.0247879 0.0098021 0.0123915 9.90534e-05 -0.0121349 -0.00890862 -0.0185246 -0.000358071 -0.0404906 0.0205162 0.00982913 -0.0164075 0.0142209 -0.00579812 -0.00654822 0.00358567 0.0267195 0.030105 0.0124492 0.00410532 -0.00679024 -0.0305452 -0.0255591 0.00502916 -0.00451837 0.0257267 0.0127176 0.00553084 0.00675538 -0.014654 -0.0189906 -0.013906 0.0132733 -0.0060176 0.00172239 -0.0200095 0.0180928 -0.0216012 0.000209947 -0.0307748 -0.0104825 0.000289774 -0.0222127 0.0151591 0.00329594 -0.0262829 -0.0145562 -0.0376063 -0.00639071 -0.00156993 -0.000948609 0.00968572 
0.0498258 0.00781037 0.00424383 -0.0156644 -0.00353799 -0.00915858 -0.018541 0.00805119 -0.015115 -0.0292294 -0.0402688 0.00508464 0.0115801 0.00146268 -0.0216541 -0.00960391 -0.00142954 0.00596548 0.0417149 -0.0183177 0.0105816 -0.0183623 0.00295373 0.0178027 -0.0368467 -0.00113995 -0.000585306 0.0461971 -0.00531509 0.0134767 -0.0124763 -0.0137481 0.000156992 0.0260563 -0.00881646 -0.00661773 0.0069031 0.00626614 0.0108072 -0.000528032 -0.0134 -0.0297193 -0.0101506 0.00939388 0.0138469 -0.00926637 -0.00604772 0.0326848 0.0183193 0.00797753 0.00529059 0.0258471 0.0145674 0.0199638 -0.00146386 0.0191709 -0.024134 -0.0316295 0.0237831 -0.0265311 0.0123294 0.0058263 0.040859 0.00766609 
-0.00710484 -0.00936374 -0.0304133 0.000633049 0.0118358 -0.015602 -0.012078 0.0199909 -0.031119 -0.0190557 0.012362 -0.0146403 0.00324588 0.0219218 -0.0179074 -0.00168971 0.0150143 -0.00154445 -0.0210558 -0.0194238 0.00463373 -0.028027 0.0135706 -0.0343076 0.000213625 0.031097 -0.000876915 -0.0235303 0.012569 0.0149012 -0.0288283 -0.0119212 -0.0244625 0.0197968 0.0236455 0.0585534 -0.0135208 -0.0101117 -0.0406369 -0.0471939 -0.0355737 -0.0146763 -0.00448898 -0.0155236 0.0238541 0.0265302 0.00250445 -0.00214444 0.00751996 0.0382392 0.0209798 0.0171057 0.0132901 0.00111482 0.0177578 0.0427214 0.00362617 -0.000857599 0.00383146 -0.0240833 0.00539584 0.0382915 0.0109551 -0.00374191 
-0.0110614 -0.00281266 0.00456097 -0.0327952 0.0410314 -0.0145048 0.0174795 0.00453126 0.015614 0.00989236 0.00852657 0.0276169 -0.0296441 -0.00509228 -0.0115641 0.00163018 0.00469545 -0.0466909 0.0258033 -0.00990313 0.00549428 -0.025667 -0.0121348 0.00311032 -0.00291943 0.00746751 -0.00217049 -0.0115917 -0.00176133 0.0103118 0.0357519 0.0208913 0.00894768 0.00249188 0.0214662 0.00262241 0.0097544 -0.0110758 -0.0271601 -0.0057041 -0.00777091 -0.0112814 -0.0160297 0.00257358 -0.00356737 -0.0386787 0.0170546 -0.00483424 -0.0259359 -0.0112432 0.0025223 0.0315048 0.0364887 0.00837153 -0.0103118 -0.0168865 -0.00973221 0.00800849 -0.0245258 0.0117019 -0.0267972 -0.0172492 -0.0117681 -0.0140031 
-0.0185426 0.0353722 -0.0100093 0.0283791 0.00561613 -0.0168341 -0.00436938 -0.0374566 -0.000352039 -0.00114758 0.000289172 -0.00267223 0.0159898 0.0184291 -0.00100767 0.0104205 -0.0184779 0.021046 -0.00172919 -0.00946173 0.0113234 -0.00356303 0.0134137 0.00937879 0.01691 -0.0295544 0.0249014 0.0087114 -0.0143432 -0.00504913 -0.0116695 -0.00220569 -0.0264952 0.00580657 -0.0046587 -0.00487729 0.0329416 -0.0198485 0.0170465 0.00469173 -0.0428577 0.0154019 0.00902947 -0.0290287 0.0017231 -0.0293142 -0.00736718 0.038944 0.00195927 -0.00262223 0.0159242 -0.0133734 0.00181308 -0.0256948 -0.0115804 -0.0147255 -0.00462945 -0.00824737 0.0102506 -0.00299752 0.00795843 -0.00352317 -0.00651652 0.00304193 
0.0029023 0.0102236 -0.00072394 0.00977693 0.00208409 0.00674121 0.0193557 -0.00842786 0.0101215 0.0186517 -0.0107997 -0.00822591 0.0255587 -0.0155548 -0.00473591 -0.00582645 0.0365464 0.0175234 -0.0168611 0.0159284 0.0367198 0.0292569 0.000527357 0.019968 -0.00315979 0.0425322 -0.0350712 -0.00479126 -0.00756771 0.00392377 -0.00761667 0.0261634 -0.00400419 0.0160444 0.0126279 -0.0133899 -0.00928332 0.0197457 -0.00678268 0.00880771 -0.0265411 0.00698902 -0.00829327 -0.00425309 -0.00844124 -0.0118485 -0.00201172 0.0231794 0.0246925 -0.0180286 -0.0187374 0.000516469 0.00652442 0.0131656 -0.00912553 -0.0131254 -0.0236669 0.00652222 -0.021625 -0.0166087 0.0447589 0.0102453 0.00976665 -0.0107567 
-0.0285253 -0.0170796 -0.000809436 -0.0232092 -0.0233451 -0.0204973 0.0220038 0.00220556 -0.00359939 -0.0205662 -0.0115757 0.0160649 0.0115541 0.00632827 0.0504643 -0.0103259 -0.008368 -0.0650393 0.0221654 -0.0302166 -0.0177269 -0.0287655 -0.0125627 0.0342969 -0.00827151 -0.00475958 -0.00683824 -0.0156006 0.0103599 -0.00269089 -0.0164861 0.0094902 0.0195385 0.0463127 0.0128412 0.0111933 -0.0212521 0.0115825 -0.00242283 0.010871 0.0126258 -0.00251647 0.000236292 -0.0269241 -0.007271 0.00952054 0.0100099 -0.00519157 0.0119868 0.00534635 -0.0173461 0.0167374 0.00494831 -0.0151992 -0.0290564 0.00404013 0.045272 0.0352305 0.000433378 0.00109957 0.0137577 0.0658896 0.00547691 0.00362561 
-0.0411036 0.0369911 0.014093 0.0246837 -0.0224987 0.0183339 -0.0252294 -0.0139778 -0.0374438 -0.0539984 -0.00326822 -0.0069605 -0.0228756 0.0105265 0.0166256 0.00313267 -0.000383128 0.0222428 0.0204567 0.00724132 0.0285432 0.0107379 0.00433188 0.0260615 0.015777 0.0141942 0.00273729 0.00595123 0.0158381 -0.00936642 0.00559235 -0.0389575 -0.0290783 -0.00316707 -0.0140839 -0.0257604 0.0198179 -0.0153338 -0.00866454 0.0220676 -0.0180344 -0.00950085 0.00991451 -0.0185522 -0.0294082 -0.00727307 0.000282442 0.00957069 -0.0124701 0.00884092 0.00442155 -0.00903513 -0.0172992 0.0159717 -0.0171714 -0.00762688 0.00426738 -0.0125919 0.00104175 0.0046928 -0.0170006 0.0106024 -0.00839469 0.0131962 
-0.0303213 -0.00937872 -0.0283597 -0.005218 0.00891629 -0.00197068 -0.0203292 0.0262224 -0.00115378 -0.0235174 -0.0260836 0.000188607 0.0227245 0.0166874 0.0200378 -0.00781672 -0.00762547 0.0274846 -0.0125156 0.00917764 -0.00942946 0.0175383 -0.00640832 0.0231688 -0.00450788 -0.0120287 0.0120998 -0.0013274 -0.0139239 -0.0232001 -0.00523878 -0.0256542 -0.0176193 -0.0306993 0.00629907 0.00593193 0.0270488 -0.0200606 -0.033414 0.00576013 0.0169663 -0.00637443 0.00907511 -0.00266436 0.0122452 0.00766504 0.0237232 -0.00456882 0.00417248 0.0369962 0.00560193 0.0291767 0.0108276 0.00807547 0.00866657 -0.00612365 -0.00716976 0.000923873 0.029058 -0.0066921 0.0183776 -0.00996267 0.0162204 -0.013191 
-0.0267666 -0.0198215 0.0259861 0.0216911 0.0177763 -0.00367634 -0.0111075 0.0332799 0.00135978 0.0149504 0.00571363 -0.0136827 0.0128858 0.0018503 0.00400869 0.0314829 0.000759943 -0.0055795 0.0527987 0.0225027 -0.0153365 -0.0107075 -0.0133505 0.021047 0.0113003 -0.0267251 -0.00282226 0.0107796 0.00589753 0.00645606 -0.00771603 0.00295137 0.0545418 0.00995407 -0.0180168 0.0137266 0.0266783 -0.019006 -0.022179 -0.00936444 -0.0171291 0.0196065 0.0163349 -0.00487137 -0.0280086 -0.0146615 0.00111345 0.00173787 0.0139953 -0.0398093 -0.000236117 -0.00042233 -0.0157649 -0.00383072 0.00315171 -0.0240636 0.0203199 0.0106208 0.022501 -0.0299586 0.0380497 -0.00944867 -0.0446786 -0.00988822 
0.0305216 -0.0014651 0.0109683 -0.00881895 0.0112476 0.0048745 -0.00396027 0.0109933 0.00168745 0.0212271 0.0167751 0.00462886 -0.00602157 0.0167291 -0.0228147 0.00418657 0.00133959 -0.00783825 -0.0228944 0.00892614 0.0182799 0.00516653 0.0175907 -0.0331968 0.0223068 0.0129118 0.0308559 -0.00694814 -0.0196363 0.00347116 0.027907 0.0157588 0.013182 -0.0534288 -1.57065e-05 0.0250415 -0.00971362 -0.0012479 0.0110936 -0.0134904 -0.0127175 -0.0438598 -0.0126117 -0.0144361 -0.0246816 0.00879866 0.0247503 0.00242038 0.0104898 0.0296983 0.0384914 0.0267709 -0.0107854 0.0202607 0.0150159 0.0219619 0.0042477 -0.0337511 -0.025749 0.0306658 0.00205471 -0.0187373 -0.0132258 0.0103951 
0.0252843 0.00891235 0.0106576 0.0204727 0.0311695 -0.0108511 -0.0254405 -0.00477846 0.00283495 -0.0171582 0.0119407 0.0235789 -0.00622634 -0.00488878 0.00712776 -0.0283905 0.0235565 0.0175365 0.00847509 -0.024884 0.0128803 -0.00292456 -0.0253406 0.0156988 -0.0472263 -0.0172372 0.00275264 -0.0192482 0.0256978 -0.0219158 0.00720325 -0.0446703 -0.00935376 0.0111664 -0.00700904 -0.0184822 -0.0325454 0.00662593 -0.00394064 0.0227775 -0.0177307 0.0376873 -0.0399033 -0.00365327 -0.00301928 -0.026577 0.0051022 -0.0112684 -0.0208859 0.00660645 -0.00675105 0.00890564 -0.0322864 -0.00180441 -0.00630588 0.020054 -0.0313246 -0.0140606 -0.0074413 -0.0200075 0.0183534 -0.0033416 0.00805216 0.00492588 
-0.00771818 -0.00906731 0.026198 -0.00202871 -0.024556 -0.00476009 -1.28719e-05 -0.0295379 0.0251027 0.0100488 0.0124723 -0.0177325 -0.0223865 0.0140406 -0.00418692 0.00403943 0.0183087 -0.0110212 -0.00567378 -0.00433808 -0.00979524 -0.00826734 -0.0277157 0.0115055 0.000493589 -0.00433283 0.0337563 -0.00881713 0.0141694 0.00916613 0.0029442 -0.0264147 -0.0229599 0.00194714 0.0103536 0.0012057 0.0146636 0.0184686 -0.00382623 0.0102497 -0.016305 0.00123333 -0.0078398 -0.00597476 -0.024541 0.00760239 -0.0119469 0.0131583 0.00249403 0.0155797 0.00384557 0.00104884 -0.0498173 -0.00568296 0.0349678 -0.016403 0.0320456 -0.0527704 0.00213089 0.0331954 0.0214065 0.00498364 0.0145328 -0.00284737 
0.0251452 -0.0534338 -0.0160576 0.0113454 -0.00696727 -0.00609379 0.0245304 -0.0296384 0.00576508 -0.0141953 -1.41139e-05 0.00656218 0.0114033 0.0188017 0.00107578 -0.00228051 -0.011235 0.0045005 0.00269385 -0.013218 -0.0153063 -0.005074 0.0244599 -0.00715329 0.0121405 0.0249482 -0.0138027 -0.00625099 -0.00834805 0.0209383 0.010871 -0.0211177 0.0305616 -0.0217727 0.00457554 0.00516388 -0.0165005 0.0346562 0.000881214 0.00886265 -0.0168135 -0.0242704 -0.016476 0.00937626 0.0413074 0.0265061 0.00958977 0.00818046 -0.00760515 -0.0129685 0.0360471 -0.0166656 0.0163558 -0.0262506 -0.0291885 0.0386177 -0.0179969 0.00652276 0.00744084 0.0266023 -0.000565602 -0.0312101 -0.00265639 -0.0227496 
0.00180027 0.0347592 -0.0135207 -0.00664429 0.0176276 0.0446601 -0.0152146 -0.0206527 0.0172109 -0.0390466 -0.0183458 -0.0195787 0.014102 -0.0245932 -0.00412799 0.0415996 0.00110363 0.00574964 0.0263974 0.00960337 -0.0188109 -0.0147985 -0.0316427 -0.00311469 0.0299985 -0.0128776 -0.0136501 0.0136088 -0.0053526 0.00781071 -0.00339313 -0.00404152 -0.0316265 -0.018631 -0.0156814 0.0188281 -0.00240345 0.0241695 -0.00637374 -0.000508742 -0.0157379 0.0222583 0.000454477 0.0437947 -0.00132068 -0.0611443 -0.032688 0.0224623 0.00716782 -0.0511335 -0.00723073 -0.00429567 0.00693185 0.00398212 0.00239359 0.0133611 -0.0106779 0.0191363 -0.00952292 0.023221 0.0355839 -0.0167697 0.00965507 0.00183212 
0.0265712 -0.000805223 0.0152876 0.0190209 -0.00574593 0.0230302 0.00635777 0.0069365 0.0460596 0.00433849 0.0047636 0.00355455 -0.0145754 0.0123883 -0.0152012 0.00435765 -0.0307458 -0.0211725 0.0253676 -0.0199994 -0.0087926 0.0184116 0.0249592 0.024961 -0.00559063 0.00681788 0.0161558 0.0221384 0.00457422 0.0150635 0.0188376 -0.0027557 0.0213913 -0.0159752 0.00221019 0.0253206 -0.0112575 0.0116256 0.0557523 0.00913515 -0.00107524 0.02265 0.0132142 -0.0324141 -0.00386031 0.00038718 0.0134981 0.017624 0.0174183 -0.0217683 0.0534339 0.0195904 0.0206038 0.0355222 -0.00440221 0.0257395 -0.0265692 -0.0146212 0.0145331 0.0183805 0.00970792 -0.00338273 -0.0109493 -0.0183664 
-0.017388 0.0025277 0.024925 0.0495553 -0.00641257 -0.0283279 -0.0332245 -0.00926516 0.0099731 -0.010719 -0.00462253 -0.0292489 0.0052995 -0.0454119 -0.000452752 -0.0404803 -0.0182511 -0.00582181 -0.0104202 -0.00562105 0.0111217 0.0200132 0.0348292 0.0206339 0.0307087 -0.0303987 0.0213378 -0.0207318 0.0144142 0.0155737 -0.00604399 -0.0170734 -0.000859811 0.0337955 -0.011022 0.022257 0.00480976 0.0359055 -0.00267473 0.0125077 0.0077317 -0.0184965 0.0057522 0.0119797 0.00406976 0.0337757 -0.00679757 0.0108273 -0.0274479 -0.0050651 -0.00618053 0.00695352 0.0136423 0.0222539 0.0153707 0.00295266 -0.027484 -0.00199689 0.0252883 -0.00143926 -0.00868997 0.0161864 0.012166 -0.0140411 
0.00354682 0.0259962 0.00255765 -0.0317417 0.0220279 0.0086144 -0.00849398 0.00403593 -0.0158227 0.00158102 0.0153368 -0.0190651 -0.0243455 0.0301295 0.0191961 0.00889193 -0.0180386 -0.0101298 -0.0234649 -0.0200818 0.00275459 0.000713288 0.00126578 -0.0409875 0.00908221 0.00320953 0.0232046 -0.0102164 0.010171 0.00049241 -0.0241533 -0.0188092 -0.013841 0.000481262 -0.00175116 0.0013317 -0.0144398 -0.000668051 0.0139669 -0.0153249 0.00559097 0.000477176 -0.00777337 -0.0212908 0.0164496 0.00277646 0.0183798 0.00208949 0.0646671 -0.00719899 -0.0030978 -0.019671 0.0100096 -0.0185309 -0.0108941 0.0300871 0.0336707 0.0173766 0.0132815 0.00568728 0.0285945 0.00602824 0.033774 -0.00985953 
-0.0349918 -0.00158692 -0.00861803 -0.0547681 -0.0198879 0.020423 -0.0340794 -0.00875587 0.0342034 -0.0138421 0.00919839 0.0243059 0.00336314 0.0120204 0.0163319 -0.0119813 0.0388578 -0.019896 -0.0331861 -0.0186306 -0.000430964 -0.00756667 -0.00509116 -0.0204097 -0.0118941 -0.017572 -0.0147331 0.0241417 -0.0112795 -0.0129509 0.0295872 0.0119641 -0.00351134 0.00814364 -0.0397758 0.00779332 0.00961094 0.00534432 0.0142899 0.012636 -0.0113779 -0.00344652 0.0209923 0.0215639 0.00550224 0.0408705 -0.0162383 0.000200259 -0.0447878 0.0112204 -0.019351 -0.00159362 0.00472002 0.040175 -0.00991413 0.00250916 0.0132551 0.00177786 -0.00480284 0.0331997 -9.65357e-05 -0.00300639 0.0102526 0.00138532 
-0.013601 0.0150556 0.00892617 -0.0176822 -0.033198 -0.0205785 0.00572495 0.00913123 -0.0048923 -0.0104831 0.00681286 0.00313752 -0.0336638 0.0268942 0.027995 -0.0496298 -0.00804863 0.0290844 0.0156872 -0.0159383 0.0144806 -0.00775975 0.00407379 -0.00649064 0.00657107 -0.017503 -0.0434149 0.0114176 -0.0128092 -0.0373628 -0.026983 -0.00601056 0.0258744 -0.0194571 0.0156977 -0.00817103 0.0076613 -0.0381725 0.0142893 0.0201066 -0.0121254 0.0226621 -0.00996005 -0.022489 0.00148048 -0.0117572 -0.0112238 -9.69224e-05 -0.0205529 -0.000217629 -0.00770182 -0.0247394 -0.00537433 -0.00693823 -0.000748815 0.0142591 0.0248778 0.0269686 0.0232022 -0.011332 -0.00753165 0.00972465 0.00269199 0.047138 
-0.00124681 -0.0143137 0.0146926 0.0063252 -0.0194604 -0.0179083 0.00406064 0.00426544 0.0113637 0.0038294 -0.0155303 0.00185349 0.00935161 0.0219126 -0.00284047 0.0166994 -0.0115841 0.0138979 0.0187172 -0.0068087 0.0336402 -0.00796482 -0.0292408 -0.0105711 -0.0145385 -0.0287102 0.0416703 0.0193957 -0.0169253 -0.0103132 -0.0169498 0.0105675 -0.0272607 -0.010187 0.00462389 -0.017125 -0.0122845 -0.0170799 0.010098 -0.0238094 -0.0155015 0.0298399 0.00729923 0.032508 -0.0359007 0.0197469 -0.00158343 -0.0071555 0.0141103 -0.0300995 0.0260383 0.0143477 0.00405531 0.021427 -0.0238975 0.0261585 0.0093409 0.0075239 -0.0114023 -0.0123067 -0.0412136 0.00124646 0.0085227 -0.0156008 
-0.00219422 0.0208426 -0.0149362 -0.00628604 0.0247155 0.00453248 -0.0123106 0.00976981 -0.0155712 0.0226505 -0.0252491 0.0402532 -0.0372612 -0.0026162 0.0195978 0.0174763 -7.47071e-05 -0.000341668 -0.0241002 0.0262724 0.0267195 0.0123612 0.0168855 -0.0192339 -0.00544936 0.0224004 -0.00361524 0.0307482 0.000567443 0.0163439 -0.0254706 -0.013967 0.0667627 -0.00760447 0.0253246 0.0172977 -0.00709085 0.0198125 -0.0291999 -0.00129139 0.00404419 -0.0220487 -0.00289231 0.000235389 -0.0182842 -0.0140642 0.00966218 0.0263947 -0.046511 -0.0142154 -0.0249307 0.0140697 -0.0102189 -0.027108 -0.0385179 -0.0207601 0.00340428 -0.00368753 0.0207671 0.0039584 0.0104615 -0.0212082 -0.0430315 0.00156496 
-0.00777664 -0.0243358 0.0432447 0.00971678 -0.00656515 0.00502745 -0.0175751 0.0269324 0.00965778 -0.0104244 -0.0125497 0.00565162 0.0044416 0.0343372 -0.00742697 0.0162501 0.0121983 -0.010668 -0.0167457 0.0181041 0.0124592 0.0150369 0.0243381 0.0212673 -0.0187699 -0.0326742 0.0141941 0.00787687 -0.0118955 0.00873762 0.0114699 -0.0275031 0.00777384 -0.0120397 -0.0170868 -0.0437798 0.0437951 0.0218643 -0.0288233 -0.0206745 0.030505 -0.0154669 0.0237502 0.000716614 -0.0178029 -0.00221223 0.045101 -0.0216903 -0.00216043 0.000625855 0.00362373 0.00520819 0.00523444 0.0136117 -0.00935811 0.0126723 -0.0146744 -0.00676827 0.0044465 -0.0165181 0.0231395 0.0175419 -0.0374518 -0.00584011 
-0.00063101 0.0226017 -0.0109134 0.0180298 -0.021877 3.32596e-05 -0.00567708 -0.017007 -0.00822619 -0.0180821 -0.00679214 0.0229215 -0.00496119 -0.0106718 0.0133989 -0.00491645 -0.0199044 0.00767312 -0.0194987 -0.0138888 0.00289734 -0.00178814 -0.0290779 -0.000261462 -0.00871595 -0.00563601 -0.0160392 -0.0256519 -0.0210702 -0.00817424 0.00992455 0.0217495 0.00232402 -0.00556112 0.0177581 -0.0138822 -0.0123464 -0.0188937 -0.0129649 0.0031618 0.0100206 -0.00139218 0.00184775 0.00665275 -0.00504958 -0.0258826 0.00678047 -0.0100368 0.0052786 0.028492 -0.0112991 0.0433089 0.00742056 0.0116277 -0.0121063 0.0188253 0.00244344 0.021809 -0.0358202 -0.0148284 0.0200341 -0.0204239 0.0119646 0.00222771 
-0.031991 -0.0391453 0.00689156 -0.00514118 0.00215457 -0.0139464 -0.00110239 0.0325085 -0.0093856 0.000593643 -0.00155088 0.00388513 -0.000470801 -0.0223187 0.00894788 -0.0107185 -0.00345165 0.00343742 0.0121413 0.0401121 -0.00672641 0.0101427 -0.00174019 -0.0068414 -0.0136497 -0.0027977 -0.017876 -0.026504 0.0322308 0.0162487 0.028885 0.0232807 -0.0267304 -0.0390273 -0.0390689 -0.0222568 -0.0366477 0.0276638 0.0164752 -0.0192825 0.00278673 -0.0114215 0.0110243 -0.0157513 -0.012232 -0.00438925 -0.00305243 0.0129568 0.0497896 -0.00751761 -0.00251174 0.0217844 -0.00767606 0.00319759 -0.00253652 0.0227339 -0.0172123 -0.0245875 -0.00850542 0.0108242 -0.00538896 -0.0253743 0.00568695 -0.00174874 
0.0131586 0.0103278 0.00464869 0.020793 0.023001 -0.0308105 0.00627646 0.0106886 0.0017779 -0.00728779 0.0205201 0.0134911 0.0452974 0.00300671 -0.000441867 0.00947905 -0.014071 -0.0263149 0.0080692 0.0289765 -0.0387326 -0.00636386 -0.0300476 0.0430906 -0.0132017 -0.00968881 -0.00184954 0.0224544 -0.0117633 0.00680769 -0.0151998 0.000567639 0.00493457 0.000153488 -0.00201438 0.0130711 -0.00744765 -0.0235148 0.00395173 0.0310501 0.0397423 0.0157737 -0.0198727 -0.00434108 0.030649 0.00900789 -0.0117018 -0.007801 0.0108405 -0.0181674 -0.000745996 0.0184525 -0.0105411 -0.0151965 -0.00126679 -0.00604645 0.00680002 -0.00939722 0.0167522 0.0371825 -0.000810729 -0.0297295 0.0338084 0.01736 
0.00985616 -0.0128976 -0.013777 0.000125179 0.00646762 0.00307819 0.0264114 0.00594557 0.0401409 -0.0342228 0.00177673 -0.0191252 0.0065539 -0.0114869 -0.0114589 -0.00309571 -0.0207494 0.0124879 0.000249094 0.0035597 -0.0301989 0.0164005 0.032791 -0.0353458 0.00505451 0.00420035 -0.0140775 0.0502422 0.00796922 0.00253415 0.0370216 -0.0314061 -0.0162868 -0.068139 0.0140556 -0.00474169 0.0258926 0.0185753 0.0232922 0.0171734 -0.0193932 -0.0128608 0.011368 0.00406206 0.0187859 -0.0168523 -0.00994533 -0.0235365 0.0046869 0.020005 0.00667006 -0.0297688 0.0148008 0.0277659 -0.0217025 -2.29892e-06 -0.0118738 0.0192616 -0.00500779 0.0231742 0.00182837 0.0450134 -0.0172811 -0.00208552 
0.00798141 0.0139662 0.0087219 0.00942132 -0.0106276 0.037914 -0.00580944 -0.00543154 0.0231752 0.0245238 0.0120112 -0.0280358 0.00663515 -0.015958 -0.022908 0.0049394 -0.00100082 -0.00966525 0.0165181 -0.00395496 0.00293279 0.0123627 -0.00894002 0.00277721 -0.0370285 -0.0186529 -0.0181154 -0.00296342 -0.0108833 0.00128631 -0.00620658 -0.0486152 -0.00204071 0.03094 -0.0115264 -0.00893895 0.0273052 0.00607149 -0.0231827 0.0119032 -0.00260171 -0.0142645 -0.00485092 -0.0265929 -0.00283315 0.00715018 0.00900661 -0.00581542 0.00711003 -0.0113378 0.0246059 0.0310416 -0.0199661 0.0367771 -0.031878 0.0109599 0.0257142 -0.0154678 0.0294442 0.0280908 0.00182597 0.0034584 0.0286715 -0.0100359 
-0.028696 -0.00375593 -0.0160476 -0.0143694 -0.0251584 -0.00431751 0.0201888 -0.0087011 0.00699839 0.0231757 -0.035219 0.0163625 0.0181521 -0.0128265 0.0314405 0.00350381 -0.0262321 0.016046 -0.00856841 -0.0360907 -0.0144399 0.0116589 -0.0268082 0.00226807 0.00150731 -0.00642145 -0.0133056 -0.0283906 -0.0170452 0.00984314 -0.00727416 0.0120794 -0.0030925 0.015914 -0.00397024 -0.00153452 0.012132 0.00342428 0.00130632 -0.0184784 0.00292112 -0.0118684 0.0118839 -0.0050334 -0.00359094 0.0112309 0.0328043 0.0175435 0.0204521 0.00918807 0.0366824 -0.0281788 -0.00740797 0.00454269 0.0243787 0.00498653 0.00683485 0.00392026 -0.0585085 -0.0228446 -0.000164109 0.00857962 -0.0101741 -0.0206437 
-0.00452293 -0.00321096 -0.012747 -0.0278034 0.00239221 0.0493978 0.0603396 0.0308475 -0.000993426 -0.00270233 0.0294087 0.0103802 0.0256873 -0.00333199 -0.0129553 -0.0130661 0.00472867 0.0180358 0.0139293 -0.0284291 -0.0381809 0.0254329 -0.00638432 0.0213276 0.0302417 -0.00365304 0.000918003 -0.00858123 -0.0185301 -2.11215e-05 -0.00106844 0.0244491 -0.0153168 0.0054889 0.0058104 0.00804463 -0.0188232 0.0324353 0.0245038 -0.0166235 -0.0307917 0.0106079 -0.00583569 -0.0115807 -0.0269471 -0.00329488 0.00199213 -0.00283725 -0.0250788 0.00528629 -0.0392239 -0.00190637 -0.00740351 -0.00105556 -0.0204328 -0.0250189 -0.0312922 -0.0275634 -0.013615 0.00195865 -0.0177472 0.00757319 -0.0207762 0.0159567 
-0.0216505 -0.0155318 -0.00328053 -0.00204169 0.028723 0.0197903 0.00697801 -0.0170913 0.0153374 -0.010442 0.00494353 0.0143138 -0.0044204 -0.0206332 -0.00552325 0.00570507 0.00305992 -0.0067229 0.00825305 -0.010491 0.0163609 0.0101059 -0.0137722 -0.0161221 -0.00915961 -0.00481267 0.00890935 0.0122304 -0.00931194 -0.0285598 -0.0206593 0.0405011 -0.0201713 -0.00727846 0.0330257 0.0203868 -0.0172658 -0.0416567 0.0246134 0.00295117 0.00750258 0.00232418 -0.0116199 -0.0167315 -0.00365916 0.0164073 -0.00517879 -0.00552897 -7.47969e-05 0.00377499 0.00467963 -0.0351226 -0.0202109 0.00823346 0.0106308 -0.0118637 -0.00324766 -0.00597082 0.0284941 -0.0107756 0.0225728 0.0317535 -0.00574524 -0.00972757 
-0.0219347 0.00873684 0.000853766 -0.0253847 0.00245267 0.00865778 0.0300667 0.0146334 -0.0016501 -0.0211331 0.0320243 -0.00900394 0.00275989 -0.0029682 -0.00995727 0.00915501 -0.0129668 -0.0655424 0.0108605 -0.0129824 -0.0262445 -0.00547311 0.0168403 -0.00452952 -0.00344081 0.00435522 -0.00999774 0.0378459 0.0252093 0.025959 0.0166894 -0.0249232 -0.0356624 -0.031868 -0.00054804 0.00260324 -0.0196758 -0.00566283 -0.016127 -0.0368104 -0.0370797 -0.0168754 0.0561654 -0.0324296 -0.0131435 0.023649 -0.0386452 -0.0214942 0.0136645 0.0339353 0.00228319 -0.0195081 0.00414133 -0.0212864 0.0295149 -0.0146627 0.00194154 0.0292696 0.00460656 -0.0223605 0.0112595 0.00652931 0.0232004 0.0100362 
-0.0125341 -0.0148634 0.0187621 0.00680212 -0.0163466 0.0305656 0.0222421 -0.00782772 0.00698309 -0.000338492 -0.0133416 -0.00464341 -0.0228017 0.00187361 -0.00314361 0.0150803 -0.0123649 -0.0220811 0.0316734 0.00256104 0.0181954 0.00298442 0.00993524 -0.0199786 0.02242 0.0223867 -0.00298437 -0.00940011 -0.0119372 0.0174251 -0.0101388 -0.00916384 -0.014566 0.0159848 -0.0439294 0.0247637 -0.0243391 0.00704303 0.00288102 -0.00162502 0.0620028 -0.0171955 0.0347068 -0.028285 -0.0104914 0.00713951 -0.0330406 0.00817086 -0.00254861 0.0238295 -0.00878024 -0.00885871 -0.0254207 0.00145066 -0.0112712 0.0147325 0.00714486 0.00560949 0.0211132 0.000832823 -0.00192266 0.00169615 -0.0133622 -0.0045142 
-0.027941 0.00389201 0.00339963 -0.0483882 0.00237863 -0.0146782 0.000408894 -0.00709958 -0.0183222 -0.0303966 0.0100119 0.0276514 -0.0111006 -0.0132925 0.0222069 0.00176745 0.00956393 -0.00301391 0.0199377 0.0116909 0.00432158 0.0176378 -0.0388601 0.0120793 0.012387 0.0214599 0.015579 -0.0140329 0.0187897 -0.00892421 -0.0306845 0.0252462 0.00907687 0.00012888 -0.0181198 0.0401767 0.00358811 0.0178406 0.00240021 -0.0014127 0.0137139 -0.0263741 0.00330877 -0.0215643 -0.0174759 -0.00455001 -0.0014814 0.0145343 0.0075746 -0.00636361 0.00656272 0.000308477 -0.0224283 0.00434426 0.00469832 0.0251426 0.0129942 0.0375686 -0.0132059 0.00322511 0.0127601 0.00633724 0.0391278 -0.0265222 
0.0445909 -0.0245982 -0.0332152 -0.00395398 0.00127954 -0.00416408 0.00143858 -0.0180262 0.0100354 -0.0224116 0.0177835 -0.0113515 -0.00121513 -0.00897596 -0.0136141 -0.0226293 -0.012479 -0.0356506 0.0129247 0.0306141 0.0307785 -0.0203529 0.00818346 -0.00469854 -0.0197846 -0.00674743 0.00257827 -0.0180105 0.0167222 -0.0183317 0.000685864 0.041955 0.0273964 -0.0321236 0.0354833 -0.0152867 0.0499071 -0.00431778 0.0171364 -0.0208761 -0.0148505 -0.0036273 -0.0216366 -0.0101997 -0.0162962 -0.0189157 -0.0239687 -0.0234229 0.0250305 0.00596965 -0.0114871 -0.00294948 -0.00490362 -0.0201769 0.00834547 -0.00487676 0.00910094 0.0122022 0.0128091 -0.0198449 0.0540967 -0.00638076 -0.0171871 0.0168544 
-0.0182975 0.00606363 0.00183992 0.0371242 -0.0313567 -0.0125096 0.0127486 0.00457638 0.0075365 -0.0214575 0.00977577 0.00309304 -0.0191941 -0.0653319 0.010182 0.0158713 -0.00894461 0.00522496 0.0120111 -0.00798658 0.0163976 -0.0123657 -0.014355 0.00248316 0.0117783 -0.00198495 0.0196776 -0.0118314 0.0197708 0.0376605 -0.00167008 -0.0140056 0.014864 -6.17247e-05 0.000490267 -0.0170226 0.0111012 -0.0105051 -0.0286824 0.0138049 0.0167264 0.0176544 -0.00125724 -0.0105938 -0.0150862 0.00417874 0.00681591 0.00664544 -0.0117168 -0.0131503 0.0216247 0.00680081 -0.0332479 -0.0157243 0.0211244 0.0150556 0.0308451 0.0062995 -0.0418477 0.00957904 0.00212097 0.00606387 0.0360177 -0.0079608 
0.000484949 -0.0317165 -0.0260192 -0.0123611 0.0202672 0.0157022 0.0111455 -0.0155016 -0.00931252 0.034083 -0.00987967 0.0198076 0.0175955 -0.00107931 0.0154565 0.0269502 0.0320312 -0.00515707 -0.0326188 -0.00897963 0.0145317 0.00728816 -0.00397881 0.00454812 -0.0197926 0.0140424 0.000693363 0.00965202 0.0112945 -0.0202607 -0.0096249 -0.0124559 0.0173679 0.00736833 -0.0206478 0.0483333 0.0353125 -0.023053 0.0146428 0.0184709 0.0608324 0.00608044 -0.0225574 0.0356668 -0.00608443 0.00106955 0.0216533 0.0431186 0.0164726 -0.0218941 0.00227328 0.0335447 0.00371043 -0.00241259 -0.00752766 0.0270293 -0.0379806 0.0231059 -0.0139708 0.00458626 -0.0218477 0.0198312 0.00157821 -0.0239464 
-0.0106946 -0.0206378 -0.0301269 -0.012785 -0.0189484 0.0095319 -0.0140453 -0.00867914 -0.017142 -0.00815574 0.0114623 0.0286172 0.000705057 -0.0051066 0.00104032 -0.0191695 0.0314065 -0.0142776 -0.00380549 -0.00119533 0.00570451 -0.00655667 -0.0270685 -0.0121248 0.00273834 -0.0187836 0.0110704 0.0260103 -0.0082286 -0.0119319 -0.0270426 -0.0193108 0.00756387 -0.0172919 0.0111404 0.0386773 0.008788 0.008342 0.0256773 -0.0227458 0.0204257 -0.0170802 0.0112599 -0.000843249 0.0240672 -0.00407266 0.0158676 -0.0213322 -0.00961284 -0.0114605 0.00272941 -0.0112954 0.0241662 0.00113785 0.0118956 -0.00769543 0.00807423 -0.0115528 -0.0177919 0.0031334 -7.33746e-05 -0.0122602 0.00448509 -0.0033523 
-0.0212583 0.00809978 0.0198862 -0.0232716 0.0294083 -0.0470103 0.0119476 -0.0445356 -0.0133112 -0.0114008 -0.0006222 -0.0159149 -0.00490965 0.0227814 -0.0066852 -0.0257142 -0.0192142 0.00115333 0.0361937 -0.000309493 0.0302794 -0.0168572 0.0138348 -0.0173952 0.00958956 -0.0183198 -0.0224101 -0.0149525 -0.0185507 0.00479833 0.00455103 -0.0345337 -0.00264885 0.0128926 -0.0219833 -0.0107105 -0.0209471 -0.00581465 -0.00129157 0.0114948 -0.00519638 0.0321349 0.0174644 -0.00404383 0.00355068 -0.0386304 -0.00755841 -0.028775 0.00984171 -0.00334705 0.0112326 -0.00935227 -0.0215211 0.0217375 0.0176995 0.0210654 0.0305148 -0.0251838 -0.0263799 -0.023956 0.0164744 0.00619394 0.0137619 0.0181773 
-0.017872 -0.0132693 -0.000337599 -0.00219399 -0.0219441 0.00499234 0.0150769 -0.0127796 0.0083987 -0.0140057 -0.0152417 0.0149528 0.0354581 0.0150593 -0.00999051 -0.0041439 0.00732123 -0.0191556 0.0229926 0.00241595 -0.00811216 0.00446888 0.0163754 -0.0252358 -0.00833896 0.00897783 0.0259888 0.00715234 -0.00829236 -0.00254515 0.023688 -0.0106171 -0.0350956 -0.035648 0.0490562 -0.0224778 -0.0212702 0.0152019 0.0151801 0.00370965 0.0113536 -0.00441591 0.00219321 0.0349131 0.0253106 0.0337447 0.0112637 0.015348 0.00670891 -0.0134937 -0.0150385 0.00858634 0.00983508 -0.00660272 -0.0268726 0.00363584 -0.0135626 0.0151037 -0.0148442 -0.00216419 0.0415562 -0.00218472 -0.00906693 0.00931649 
0.023091 0.00660626 -0.00666016 0.00847049 -0.0237851 0.00765539 -0.0141626 0.00378448 -0.00372244 -0.00721106 0.0164567 -0.0129768 -0.0328724 -0.0145728 -0.00884887 0.0160781 -0.0233968 0.0179215 -0.00964837 0.0132191 -0.0300844 -0.0117505 0.00888722 -0.0122784 -0.0144546 -0.000645763 -0.0270941 0.0281523 0.00443894 -0.0119701 0.0126739 0.0200585 -0.037168 0.00809542 0.00781068 -0.0164336 0.00192579 -0.0149272 0.00901813 -0.0412617 0.0196014 -0.00188159 0.00362085 0.0372683 -0.0148449 -0.0382867 0.0238007 -0.0221423 0.0133441 0.0113615 -0.00507383 -0.00173573 -0.00943505 -0.0144872 -0.0121558 0.00699935 0.0573201 -0.0106157 0.0111482 0.00143927 -0.0369481 -0.0219961 0.0351966 0.0161856 
-0.0100307 0.00267451 0.00853258 -0.00582119 0.0241668 -0.00125223 0.0205914 -0.0183067 0.0329954 0.0236861 0.0219293 -0.0149362 0.0126277 0.000730365 -0.0195655 0.0433907 -0.0248057 0.00208164 0.00384064 0.00362771 -0.019943 0.0229839 0.0227457 0.0213953 -0.0114982 0.0181188 -0.0196003 -0.0161751 -0.00919454 -0.0079984 0.0180629 0.0097595 0.0214915 0.0283871 0.00411268 -0.0165951 -0.016113 -0.00694425 -0.0203491 -0.00605248 0.011512 -0.0105085 0.0130181 0.0223831 -0.0022869 0.0341997 -0.0291702 -0.0110528 -0.0225922 -0.0101989 -0.0237749 -0.000350094 0.0106049 0.00487651 0.00276374 -0.0153976 -0.0306436 0.0346692 -0.0120268 -0.0368432 0.00932038 -0.0304862 0.00485674 -0.00760573 
0.00982798 0.013798 0.00752031 -0.00313815 0.0054861 0.0100209 -0.0162051 -0.0203586 -0.010188 -0.00950897 -0.00762927 0.00980513 0.00992015 -0.00265854 0.00832611 0.00257714 -0.00287313 -0.0143741 0.0329966 -0.0087248 0.0093825 -0.0163867 -0.0173795 0.00408384 0.0128626 0.00462809 -0.0390437 -8.88459e-05 -0.00116392 -0.0126324 -0.00654205 -0.0500105 0.00823345 0.016214 0.0268472 0.0262558 -0.0037715 -0.00603393 -0.0240224 0.020479 0.013244 -0.0115972 -0.00969614 -0.0231075 -0.00595518 -0.00229186 -0.0126968 0.0119798 0.0173243 -0.0197896 -0.0437647 -0.00852438 -0.0137867 0.0261321 0.0225186 0.0112411 -0.00518563 0.0364235 -0.00976145 0.00540566 -0.018594 -0.00315387 -0.00300175 -0.0317875 
-0.0176509 0.0134679 0.0244846 -0.0129707 -0.0311525 -0.00240524 -0.00357431 -0.0196874 0.012259 -0.0300736 0.00393556 0.0236853 0.00543886 0.00570883 0.0117555 0.0216356 -0.015069 -0.00494674 -0.00373078 -0.00502146 -0.0161649 0.0262199 0.00625468 0.0116144 -0.015733 -0.00199621 6.50473e-05 -0.000573714 -0.0192812 -0.0351068 -0.0150239 0.00885636 0.0151816 -0.00475995 0.0283365 -0.00105369 0.000195104 -0.00566775 0.0100857 -0.00383189 -0.0133282 0.00702243 0.0180183 -0.0109174 0.0202384 0.0106708 0.0036664 -0.0358726 -0.033012 -0.00638983 -0.028364 0.0241639 -0.0202691 -0.0103573 0.00868121 -0.0231243 0.023341 0.00422294 -0.000118112 0.012466 -0.00437556 0.0280806 0.034358 0.023584 
-0.0124396 2.03485e-05 -0.0571068 0.0060206 -0.0113942 0.0105537 0.00011474 -0.0184683 0.00679139 0.0276356 -0.0295103 0.024151 0.0155912 0.0372394 -0.0155887 0.0398159 0.00175872 0.00101081 -0.00365306 0.0298606 0.0149079 0.0714826 0.0168654 0.0287561 0.0122531 -0.00688188 -0.0235429 -0.0230501 -0.00355091 0.00893724 -0.0106748 0.00688614 -0.00982413 -0.0232686 0.0185527 0.0202025 0.00850122 -0.023189 -0.0157776 -0.00135294 0.0201463 -0.00628683 0.0205589 -0.0115351 0.0104841 -0.00326396 1.74615e-05 -0.0150862 -0.0171651 0.00590359 -0.00364318 0.000355396 0.0344817 0.0113101 -0.0102136 0.00565758 0.00252507 0.0111127 -0.0246408 0.0258386 0.0188732 0.00218573 -0.0446172 -0.0138588 
0.00522397 -0.0159126 -0.021235 -0.00425174 0.0232221 0.00561655 -0.00425262 -0.0111002 -0.0189576 -0.0109921 0.0315858 -0.0369243 0.0146684 0.0045552 0.00987246 -0.0271617 -0.0206515 0.0300583 0.0218539 0.0133285 -0.00314407 -0.0152966 -0.0348384 0.00131776 -0.0265832 0.00357999 -0.00109558 0.0101243 -0.00512306 -0.000359159 0.00616337 -0.012134 0.0152438 -0.0173324 0.00382261 0.00201656 0.000575111 0.00852798 0.00383308 -0.0125032 0.0137602 -0.0308749 -0.00437926 -0.0133403 0.00948495 0.0331982 0.0288086 0.0240796 -0.0116867 0.00831612 0.0209383 0.00963314 0.0171433 0.0221455 -0.00506457 -0.000786735 0.00664207 -0.0155841 -0.0091636 -0.0130243 -0.00473712 -0.0233112 -0.0163248 -0.010159 
-0.0182044 0.0202647 0.00043357 0.00415471 0.0099927 0.0309573 0.0104018 0.0247857 0.0187715 0.00107738 0.001227 -0.0263719 -0.00870385 -0.0150428 0.0134176 -0.0117515 0.0014104 -0.0319109 0.0160393 -0.0170041 0.0114255 0.00815268 -0.0232443 -0.000569839 0.0179568 0.0133514 -0.0128289 -0.0275504 0.0141553 -0.0321567 0.00632716 -0.0116305 0.000879839 0.021555 -0.0144928 0.0125573 -0.0504152 0.000255367 0.00524835 0.0132786 0.00930321 -0.0119797 -0.0178409 0.0130139 0.0159381 -0.0280006 0.0127912 -0.0360714 0.0105418 -0.017251 0.00455583 0.00320304 -0.00731483 0.0268851 0.0167294 -0.0105293 -0.0110972 -0.0144218 0.00895024 -0.00453772 0.0153743 0.0420445 -0.0144779 -0.00336137 
-0.0156698 -0.0117362 -0.00252579 -0.0139129 -0.0182055 -0.0108664 0.00736139 0.0013901 0.0105822 -0.00900289 -0.0169529 0.00561444 0.000593768 -0.024355 -0.0391055 -0.0263733 -0.0189978 -0.0270984 -0.0175771 -0.00198461 -0.0245999 -0.00466371 0.0249748 0.0134736 0.00334369 -0.031144 -0.0291159 -0.00327927 0.0100771 0.0155361 0.0248817 0.0192651 0.0328157 -0.00437985 0.0057503 -0.00841238 -0.0114458 -0.0172873 -0.0161462 -0.00461168 -0.00404369 -0.00267001 -0.0036622 -0.0210927 -0.0323044 -0.0327503 0.0119118 -0.0023509 -0.00145986 0.00327429 0.0220314 -0.0239878 0.0143501 -0.0167471 -0.0422888 -0.0413365 -0.0381903 0.038018 0.00591966 0.0048609 -0.0362244 -0.0368632 0.0142313 0.00737274 
0.0147087 -0.00382558 -0.0417733 0.0178344 -0.0163711 0.0135327 -0.027712 -0.0187218 0.0253241 -0.0298057 -0.0320174 -0.0282805 -0.0328313 -0.0460438 -0.000228044 0.00491725 0.00697218 -0.0293658 0.0176533 -0.00786824 -0.026952 -0.0449259 -0.00727331 0.0155178 0.00383756 -0.0145461 0.0311082 0.0174335 0.047726 -0.00500858 -0.0460916 -0.00881571 -0.00920149 0.0161593 0.00557477 0.0205222 -0.0258746 -0.0323374 0.0163269 -0.0205141 -0.0101436 0.0248281 0.0237916 -0.023483 -0.0092423 0.00628203 0.00268917 0.0375612 0.00386462 0.0172456 -0.0209027 0.0185426 -0.000838554 -0.0199341 0.0286194 0.00192987 -0.0165761 -0.0554255 -0.00226525 0.0100182 -0.0295133 -0.00834469 -0.0231589 -0.00112294 
0.0221836 0.0141459 -0.0087631 -0.0133837 -0.000417535 0.00090031 -0.00864054 -0.0264098 0.0230014 0.0187082 -0.000296957 -0.00514947 -0.0178273 0.00657107 0.0357857 -0.0249324 0.0142298 -0.0239471 -0.0130447 0.02787 -0.00713553 0.00424361 0.0266556 0.00209021 0.0256835 -0.0101363 -0.0093093 -0.00153884 -0.0014909 0.0181186 0.00257364 0.0205207 -0.015244 -0.0360995 -0.0361138 -0.0184927 -0.0195062 -0.00639411 -0.0198417 -0.0125123 -0.0362684 -0.00435896 0.0111534 -0.0160814 0.0370593 -0.0116184 0.00392734 0.00468795 -0.0127577 -0.0202719 0.026305 -0.00500463 0.000607861 0.0059311 -0.011033 -0.0043859 0.0274548 -0.00837744 -0.00416269 0.0266565 -0.0136448 -0.0400552 0.0160774 -0.0155419 
-0.0278539 -0.0307077 -0.0139131 0.000138411 -0.00191453 -0.0517556 -0.00557678 0.00849599 -0.00961219 0.00386689 0.0189425 0.000816414 -0.020543 -0.0224764 0.0240612 -0.000416306 -0.00655453 -0.0296822 0.0182153 0.0232123 0.00885702 0.00904365 -0.0288782 0.0161409 -0.0112836 -0.0244512 -0.0405629 0.0444373 0.0199952 0.0133412 0.0224286 0.012827 -0.0225789 -0.0116795 -0.014391 -0.0112377 0.00909778 0.00596518 -0.00149808 -0.0203159 -0.0184096 -0.0130552 -0.0224108 -0.00677477 0.00796067 -0.00477143 0.00284243 -0.0039536 -0.00465519 -0.00905252 0.00738272 0.0301346 0.0057256 0.0124371 -0.016233 0.000539551 -0.00631745 0.00240909 -0.0019423 -0.0154108 0.000859068 0.0267617 -0.00653464 0.0190685 
0.0103744 -0.0254298 -0.0385214 0.00560726 0.00942373 -0.00642885 0.0310511 -0.00590888 0.0173207 -0.00358703 -0.00893993 -0.0193525 -0.0232842 0.038836 -0.00703751 -0.0406677 -0.0207581 0.00839438 0.028157 -0.00717822 -0.013098 0.00304377 -0.00580549 0.00985052 0.0020062 0.00766526 0.00119139 0.00423058 0.00412961 -0.00955406 0.033423 -0.0217675 -0.0433344 0.0128849 0.006317 -0.00387915 0.00737484 -0.0227274 -0.00787173 -0.0228609 0.00864888 -0.0326432 0.0305473 -0.00882758 -0.00654878 0.0132377 0.0440728 0.00822479 0.0152215 0.00202385 -0.00924464 0.0246173 0.0305046 0.00658816 0.00775695 0.00900106 -0.0159818 -0.0187906 -0.00464426 -0.032318 -0.0322104 -0.00838004 0.0332004 -0.0242776 
-0.00585278 0.00123158 -0.00224629 -0.00853668 -0.0343936 0.0124417 -0.0308579 -8.33313e-05 -0.0475035 0.0143325 -0.0154467 -0.0123932 -0.00715319 0.00901 0.00671629 0.0230611 -0.0206777 0.0285945 -0.0113026 -0.0308418 -0.0200611 0.0186868 -0.0264896 -0.00589728 0.00343258 -0.0234529 -0.0158081 0.00956126 0.00768684 0.0176483 0.00406616 -0.011719 -0.0094558 0.0209324 -0.00991013 -0.00491892 0.0072706 0.0380566 0.0270627 -0.0178409 -0.0256146 0.0227985 -0.0191024 -0.0132432 -0.00387684 -0.0171239 0.000706465 -0.00257447 -0.0087394 -0.0118806 0.0131926 -0.00535962 0.0196891 -0.0234404 -0.00837944 -0.00780264 0.00541455 0.0228295 0.0190345 0.00040596 -0.00959342 0.0132057 0.00284091 -0.0527585 
-0.00145267 -0.0220865 0.00855978 0.00895828 -0.00267542 0.00950778 -0.00865429 -0.0123675 -0.00333721 -0.04596 0.00656153 0.0186923 0.0288552 -0.000520498 -0.00466195 0.0302227 -0.0325685 -0.00156067 -0.000435139 0.0275339 -0.0280639 -0.011427 0.0178109 -0.0237539 0.03539 0.0611347 -0.0158693 0.0106056 0.0091234 0.00919226 -0.00886623 0.0129854 0.003566 -0.00346182 0.00210816 -0.0228648 0.0266234 0.00649604 0.00769838 0.0180963 0.0348413 0.00729123 0.00897733 -0.0391206 -0.0115002 0.0201158 -0.00739444 -0.00921548 0.0330607 0.0249596 -0.00675643 0.00608403 -0.0146718 0.0120731 -0.0354815 -0.0149817 -0.0279195 0.0516091 0.017645 0.0171014 0.00506065 0.0186647 0.00137676 -0.000765866 
-0.0318384 0.00943623 0.04451 -0.00609982 -0.0291547 0.0284738 -0.000701203 0.0135096 -0.00068968 0.00841942 0.012979 0.0178491 0.0178401 -0.014083 -0.0133569 0.00318204 -0.0660694 0.0278291 -0.0218818 0.0208726 0.00176208 -0.00687576 0.00859507 0.00421694 0.0322987 0.0114868 -0.0103144 -0.00243646 0.0206277 -0.0408943 0.0362241 -0.0185325 -0.0191742 -0.00283481 0.0334708 -0.0280739 0.0276653 0.0093267 0.00324329 0.0278247 -0.0031493 0.0160043 0.00866637 0.0387525 -0.0382927 -0.0145232 -0.00876743 0.0017156 0.0425496 -0.00770021 -0.0197233 -0.00650073 -0.0342455 -0.00841139 -0.0203602 0.00432833 0.0240008 0.0121967 0.00201361 0.0259514 0.0314414 0.0198208 0.0172166 0.0170819 
-0.00531379 0.0192151 0.0137918 0.0340334 -0.00382568 0.0140242 0.0202385 -0.025476 0.00948093 -0.00434586 -0.00583915 0.000368859 0.00740302 -0.0455266 0.0122617 -0.00396519 0.012056 0.00621535 0.0215416 -0.0105128 -0.00119868 -0.0137126 -0.0630058 0.0398378 0.00362298 0.0280902 -0.005852 -0.0050042 0.0204148 -0.00581935 -0.000850733 -0.0158558 0.037231 -0.0158564 -0.0225883 0.0156121 0.0210258 0.0366373 0.00909596 0.000658563 -0.0214794 0.0169909 -0.0212071 -0.0239848 -0.0169497 0.0121143 0.0193277 0.0317138 0.0140413 0.00805097 -0.014341 -0.00818743 0.0182078 0.0340215 -0.026972 0.013487 -0.0224192 -0.0223631 -0.0161115 -0.0108181 -0.0219096 0.0167102 0.014974 0.028734 
-0.0288403 0.0283957 -0.0185764 0.0182192 -0.0155494 0.0178584 -0.0156427 0.0196166 0.0200442 0.00258941 -0.0184722 0.0194156 -0.0263789 -0.0257911 0.0195112 0.000991505 0.0323182 0.0288284 -0.00917221 0.0223353 -0.036757 -0.00740728 -0.00719131 0.0213727 -0.0144277 0.0202965 -0.0211083 0.0348062 -0.0179648 0.00568265 0.00161328 -0.0355413 -0.0038417 0.0320434 -0.015672 0.0235922 -0.0214783 0.0277249 -0.0161902 -0.0242193 0.0439279 -0.00335209 -0.000879958 0.00628986 -0.0179533 0.00142767 -0.0207807 0.038719 0.00778238 -0.0353864 0.0285384 -0.0130488 0.0143539 0.0229672 0.00822146 0.000510253 -0.0102976 -0.03934 0.00574589 0.0152976 0.0498047 -0.0114481 0.0233939 0.0216484 
0.0179633 -0.00264904 0.00807565 -0.0196746 0.0312921 0.0242895 0.0326341 -0.0195939 -0.0114276 -0.0264325 -0.0120846 -0.0127719 -0.000499775 -0.00994534 0.0262682 -0.0228915 0.00342231 -0.0200538 -0.0530168 0.00393603 0.0165976 0.038806 -0.0416534 0.00904799 -0.00124289 0.00771899 -0.00948315 0.00526257 -0.00703372 0.00269651 -0.0121437 0.0275998 -0.0297393 0.0130623 0.00934665 -0.0279371 0.0102589 -0.0102956 -0.0121529 0.0384452 -0.0203372 0.00333933 -0.0541693 -0.00414156 -0.0342945 -0.0198696 0.021471 0.0145763 -0.00132902 0.0206327 0.0183742 0.028862 -0.0212339 -0.0107646 0.036939 -0.00773327 -0.0192388 -0.00575462 0.0162283 0.0114581 -0.00842093 -0.00452335 -0.0157855 -0.00601892 
-0.00336032 0.0155197 -0.0146896 -0.0173311 0.0180771 -0.00744517 0.0114152 -0.00664604 -0.00502474 -0.0231054 -0.00735944 0.0186442 0.0188768 0.00623891 0.00450237 -0.0444066 -0.0173233 0.0201678 -0.00946023 -0.0308399 -0.0140251 -0.000347169 -0.0216481 0.0207879 -0.0213723 0.0134712 -0.00165518 0.0204849 0.00666417 0.0108138 -0.0222633 -0.0110145 0.00352514 -0.00448782 0.0289127 0.00936361 -0.00764318 0.0122104 -0.0276609 -0.00323993 0.000801296 -0.00162141 -0.0169843 -0.00603058 -0.0012612 -0.0339804 0.00445916 0.0291204 -0.00925259 0.0488061 0.021763 -0.00628572 0.0285354 -0.0133163 -0.00948798 0.0111165 0.0111756 -0.0210967 0.0202419 0.00340344 -0.0171923 0.00843699 -0.0247765 0.0115172 
0.0435058 -0.0138765 -0.0178064 -0.0230522 -0.00442828 0.0380589 0.0111322 -0.00498479 -0.00680197 0.0272767 0.00540144 0.00737222 0.00370665 0.013317 -0.000367117 0.000859752 0.0175807 -0.0189212 -0.00658495 0.0380878 0.0319607 -0.0212369 0.00664781 -0.0107826 -0.0419262 0.00257708 -0.00323083 0.0257645 -0.0141226 0.0157791 -0.0280811 -0.0453 -0.00598036 0.0103806 0.0305156 0.00249023 -0.0400056 -0.00595376 0.0239355 0.0249625 -0.000728727 0.00923781 -0.0310203 -0.0157253 -0.00719625 0.0381637 0.0181885 0.0145754 -0.0449645 0.0127483 -0.0408095 -0.020347 0.0342632 -0.00522956 0.0253847 0.0165495 -0.0255711 -0.00478031 -0.00636089 -0.0373521 -0.0164859 0.00778195 -0.00663502 -0.0118624 
0.00578384 0.00300076 -0.016281 -0.0125929 0.0263388 -0.00713277 0.018019 0.0176341 0.0339217 0.00984569 -0.0201312 0.0246659 0.0352575 -0.0125763 -0.00719581 -0.0262864 -0.0456237 -0.00980316 0.0011332 -0.0268527 -0.00598747 0.00251197 0.0316625 0.0330168 -0.0102679 0.0125492 -0.0317692 -0.00296959 -0.0450433 0.00416036 0.0272062 0.00671609 0.00975296 0.00499009 0.00636542 0.0076357 0.0101369 -0.0259751 0.0115544 0.000265985 0.013675 0.0114801 -0.0213193 -0.0166351 0.00499722 0.0116344 -0.0171679 0.00144215 0.0162645 0.0115411 -0.0413043 -0.0111909 -0.0335432 0.0487414 0.00957245 -0.00431321 0.0183264 -0.0176285 -0.0402593 -0.0102671 -0.00731855 0.00236452 0.0071751 -0.0167062 
0.0204445 0.000534799 0.0108255 -0.00893854 0.0123432 -0.0191542 -0.00718292 0.00417314 -0.0363671 -0.00562169 -0.00638769 0.00299548 0.00298431 0.0275213 -0.0083443 -0.0115504 0.0218067 -0.00862132 -0.0290129 -0.0305242 -0.021953 -0.00517007 0.027122 0.0199989 0.00310764 0.0398607 0.00373266 -0.0108139 -0.0237702 0.0147447 0.0228279 -0.00462919 -0.00706669 0.0275851 -0.00482918 0.00452243 -0.0257959 0.0175626 0.022439 0.0220179 0.0159916 0.0541819 -0.02392 -0.000880974 -0.00656816 0.00132946 0.0010327 0.0123801 -0.00232719 0.00415263 -0.0253879 0.0109043 -0.0368565 -0.00392115 0.0386764 0.0177759 -0.000751686 0.00566606 0.0313816 0.000194573 0.0047874 -0.0120506 -0.0206335 0.0449602 
-0.00132723 0.00937212 0.0452221 0.0254491 -0.0195343 -0.015223 0.022295 0.0180241 0.0257725 0.0317961 -0.0162743 -0.00588678 0.0175687 0.0236603 -0.01803 0.00342904 0.00431898 -0.0108733 -0.000651795 -0.0309571 -0.00854324 -0.0107899 -0.0195922 0.00392471 -0.0245254 -0.0327511 0.0062346 -0.0688908 -0.00525775 -0.00541977 0.000371039 0.0280612 0.00936936 0.015638 0.00327223 -0.0232069 -0.0304905 0.0364375 -0.0146286 -0.0184172 -0.00897649 0.0251509 -0.00625658 -0.0183065 0.0204613 0.0181323 0.00199942 -0.0392359 -0.0121835 0.0255199 0.0222565 0.0227186 -0.0114139 -0.0183444 0.010675 0.0199309 -0.0414144 0.0199041 0.0187263 0.0125094 -0.0140669 0.0103172 -0.00119943 -0.00882064 
0.0205962 -0.00605641 -0.0134411 0.00422126 0.0324548 0.00506036 0.032569 0.00785454 0.0298805 0.0137839 -0.0114057 -0.00710117 0.0244644 0.0205404 0.0120967 -0.00928592 0.0071555 0.00566744 0.0214763 0.0390132 0.0178955 -0.0171649 -0.00633315 0.0195154 0.00694366 -0.0175795 -0.0108183 0.00490156 0.0387124 -0.0253624 0.00513932 -0.00326262 0.00195626 -0.00777206 0.0360807 -0.0117086 0.0338027 -0.00485926 -0.0212939 0.0178902 -0.0223658 0.0183657 0.00719955 -0.0231914 0.0293461 0.036141 0.00651129 -0.00485978 0.00943092 0.0243447 0.00504693 -0.0242512 -0.0271044 -0.00366389 -0.00476573 -0.0203355 0.0325597 -0.011021 -0.00716885 -0.00945785 0.00910363 -0.0119854 0.00788553 -0.0212192 
-0.00626856 -0.0191342 -0.00342562 -0.0148735 -0.00523733 0.000636078 -0.0108476 0.0033134 0.0202333 0.0127677 -0.00131942 0.018327 -0.00898955 0.0129153 0.00168883 -0.0171444 0.00576554 -0.00231045 0.0260003 -0.0208032 -0.00655426 0.0208942 -0.0289406 -0.00921027 -0.000226332 -0.013187 0.0142758 -0.00445216 -0.0151057 0.0148847 -0.0158538 0.0125607 -0.0209845 0.0276861 0.0237285 0.00734499 -0.0364679 0.0374693 -0.00366165 0.0223386 -0.00307849 0.016072 -0.00909242 -0.0468038 0.00639951 0.0138743 -0.0183642 -0.0166802 0.020235 -0.0521669 -0.0024571 -0.0357012 -0.00313743 0.0118709 0.0340788 -0.000463354 -0.0157046 -0.00285037 -0.0186479 0.0476763 -0.00373368 -0.0239449 -0.0014758 0.00734137 
-0.0253076 -0.0146685 0.0419349 0.0376974 -0.0171325 0.0250627 -0.016258 0.0203236 0.000588764 -0.0279431 -0.00292723 -0.00966888 -0.0284283 -0.03181 -0.000919434 0.0119315 -0.0262269 -0.0118023 -0.00159068 0.0289548 -0.00913548 -0.0240349 0.0319657 -0.00180801 0.00835522 -0.0380515 0.0171802 -0.0154062 -0.0345023 0.00802305 0.00924163 -0.000849525 -0.0383941 0.0250603 -0.0346775 0.0184762 -0.0144702 -0.0307873 -0.00474156 -0.0136377 0.0159053 0.00802283 0.0338493 0.00220523 -0.0126148 -0.0428937 0.0291778 0.0410018 -0.0170131 -0.0162987 0.0337484 0.0214257 -0.00173764 -0.00669244 0.0180921 0.0149719 -0.010711 -0.00378349 -0.0184375 -0.0169514 0.0210235 0.00474311 -0.028016 0.0384838 
0.0235532 0.00195112 0.000613725 -0.0082192 -0.00254766 0.019784 -0.00791722 -0.0111848 0.0232418 0.00576244 -0.0304332 -0.00134346 0.0166021 0.00502804 -0.0207257 0.00558966 -0.0218476 0.00361323 -0.015715 -0.00158752 0.0310106 0.000661903 0.0575106 0.0496807 -0.000429259 0.0181954 0.00792977 -0.0193594 0.0122297 -0.0221197 0.0349338 -0.00599447 0.00364648 -0.0195243 0.00441704 0.00222215 0.00690251 0.0170685 0.0114556 -0.00671648 -0.0139686 -0.0414308 0.00994181 0.0395393 -0.035316 -0.020275 0.00932058 0.00105088 -0.0188122 0.0206674 -0.0158229 0.0167589 0.0237582 -0.0128994 -0.0600041 -0.00279238 -0.00647046 -0.00495597 0.017931 0.00805144 0.00399105 0.0039813 0.011499 0.00229834 
-0.0183723 -0.0177797 -0.00662782 -0.00666278 0.0169504 -0.00835256 0.0201377 -0.0491745 -0.000843272 -0.0184363 0.0211231 -0.0250268 0.0194507 -0.0250339 0.0163269 0.0523385 0.0130164 0.020631 0.0223386 0.0164358 0.00371845 0.00108981 0.0142586 0.00853009 0.0196774 0.00438845 -0.0238199 -0.0181047 -0.023919 -0.0172961 -0.000393143 -0.0157199 -0.00779052 -0.0228892 0.00792875 -0.0249 -0.00785167 0.010725 0.0365594 -0.042233 -0.029281 0.0255271 0.00727499 0.0117134 -0.0103375 -0.028482 0.00842911 -0.00943141 -0.0247474 -0.00333572 -0.0178701 0.00435363 -0.0126008 -0.014903 -0.021033 0.00688605 0.0125018 -0.0239477 0.0132741 -0.0244656 0.00368111 -0.0129647 -0.00461028 0.00788791 
0.0272391 0.00628164 -0.0182388 -0.00343255 -0.0103739 -0.0258591 0.0022248 0.0276383 -0.0113398 0.009686 -0.0230033 0.0104193 -0.0184715 0.00333918 0.00193685 0.00937639 -0.00462028 -0.00311371 0.0331912 0.0175075 -0.00397413 -0.0642398 0.00441376 -0.00934991 0.0258575 0.0191689 -0.00931655 -0.0216778 -0.00308392 -0.0176313 0.00291128 -0.00893359 -0.0243565 0.0288063 -0.00684023 -0.0120468 -0.000604302 -0.00983027 0.0279643 -0.0238168 0.00719848 0.00648646 -0.00023425 -0.0483153 0.0128592 -0.0173555 0.0146432 0.0185845 0.0159358 -0.00442556 0.00841722 0.0216747 0.0318813 0.015652 -0.014875 0.0228054 0.0286542 0.0202179 -0.0153429 0.00792256 0.018258 0.0152722 -0.0143984 -0.010179 
0.00983609 -0.0158599 -0.00259452 0.0257902 -0.000755288 0.0100525 -0.0034291 -0.033601 -0.00785892 -0.00205819 -0.0278792 0.0146778 0.0216788 0.00587161 0.00394718 -0.0282302 -0.00584348 0.035127 -0.0127756 -0.00702171 0.00601813 0.010838 0.0176817 0.0150787 -0.0168161 0.00540921 0.00864063 -0.00322628 0.0100426 -0.0278613 -0.0198929 0.00391725 0.0537747 0.00328626 -0.0124242 -0.0301289 0.0546166 0.000534944 0.000641655 -0.0128513 -0.019267 -0.0109682 -0.00733997 0.00170176 0.00756074 0.0037887 0.00053824 0.00780386 0.00281451 -0.0298775 0.0328312 0.0258562 -0.0101622 -0.0022272 -0.0263176 0.0372411 -0.00996978 0.0204636 0.00221886 0.0121215 -0.0058309 0.0177682 -0.00157024 -0.0379338 
0.0380054 0.0185876 0.0234832 0.0204392 0.0245789 -0.00297435 0.00434672 0.00363636 -0.0216855 0.0134712 -0.00400426 0.012764 -0.00300676 0.0137423 0.00299825 0.0349699 0.000709181 0.0101631 -0.0180596 0.0132251 -0.0112516 -0.0130818 0.0232161 -0.010987 -0.0270783 0.0141394 -0.0251406 -0.00804438 -0.0151563 -0.03993 0.00138285 0.0152838 -0.0212899 0.00450204 0.0167619 0.0108992 -0.00632088 -0.00262148 0.00975402 -0.00362493 0.0468546 -0.0103914 0.00204436 -0.0153077 0.0030163 -0.0215678 0.0369196 0.0123496 -0.0386377 -0.00368656 0.0388445 0.0132886 -0.00954839 -0.0209171 -0.0301346 0.0104802 0.0220666 0.0134846 0.0293593 -0.0118033 -0.0144723 0.00451138 -0.0104157 -0.0238128 
0.020002 -0.0189173 -0.0315938 0.00710366 0.0213675 0.00234219 -0.010991 -0.00121498 -0.0250429 -0.00650863 0.0137655 0.0358964 -0.0246263 -0.00102545 0.024287 0.00796804 -0.00254375 -0.0152437 -0.00774842 -0.0405743 0.010121 0.0260801 0.00898496 -0.0158932 -0.0101316 0.00529023 0.0196081 -0.0214252 -0.00802157 0.019486 -0.0030179 0.0262483 0.0131171 0.0180396 0.00260198 -0.00680419 0.00461187 -0.0100714 0.0100777 0.00907652 0.00438396 -0.0266957 0.0239229 -0.0536582 0.00875137 0.00110094 0.00506314 0.0118884 0.0263642 -0.0252113 -0.0294097 -0.0137282 0.011498 0.00956159 0.0215595 -0.00518708 -0.0412483 -0.019828 -0.0222616 0.0210361 -0.00894628 0.0327796 0.0343596 -0.0253353 
0.0193712 0.00941788 0.00365394 -0.0263207 -0.0212655 0.00737088 0.0311307 -0.00739207 -0.0113063 -0.00794233 0.0155306 -0.00366188 -3.44362e-05 0.0433524 0.029764 -0.0142557 0.00144409 -0.00805052 -0.0230841 -0.00980394 -0.0234033 -0.000395751 -0.010105 0.0120639 0.0217583 -0.0355787 -0.0221695 0.0174259 -0.0102334 0.0289483 -0.00456076 0.018517 0.0574065 0.0230256 0.0179046 0.0570903 0.000818402 0.00164199 0.0170789 9.09517e-05 0.00168347 -0.00632479 -0.0329976 0.00262944 0.00407157 -0.00915458 0.0212441 -0.0165321 0.0144235 -0.0251969 0.0119609 -0.00543318 -0.00747129 -0.0143206 -0.0439175 0.014696 -0.0248859 -0.0238878 -0.0263968 0.0108835 0.0122061 -0.0393447 -0.00502313 -0.0230024 
0.0155167 -0.0291534 -0.011013 -0.0145496 -0.0318517 -0.0259035 -0.00726347 0.00692491 0.0226488 0.00869889 0.0244052 -0.000823399 -0.0132808 0.0110377 -0.00981494 -0.048468 0.00716918 0.0193927 0.041092 0.00487974 -0.00419845 -0.0228631 -0.029464 -0.0243392 0.0404396 0.0218157 -0.0181653 -0.00778881 -0.0160172 -1.28257e-05 -0.0198086 -0.0369931 0.00496388 0.00366218 0.0120733 -0.0303469 -0.0266261 -0.0304408 -0.0130858 -0.0014636 0.0637081 -0.0117082 -0.0298946 0.00538964 0.0194385 0.00297286 0.0353536 -0.0161034 -0.0182766 0.0122793 -0.00435174 -0.0140149 -0.0147598 -0.00670504 -0.0356791 -0.00360928 -0.00181628 -0.00974634 -0.00355648 0.00573799 -0.017475 0.00975038 0.00118074 -0.0216907 
-0.0137829 -0.000633243 0.00266872 0.00805856 -0.0327219 -0.0393621 -0.0103064 0.000991893 -0.00442784 -0.0240619 -0.0204674 -0.00584605 0.0229093 0.0125198 -0.0385354 0.0236086 0.00403963 -0.0123353 -0.0756142 0.00814476 0.00121484 0.0235456 0.00336508 -0.00163863 0.031691 0.0373301 -0.0148585 0.0140005 -0.0380515 0.000704595 -0.00603638 -0.000897708 0.00792576 -0.0117072 -0.0130919 -0.0140884 0.0136174 0.021899 0.0158114 0.0117789 -0.0182241 -0.00637589 0.00984573 0.0171894 0.0196517 -0.0146867 0.0148926 0.00317461 -0.00644096 0.0551004 0.00274722 0.0464454 -0.0299209 0.0091439 -0.00352894 0.0058316 0.0400264 -0.00237731 0.0198 -0.0114378 0.0439044 0.0152137 0.0221482 0.00714394 
-0.0144499 -0.00983164 -0.0166314 -0.0104804 0.0106716 -0.0306281 0.00221538 0.0365802 -0.0313101 0.0185292 0.015435 -0.00840014 -0.026523 -0.014547 0.00934824 -0.0326673 -0.0189518 -0.0592209 0.01345 0.0197503 -0.000567242 0.0219276 0.024795 0.0294309 -0.00274868 -0.0047835 0.00212903 0.0353944 0.0337589 -0.0231316 -0.00271115 0.0236255 -0.0139524 0.0215524 0.0118061 -0.00943231 -0.0289142 0.019295 0.0340527 0.0143656 -0.000689113 0.00982192 -0.00594523 -0.0162035 0.040716 -0.027029 0.00798759 -0.00551099 -0.0171661 0.0103988 0.0372389 0.0153095 -0.00880549 0.00960527 -0.00178813 0.0133807 -0.0229067 0.0263212 0.0189339 0.0303154 0.0169697 -0.0372562 -0.024601 -0.00754818 
-0.00559095 -0.0367137 -0.015168 0.00396414 -0.00848793 -0.037243 0.000758629 -0.0244864 -0.0048623 -0.0076887 0.000473785 -0.0254679 -0.0155045 0.00315427 -0.000722278 -0.0247625 0.0162824 -0.0106102 0.00762001 0.00326054 0.00155261 0.0272457 -0.0140258 -0.0151956 0.0118664 0.0321757 -0.0245747 0.0236853 -0.00514725 -0.00521114 -0.0170165 -0.0242839 0.00611482 0.03543 0.0145495 0.012048 -0.00143324 -0.000467196 0.000626571 0.0120133 -0.0294266 0.0228288 -0.0118344 -0.0220439 0.00416255 -0.0127813 -0.00670698 -0.0204761 0.0371119 0.0190218 -0.000821096 0.0225262 -0.00568463 -0.0251862 0.0227011 0.0204311 0.0469098 -0.0167887 0.0114353 -0.0267552 -0.0104198 0.00228671 0.0344927 -0.0476235 
0.0247563 -0.0127213 0.0097968 -0.0593419 0.0205017 0.00618643 0.0228566 -0.00247222 0.0314097 0.0546322 -0.00286617 0.00495973 -0.00491091 -0.00125788 0.00654909 0.0280199 0.00878899 -0.00676296 -0.0101514 -0.0111546 -0.00883217 -0.0353557 -0.0114581 0.0137001 -0.00362203 0.00529839 0.0238531 -0.0119677 0.00531219 0.00737696 0.00322902 0.00721004 0.0080554 -0.0279071 0.00412147 -0.00990865 -0.0309381 0.000688368 -0.0122568 0.00606563 -0.0147591 -0.0388617 -0.0128013 0.0197012 -0.0213458 -0.00682896 -0.00578329 0.0219014 -0.00069882 0.00740412 -0.0209033 0.00805813 -0.024075 0.0216906 -0.0339432 -0.0198082 0.0300105 -0.00894043 0.0152565 0.0608547 -0.00835024 -0.0375784 -0.020042 -0.00798495 
-0.0211719 -0.015796 0.00849967 -0.0287366 -0.0449219 -0.0199628 0.000249779 -0.0336431 0.00157085 -0.0177343 -4.79923e-05 0.0245259 -0.0173857 0.0166491 -0.0135338 0.0178031 0.0142772 0.00273033 0.00888315 0.0333782 -0.000839935 -0.0148628 0.0208917 4.88478e-05 0.0353719 -0.0246203 0.00736955 -0.000532374 0.0138772 0.0174609 -0.0187521 0.0129841 0.00738685 0.0193757 0.00469764 -0.0166219 0.0344067 -0.00613526 -0.00136324 0.000660893 0.00507335 0.01767 0.00302703 -0.00782938 -0.00648726 -0.0130376 0.0508179 -0.0201793 0.0118793 0.0120765 0.0170466 -0.00996763 -0.0487357 0.0108572 -0.0168837 0.0284907 0.0265174 -0.0103257 0.018797 0.00423939 -0.0202926 -0.0305339 0.0177624 0.0123361 
-0.00347814 -0.00581315 0.0113324 -0.0276265 0.000450702 -0.000226286 0.00979979 -0.0371542 -0.0102915 0.00171697 0.0190731 -0.021366 -0.00742184 -0.0118985 -0.0175878 -0.0193076 0.010958 0.0179391 -0.0011254 0.00383281 0.0199894 0.0414895 -0.0205654 0.0308824 0.000156665 -0.0222477 0.00674895 -0.00504758 0.00129566 -0.0188922 0.0133774 0.0476308 -0.0134332 0.00794184 -0.00666099 -0.0366078 0.0381435 0.0280386 0.0254526 -0.0200393 -0.0180053 0.00306415 -0.0114846 -0.0231619 0.00363189 -0.012116 0.0332426 -0.0105429 0.00263695 0.0190969 -0.0266258 0.0349472 -0.0314041 -0.0331991 -0.0209539 -0.00595657 0.0133764 0.0177219 -0.0461967 -0.0527132 -0.0100038 0.0156341 0.000358234 0.0246754 
0.0270665 0.0153062 0.010444 -0.0416544 0.00847677 0.0160587 -3.72892e-06 0.00840696 0.00976349 -0.00410641 -0.011147 0.0150418 -0.00832036 -0.0154572 0.0168277 0.00452332 -0.00206088 0.000912207 0.0295295 0.0223551 0.0501461 -0.045044 -0.00449093 0.00570423 -0.00990498 0.0243165 0.0156946 0.0041211 0.0127667 0.0106331 -0.0438872 0.00754679 0.0200598 0.024477 -0.0144535 0.00144328 0.0313863 0.0589389 0.00662675 -0.0354677 0.0165729 -0.0408183 0.00606624 0.0127847 0.000386493 0.0267758 0.00581498 -0.00453027 -0.0053531 -0.0014859 -0.0216854 -0.00920125 -0.0183871 -0.0111792 -0.013577 -0.0404388 -0.00670634 0.0205282 0.0220215 -0.00653975 -0.0214952 0.0247863 -0.0109563 0.0330917 
-0.00443347 -0.0211091 0.00307993 -0.00928368 0.0341994 0.00538203 0.00837801 0.00667788 0.00191219 -0.00421014 0.00818573 0.0256789 0.005502 -0.0148816 0.0186716 -0.00352654 0.00802919 -0.0118949 0.00986819 0.00883367 0.0145973 0.000688057 0.0262542 0.00205986 -0.0015622 -0.000493918 0.00309956 0.00956486 0.0191959 0.0428667 0.0167083 -6.84855e-05 0.0254202 0.021498 -0.00563054 0.0113133 -0.0343459 -0.0115828 0.0106851 -0.0289878 -0.0310249 0.00775044 -0.0163609 -0.000527188 0.00799025 -0.0335906 8.14821e-05 -0.0221242 0.00579943 -0.0123162 -0.00296802 -0.00626994 -0.0371111 -0.0228305 0.00454133 -0.0184081 0.0528393 0.0177176 0.00487612 -0.0417558 0.029014 0.00594616 0.00897208 0.00540069 
-0.0110953 0.00496756 0.0244485 -0.0028844 -0.00649191 -0.0350012 -0.0205631 -0.00541168 -0.00550513 -0.0183536 0.0040431 0.0199812 0.000857335 -0.0122481 -0.0154303 -0.0204423 -0.0177075 0.00593315 -0.0040292 -0.0207885 0.000552243 -0.0138085 0.0132975 0.00171483 0.01003 -0.00872639 -0.00617324 -0.0309407 0.0343787 -0.0182448 -0.0321638 -0.0456057 -0.0290464 -0.030474 0.0169726 0.0148303 0.0452238 -0.0171374 -0.0292852 0.000193209 0.0317277 0.00632943 0.00109647 0.00178366 0.0395302 0.0122667 0.0228535 0.00645851 0.0256064 0.0069066 0.00790938 0.00671555 0.0271243 0.0183816 -0.00196091 -0.0114023 0.0136041 -0.0122076 0.0260327 0.00596741 0.0211518 0.0206352 0.00819932 -0.0026718 
0.0127955 0.011 -0.0222401 0.00887408 -0.00454375 -0.0113835 0.0275202 -0.00685767 0.00656115 0.00906643 0.00808467 0.00679746 -0.011008 -0.0267379 -0.00885907 -0.000549336 0.00737768 -0.00113245 -0.0239763 0.0213132 -0.0153751 0.00650323 0.0108581 -0.00685622 -0.0143468 0.00492251 -0.0268611 -0.00327484 0.0166158 0.000341922 0.0157371 -0.0218877 0.0216352 0.000817785 0.00947803 -0.0212734 0.0105016 0.0335918 -0.0124264 0.0242763 -0.00220265 -0.0127044 0.00967553 -0.0426785 -0.00856589 -0.0253226 -0.00706632 0.0335332 0.0243524 -0.00410546 0.0168912 0.00637463 0.025353 0.00753355 0.0144171 0.0309159 -0.0200754 0.0310699 -0.0197998 -0.000462728 -0.00211338 8.98491e-05 -0.0128662 -0.0342966 
-0.006229 0.0280676 1.45226e-05 -0.00291989 -0.00866442 -0.0276167 -0.00171284 -0.0161633 0.0316921 -0.00373199 0.0206021 0.0221632 0.0318144 0.00943438 -0.00340269 0.0122649 -0.0157511 0.00638078 0.00810101 0.0138097 0.0436756 -0.0106743 0.00432493 -0.0117832 0.039444 -0.0152677 0.013004 0.0102364 -0.0037889 -0.0310969 0.0257425 -0.00811947 -0.00544087 0.0143655 0.0039134 -0.0118355 0.0287033 0.00485293 0.00170656 -0.00332184 0.00409794 -0.0404949 0.0174774 0.00805725 0.0083689 -0.00950915 -0.0192427 -0.021586 0.0347138 0.0250542 0.00500394 -0.0101735 0.00347719 -0.000348584 0.010833 -0.0320413 0.0221432 -0.0153857 -0.0164759 -0.000322748 0.00292291 0.037444 0.0177442 -0.0193068 
0.0314788 0.014274 -0.000803304 0.00238919 -0.0169507 0.0295881 -0.000412403 -0.0216559 -0.0142317 0.026367 -0.0080893 0.0445066 -0.0214188 -0.0146279 -0.0181249 -0.00859757 -0.0185256 -0.0247705 -0.00538557 0.00688782 -0.0333146 0.0144705 -0.0184264 0.013396 0.0102486 -0.00496662 0.000343706 0.0159034 0.00187226 0.0106759 0.0166319 0.0300661 -0.0118936 0.0056863 0.010316 -0.00978514 0.0132372 -0.00166272 0.00879557 0.0115097 -0.0109476 -0.017211 -0.0176054 -0.0130217 -0.0123729 0.00786855 0.0134662 -0.0316976 0.00672143 0.0515824 -0.0303598 -0.00138399 -0.00282229 -0.0227572 -0.00387448 -0.0187227 0.0055938 -0.0170779 0.010008 -0.00326335 -0.0214382 0.0176133 0.0094686 -0.039327 
-0.00127198 0.0113809 0.0129264 -0.00200437 -0.0218315 0.0135713 -0.0243398 0.00982848 0.0143873 -0.00177791 -0.00563349 -0.00615554 -0.00117121 -0.0247738 -0.0101622 -0.00011879 -0.000943528 0.0117383 0.00429468 -0.0133152 -0.0260331 0.00584548 -0.0190122 -0.00507611 0.0253135 0.00877984 -0.00257477 -0.0115734 -0.0160088 0.0201949 -0.0254146 -0.000318737 -0.00227939 -0.0105371 0.00568433 -0.0103091 0.0322826 -0.000575458 0.0208263 0.0199413 -0.00990278 0.0272044 0.0323443 -0.00333446 -0.0338133 0.00691861 -0.00858276 0.0412305 0.00098088 -0.0256502 -0.0010173 -0.0341941 -0.00377496 -0.00645498 -0.0117298 -0.0363946 0.00651026 0.0226225 -0.0127885 -0.00948854 -0.0301563 -0.0380813 0.00747054 -0.0261856 
-0.0494164 0.0204058 -0.00595985 -0.0164239 -0.0214749 0.0146032 0.0027772 0.0283385 0.0404168 0.00217213 -0.0277466 -0.0257741 0.0233763 0.00301045 -0.0035054 0.0241617 -0.0223365 0.0286573 0.00990057 0.00970979 -0.0027408 -0.0351792 0.0239994 -0.0221401 0.0240773 0.00140089 -0.0205126 -0.0287251 -0.0085423 -0.00982707 -0.0101576 0.00100516 0.000217842 0.0437723 -0.045663 -0.0032763 0.0158283 -0.00614926 0.0200556 -0.00380899 -0.0306566 0.0195207 -0.0119217 0.0128797 -0.033391 0.0163297 -0.0146199 0.0288229 0.0348418 -0.0242767 0.00893481 -0.0314802 -0.0425672 -0.0387754 0.00897707 -0.00373435 -0.00921152 -0.0262256 -0.0230892 -0.00323368 -0.00332673 0.000718492 -0.0183311 -0.00212955 
0.0291104 -0.00149946 0.00196571 -0.014719 0.0238443 -0.00739632 0.00955081 0.0253806 -0.00329814 -0.00407359 0.0175909 0.00395775 0.00498957 -0.0238258 0.0192955 -0.00437317 0.0343538 0.00932596 0.0226344 0.0242646 -0.0018933 0.000801658 -0.00800317 -0.00372495 0.0146186 0.0274821 -0.0308632 -0.0224794 0.0246131 -0.00362692 -0.00946897 0.0200624 -0.00892348 0.0150342 -0.0165175 0.0129669 -0.0256167 0.0103076 0.00674981 -0.0133995 -0.0155197 -0.00678321 -0.00286486 -0.0207121 0.0362761 -0.0128812 0.0121774 -0.0408484 -0.0197807 -0.0235899 -0.00528007 -0.0169322 -0.0196928 0.0187887 -0.00419788 0.0192154 -0.0100033 0.0118499 -0.00319333 -0.0121105 0.0565642 0.0367436 -0.0213901 0.00508684 
-0.00941553 -0.00326478 0.0135425 0.0131754 -0.0103409 -0.00777164 -0.00787473 -0.00261249 -0.000199072 0.0227149 0.0228996 0.0189547 0.00981189 0.0179195 0.00301408 0.0149466 0.00993031 -0.00869865 0.0236603 -0.016767 -0.00741327 -0.0146564 0.00886663 -0.0196122 -0.0160562 0.0133537 -0.00943452 -0.027726 0.0219801 0.0545774 0.0150219 -0.0108816 -0.00437741 0.00815352 0.0194693 0.000100579 -0.011834 0.0115594 0.0283971 -0.0578185 -0.0290862 -0.0140131 -0.00343781 -0.00784561 -0.00698317 -0.0036393 0.0168208 -0.0146304 -0.00667895 0.00591951 -0.0190524 0.0130366 0.00316485 -0.0329777 0.0358844 -0.0184946 0.0207662 -0.0157984 -0.0191031 0.0274034 0.0130367 -0.0307428 2.74303e-05 0.0403199 
-0.0268296 -0.0240357 -0.0102402 0.0101973 -0.0171505 -0.00130623 -0.0185278 0.0117028 0.0164575 0.0108961 0.00235733 0.0311329 -0.00153506 0.0205072 -0.0227512 0.00020435 -0.00515168 -0.0133183 0.0322308 -0.00682249 0.00986072 0.000240053 -0.00705476 0.0377742 -0.00313688 0.00191663 0.00809794 0.00579646 0.0139491 0.0371719 -0.0122559 0.00298317 0.0201118 0.00657511 0.0350877 -0.0106424 -0.0190377 0.0249193 0.0293437 0.0271433 0.0167809 -0.056675 -0.0385321 2.94869e-05 0.0224132 -0.0322861 -0.00488683 0.0137586 0.0178977 0.0210657 0.00224541 0.0181995 -0.0092232 -0.014977 -0.0163365 0.0261397 -0.00162872 0.0173184 -0.00733663 -0.00099319 -0.027476 0.0228551 -0.000625152 -0.00512204 
-0.0341437 -0.00242322 -0.0385861 0.000392788 0.0308694 0.0177435 0.0252648 0.00339319 0.0163754 0.00879021 -0.00986839 0.0102544 0.0298493 0.00237139 0.0034499 0.00135222 -0.001909 0.00322728 0.0262131 0.0397256 0.00214885 0.0178334 0.0127696 0.0145245 -0.00282553 -0.00432548 -0.0189704 -0.0106051 0.0291119 -0.0121892 -0.024365 0.00493409 0.0291001 0.0152783 -0.0361606 0.0358018 0.0240138 0.0301799 0.0131898 0.0477605 -0.0551377 0.00151212 0.0360747 0.00149724 -0.0189711 -0.0166303 -0.00612937 0.00422663 0.0204917 -0.0235596 -0.0204781 0.0146935 0.0212595 0.0282536 -0.00403684 0.00860693 -0.0372965 0.00466099 -0.0122937 0.00874511 0.0111119 0.0129761 0.0154901 -0.00101778 
-0.030342 0.0223619 0.0167746 -0.0180461 -0.00249789 -0.0100545 -0.00994304 0.00872503 0.0226217 -0.014027 0.00272853 0.00261893 -0.0363982 0.00974223 0.0465664 -0.0221112 -0.0354727 0.021292 -0.014764 0.0399931 0.00900869 0.0405869 0.012787 0.02431 0.00821932 -0.0137465 -0.00745947 -0.00827266 0.00869873 -0.0550207 -0.0541087 -0.0332647 0.00275766 -0.0186128 -0.0158177 -0.010773 -0.00292059 0.00683441 -0.0294666 0.0177042 -0.0127487 -0.0146353 -0.041584 -0.0407483 0.015924 -0.0120783 0.000952488 0.0185635 0.0275643 0.00855772 0.0178961 -0.010359 0.0246819 0.0147044 0.0265696 0.00795291 0.0212888 0.0108825 -0.00181217 0.0112549 -0.0181176 -0.0129363 -0.00187427 0.0093159 
0.0176949 0.00446673 -0.000994545 0.00666487 -0.000779043 0.0172893 -0.00047156 -0.00398518 -0.0124877 -0.00354301 -0.0149133 0.0274705 0.0115747 -0.00337887 0.00412702 0.0150419 0.0409961 -0.0108687 -0.00801206 0.0199939 0.00600037 -0.0136182 0.00921046 -0.0108011 -0.037412 -0.0138006 -0.00500515 -0.0235769 -0.013984 0.00171148 0.0168418 -0.00128709 0.0341683 -0.0120245 0.0194959 0.0452732 -0.0275215 -0.0166834 -0.0149726 -0.00336892 -0.0387305 -0.041343 0.012373 -0.0103186 -0.0148231 -0.0453456 0.0162114 0.0152445 0.0112507 -0.0229356 -0.03873 -0.0226953 0.0145588 0.0158904 -0.0166225 0.000498482 0.0163589 -0.00861432 0.012984 0.00981426 0.0149894 0.00106183 0.0113398 -0.0203669 
0.0381023 0.00556264 0.00720457 -0.00332903 -0.0182658 0.00265295 0.044672 0.0291179 0.0232097 0.0333671 -0.00247974 0.0149144 0.0119987 0.0272473 0.0238771 0.0405628 -0.0175257 0.0041255 -0.0169875 -0.0186461 -0.034321 0.00213552 0.00925597 -0.0156852 -0.0214908 -0.0030994 -0.0595596 0.0182821 -0.00933775 0.0432445 0.0274899 -0.00878549 -0.0132296 0.0383379 -0.00482811 0.00310525 -0.0198509 0.0333259 -0.00514491 0.0586463 -0.019849 0.00842329 0.0279707 0.0204613 -0.021938 -0.00663278 0.0309068 0.0181057 -0.0417163 0.0174489 -0.00742804 0.0015487 -0.00166432 -0.0147477 0.0135047 -0.0224664 -0.00899658 -0.019421 0.0302737 0.036712 -0.0252292 0.0227592 -0.0154944 -0.0522755 
0.0102941 0.00319079 -0.0369443 6.02459e-05 -0.00257216 -0.0223477 -0.0279014 0.028415 -0.0120227 -0.00518455 -0.00937312 0.00319582 0.0145979 -0.0164929 -0.0169867 -0.0387463 0.023146 8.42055e-05 -0.0330447 0.00354924 0.0124211 -0.0387045 -0.0290768 -0.0189142 0.0134932 0.0037179 0.0101126 0.00800028 0.00441234 0.0400243 -0.000618463 -0.00271458 -0.0081775 0.00787902 -0.012292 0.0110209 0.0226863 0.00326427 -0.040274 0.00574031 -0.0359961 -0.0129475 -0.0254771 0.0250603 0.0169613 -0.0121478 -0.00156989 0.00320971 0.0184575 -0.0205986 -0.00899834 -0.0351814 0.0194324 0.0217547 0.00686045 0.0462127 -0.0140362 0.0177995 -0.0301023 0.0132825 0.0103036 0.00248685 0.0364351 -0.0186956 
0.00130972 -0.00533899 0.00783943 -0.00939581 -0.0187119 -0.0159727 0.010003 -0.00832644 -0.0139676 -0.00857246 0.0108309 -0.00488163 -0.000560094 0.0183021 0.0136303 0.0172058 -0.0309394 -0.0510562 0.00602074 -0.00572797 -0.00536804 -0.0186636 0.0215189 -0.0283146 -0.0122252 -0.00488462 0.00347997 -0.0435765 0.0345849 -0.0392495 0.00531103 0.00400295 0.00485342 -0.0337616 0.0427058 0.00401891 0.0193308 -0.0177376 0.0133722 0.020179 0.007165 0.0243206 -0.00990686 0.00533742 -0.0120912 -0.00847169 0.0025262 -0.0203589 0.00965137 -0.0225219 0.00106101 0.00847531 0.0212097 0.0208277 0.0216578 0.00860808 0.0203735 0.0193591 0.00580695 -0.000826179 0.00265647 -0.00802631 0.0210503 0.00200426 
0.0102169 -0.00373008 0.00838395 0.00145625 -0.0193288 -0.0133978 0.00364729 -0.00335861 0.0122837 0.0152809 0.0218763 0.00507339 -0.0343779 -0.0296295 0.0007891 0.0151408 0.00823153 0.00369197 0.0191795 -0.0210033 -0.0186393 -0.0185913 -0.005395 -0.0136011 -0.0172447 -0.0341368 0.0200698 0.0157398 0.00277955 0.0127496 -0.0227937 -0.00458033 -0.0271677 0.0261843 0.0234355 0.014843 -0.0247946 0.00292083 -0.00431901 0.00843179 0.000222398 0.0114499 0.0154159 0.0142972 -0.00800213 -0.00768517 0.00220674 0.000774731 0.0265762 -0.0194414 0.00651299 -0.00234288 -0.00116068 0.0104906 0.00599214 0.00735863 0.0289725 0.0342723 -0.00821444 -0.0198066 0.0245283 0.0153353 0.00555803 0.0215344 
0.0489682 -0.00126047 0.016307 0.0296914 0.00837319 -4.31881e-05 -0.00711901 0.0278883 -0.0309109 -0.00799112 0.00289715 -0.0155354 -0.0431543 -0.0129368 0.00417023 -0.0184205 -0.0237003 4.98848e-05 -0.00469958 -0.00790303 -0.0121964 -0.00736034 0.0167542 -0.0369223 0.0164986 0.000850867 0.00598941 0.024101 -0.00689543 -0.018857 -0.0155727 -0.0356378 -0.00255412 -0.0274801 -0.00437344 -0.0164407 -0.0244793 -0.0192509 0.0197185 0.0121835 0.0170496 0.00913306 -0.0146866 -0.030452 -0.00248162 -0.000147086 -0.00889958 0.0197714 -0.00814163 0.0358834 -0.0168329 0.00539282 -0.00350579 0.00248183 -0.00696265 -0.0270879 0.0281857 0.0121388 0.0164765 0.00386808 0.0200404 -0.0360823 0.0123957 -0.0219398 
-0.0211909 0.00486682 0.0189372 0.0106631 -0.0396837 -0.0246659 0.00875828 0.00629476 0.0362897 0.0160835 0.00154324 -0.00391187 -0.00762225 0.0148688 0.0227757 -0.00830514 0.017743 -0.00883851 0.0186765 -0.00375735 0.00772508 -0.0293111 -0.00044947 -0.0249802 -0.0206423 -0.0119405 -0.0165573 0.0161232 -0.0210792 0.0112915 0.000865692 -0.0150635 -0.0522305 -0.0310265 0.0241594 0.0120868 -0.0146732 0.0149827 -0.0131374 -0.0125344 0.0368082 -0.0140467 -0.0376351 -0.0189173 0.0249786 -0.0415719 -0.00677784 0.019682 -0.0334456 -0.00328321 0.0164569 0.0306692 -0.0160275 -0.0115421 -0.01228 0.00577733 0.00485115 -0.0152838 0.0440262 -0.0289089 -0.00721868 -0.013677 0.00664716 -0.000682616 
-0.0216328 -0.00197168 0.026433 -0.0354842 0.0134043 -0.0309717 -0.0306067 -0.0248043 -0.0256259 0.0043891 0.00416484 -0.00389463 -0.0684709 0.00638613 -0.0325385 0.00535384 0.00488633 0.0136123 0.0156181 0.00899445 0.0086521 -0.0333562 -0.0378216 0.0254702 -0.0640539 0.00541072 -0.0214279 -0.00793404 0.0258757 -0.0171157 -0.0178009 -0.0197643 -0.00243591 0.0196074 -0.0113092 -0.00707516 -0.031305 -0.00281676 0.0367673 -0.0147224 0.0102167 0.000401852 -0.00635273 0.0115174 -0.0077869 -0.020869 0.0108 8.79644e-05 -0.00575913 0.00418567 -0.0201589 -0.0135484 0.0260222 0.00816778 0.0066406 -0.00588825 -0.019834 -0.00783403 0.0259052 0.0182734 -0.0209088 -0.0303088 -0.0102294 0.0443841 
0.0140495 0.0169597 0.000873145 -0.023239 0.0124882 -0.000894029 -0.0202265 0.0221318 -0.0163103 -0.00253916 0.0126003 0.0306929 -0.00776527 -0.0520771 0.0324697 0.00911502 0.00130745 -0.0159442 0.0200485 -0.00909808 -0.0137141 -0.0150727 -0.00651882 0.00866351 -0.00116156 0.0170845 -0.0352866 0.0164448 0.0144909 -0.00407727 -0.00425134 0.00128703 0.0191789 -0.0141655 -0.0270185 0.0155878 -0.00348436 -0.0382066 -0.000687413 0.0225663 -0.0354041 0.0106605 0.00986141 -0.00332612 -0.00996558 0.0183195 0.0299843 0.00280885 0.00997339 -0.0265769 -0.0438288 -0.0258719 0.0157442 0.00612203 0.0144994 -0.0224166 0.00941818 0.0185734 0.0342184 0.00649325 -0.00581433 0.00449413 0.00318426 -0.0260451 
-0.0150296 0.0146136 0.0427149 0.00849576 -0.0177668 0.0130574 0.0188942 -0.0104976 0.0150292 0.0578716 0.0293415 -0.00873059 0.00650608 -0.0144036 -0.00965635 0.0103245 -0.0151136 -0.00401071 0.014457 0.037354 0.0176561 -0.0272322 -0.00701847 0.0178608 0.0251853 0.0337159 -0.0364904 -0.00516482 0.0359152 -0.0279958 -0.0125531 0.0154657 0.0105748 0.00669769 0.0286402 0.00228713 0.0254893 -0.0210697 -0.0391345 0.0272005 -0.0194662 -0.0162766 -0.0255613 -0.00280356 0.00462853 -0.00828225 0.00981409 0.0371687 0.00489362 -0.0513091 -0.0164306 0.026891 0.00608096 0.00906342 -0.00510147 0.00132132 -0.0231608 0.000664987 -0.0223058 -0.0307246 -0.025926 0.0125719 0.0469337 -0.00636597 
-0.0219107 -0.0117891 0.0267308 -0.0122675 0.00935416 -0.00718567 -0.00305505 -0.0714425 -0.00192771 -0.0141523 -0.0299031 -0.0075737 0.0165668 -0.0112733 0.00646285 -0.0327978 0.0235173 0.0184118 0.0290644 -0.0320245 0.0106961 -0.0354213 0.00525237 0.0141674 -0.00514845 0.00672644 0.016824 0.0323044 9.43583e-05 0.00344757 0.0106311 0.00423323 -0.0145389 -0.0154596 0.00161149 0.00889093 -0.00881184 -0.0215442 0.00912086 -0.00920892 0.0285819 -0.0259676 -0.0209472 0.0151924 0.0094753 -0.00502159 -0.0120857 -0.000393233 -0.0418521 -0.0197275 0.0138821 -0.0125853 -0.0326927 0.00274332 -0.016746 0.00711882 0.0199246 0.00182214 -0.0331914 0.00445777 -0.0221023 -0.0150896 -0.0281419 0.033326 
0.000267519 0.00513998 -8.39716e-05 0.0218777 0.026896 0.000994395 0.012366 -0.0137985 0.00948073 -0.00720044 -0.0225164 -0.0087645 0.00918979 0.0078131 0.0325062 -0.0216254 -0.015422 0.0275595 0.0218581 0.00504539 0.0281102 -0.00528587 0.0377947 -0.00804865 0.012714 -0.0012371 -0.0360115 0.0263127 0.00444242 -0.0324334 0.00525384 -0.026749 -0.0535917 -0.0153996 0.0156753 -0.00522388 0.0166262 -0.0161405 0.00835251 0.00777249 -0.00232181 -0.0264256 -0.0021955 0.0136061 0.00474608 -0.0318731 0.0198574 -0.0256048 -0.0110411 0.0129584 0.01668 -0.00422384 -0.0199558 -0.000504542 0.0473874 0.0356192 -0.02332 -0.000450393 -0.00397901 -0.0171254 0.0237888 0.0230475 -0.00246001 -0.0118315 
0.00237993 0.0351395 -0.00464738 0.00343443 -0.00958722 -0.0159271 0.00359195 -0.0172947 0.00184045 -0.0154803 0.00476969 0.00807216 0.0152941 0.0176557 -0.0204019 -0.0231757 -0.0145143 0.00228364 -0.0227686 0.0188967 0.00381329 0.0034609 0.0165651 -0.00830484 0.013604 -0.0237373 -0.0228132 -0.00638733 0.0302681 -0.00931418 -0.0240288 -0.0282916 0.00366002 0.0186695 0.0202472 -0.00410652 0.0338449 -0.00794074 0.0168443 0.0352649 0.001636 -0.00246034 -0.0238816 -0.0243772 0.00337665 0.00545564 0.0259937 0.00837859 -0.00290075 0.0430157 -0.00786503 -0.0351803 -0.00764823 -0.0120551 -0.0230927 0.00386011 0.0240114 0.00237961 0.00821828 -0.0355928 0.00819422 0.0127933 -0.0491738 0.0370086 
-0.0102301 -0.0141276 0.0124071 -0.0326099 0.0178822 -0.0303672 -0.0194934 -0.00568944 -0.0321737 0.030772 -0.0078934 0.0257212 -0.0326731 -0.0170471 0.00290213 -0.0204372 -0.0273617 -0.0210064 0.0324903 -0.0141302 -0.0197332 -0.0120174 0.0148295 0.00991962 0.022787 -0.00536869 -0.00762753 0.0114043 -0.00263858 -0.0150934 -0.0146883 0.0222326 0.00869621 -0.0138672 -0.00992673 0.0156121 0.00435186 0.0034161 0.022834 0.00241427 -0.00224182 0.0204283 0.0105928 0.038256 -0.0369113 -0.0318896 -0.00244008 0.0216321 0.0367522 0.00164261 0.0455568 0.00155027 0.0125753 0.0268404 0.0372966 0.036619 -0.0195138 0.000742338 -0.00298403 -0.0351207 -0.00998628 0.00842256 -0.0195694 -0.0236344 
-0.0282071 -0.0100894 0.0208408 -0.0059725 -0.00594854 -0.0051557 -0.0302874 0.0491918 -0.0165707 0.00579119 0.0141293 0.0191704 0.0262837 -0.0121075 -0.00954146 0.0231073 -0.018507 0.0267796 0.0225727 -0.015643 0.0103439 0.0155279 0.0317837 0.00502654 -0.0185915 -0.0165401 -0.00516162 0.0080143 0.0240557 0.00741479 0.00534201 0.00625599 0.00665116 -0.0307094 0.000730626 0.011577 0.037406 0.0350208 0.000539575 0.00779015 0.0243801 0.0102463 0.00111542 -0.0226406 -0.0305743 -0.00974939 -0.00888045 0.00361837 0.0236893 0.00223951 0.00494321 0.0180944 -0.00480237 -0.00290566 0.00285875 -0.00161927 0.00962379 -0.0190058 -0.0216973 0.0207452 -0.000977158 -0.0151485 0.0327038 -0.0216838 
-0.00720667 -0.000669111 0.00393359 0.0308795 -0.0148913 -0.0247058 0.00697527 -0.0188058 -0.018753 0.0146045 0.0089469 0.000100835 0.0375208 0.00487606 0.00774253 0.0198786 -0.00662702 -0.0201212 -0.0154143 0.00217505 0.00843794 0.01926 0.00103566 0.00990547 0.0159309 -0.012682 -0.0530523 -0.0110917 0.00273756 -0.0104113 0.0109986 0.00223946 0.00769563 0.0136633 -0.0205863 -0.0209101 0.0084579 -0.019562 0.0111083 0.00454708 0.0164879 0.0241427 -2.94299e-05 0.0158813 -0.0168713 0.0027407 -0.0307881 -0.0220708 0.0226211 -0.0241342 0.0175237 -0.0028662 -0.0151005 -0.00864974 -0.0132813 -0.0140958 -0.0350702 0.0139312 0.00211394 -0.0219066 -0.0126833 -0.0108532 -0.00649623 -0.0277389 
0.00186757 0.0307167 0.0259985 -0.0090216 -0.0279471 -0.00183262 3.7983e-05 0.00302835 0.0135069 0.0431709 0.00564881 -4.25062e-05 0.0220225 0.0116507 -0.00391929 0.00809726 -0.00967629 -0.0110252 -0.00110444 0.0326788 -0.0329889 0.0207311 0.0148028 0.0170039 0.0475365 -0.0165709 -0.0356832 0.0259318 0.0244566 -0.0088432 0.0093039 -0.0239519 -0.0133473 0.00988487 -0.005631 -0.0226941 0.0130195 -0.0016438 0.0133093 -0.0156138 0.0177764 0.00272083 0.0286502 -0.024292 -0.00631023 -0.00618721 -0.020812 0.00790876 0.0486295 0.0227731 -0.0229329 0.00871319 -0.0118929 -0.00518589 -0.0167405 -0.00133684 -0.0208787 0.0134114 -0.0133477 0.0215856 -0.0103959 0.00714268 0.00471515 -0.00162288 
0.0156547 0.00778807 0.00130925 0.00388968 0.018044 -0.0296682 -0.0270771 -0.0411893 -0.0152943 -0.0250776 -0.0145599 -0.0268968 -0.03865 -0.00833911 0.0152497 -0.0122044 0.000588836 0.0377239 0.00644696 -0.00185616 0.00909305 0.0241711 -0.00256257 0.00220863 0.0158251 0.0241064 0.0227903 -0.0272204 -0.0187774 0.0237268 -0.0106427 0.0169373 0.000772416 0.0167368 -0.0133211 -0.0124006 -0.0117064 0.012563 0.0135377 0.0127912 0.0114451 -0.00386412 0.00175283 0.0202013 -0.015941 -0.0221639 -0.0424881 -0.0076762 0.00719425 -0.00541801 0.0162916 0.0317699 0.0168799 -0.0193298 0.0368793 -0.0345215 -0.000105356 0.00443227 -0.0247995 0.00668687 0.0313649 0.0041356 0.0462515 -0.000483002 
-0.00861682 0.010367 -0.00973433 0.000408893 -0.00551264 -0.0303755 0.0339547 0.0138157 0.00454646 0.0072898 0.0107987 -0.00216796 0.0170306 -0.0201669 0.0164015 -0.0116027 0.0181409 0.00928016 0.037479 0.0102533 0.00235581 -0.0163565 -0.0205348 -0.00698891 0.000347686 -0.039892 -0.009414 -0.000741798 0.0147652 -0.0345262 0.0136581 0.00907669 -0.0112015 -0.000879644 0.0125504 -0.0128307 -0.00618794 -0.0293395 0.0360076 -0.0100058 0.0195396 -0.0375197 0.0204148 -0.0413818 -0.00839521 -0.00239706 0.00788939 0.0013656 -0.0112786 -0.015207 0.00168518 -0.0154665 0.0357104 -0.0305815 0.00324202 0.0270317 0.0705506 -0.0410682 -0.0213399 0.0147474 0.0121596 0.00543195 0.00587827 -0.0185724 
-0.0109164 -0.00496571 -0.00982852 0.0082686 -0.0325368 -0.00441862 0.0196431 -0.0118891 -0.00865611 -0.0334422 -0.00879953 -0.0190387 0.0265305 -0.0622578 -0.00759926 -0.0111988 -0.0244655 0.0112 -0.012283 -0.00330588 0.00110835 -0.0336928 -0.0111283 0.0228545 -0.0293161 -0.0120324 0.0108553 -0.00542419 -0.0272535 0.0170771 0.00151508 0.0333242 0.0414984 0.0352399 0.00577852 -0.0141368 0.000641722 0.0154797 0.0250598 0.00411652 -0.0125153 0.019001 -0.0212052 0.00161981 -0.01606 -0.00311042 -0.00310472 -0.0231866 0.00831992 0.00385728 0.0058232 -0.0038489 -0.0217934 0.0063545 -0.0203498 0.0170443 -0.0158325 -0.0125173 -0.00375996 -0.00705707 0.0130565 0.00205323 -0.0159792 0.00737399 
-0.0460237 -0.00525681 0.0262828 0.0172922 0.000634676 -0.00532849 -0.0195642 0.0138907 -0.026349 -0.0157226 -0.00205071 0.00903649 0.0243817 -0.00421733 -0.0129271 0.00296749 0.0117808 0.0173878 -0.0528218 0.00505402 -0.00619381 0.0128139 -0.00096822 0.0308371 0.0443047 0.00995784 -0.0320504 -0.0508224 -0.065557 0.00787319 -0.00847705 -0.0418136 -0.0197832 0.0414956 -0.0313625 -0.0432411 -0.0151974 -0.0278804 -0.0128828 -0.0269031 0.0188139 -0.0117192 -0.0123155 -0.00428473 -0.0127011 -0.0115177 -0.0314997 -0.0057551 -0.00438869 0.0185691 0.00070136 -0.0161958 0.00424411 0.00242123 0.00730899 0.0202 0.00576162 -0.011666 0.0334971 -0.00821355 0.0345753 0.0223839 0.00682441 -0.0474449 
-0.00806365 0.0010913 -0.0251697 -0.0166788 -0.00480242 0.00962761 -0.00480536 -0.0146408 0.014877 -0.00867883 -0.0392529 -0.0233491 0.024139 0.0185647 0.00241246 0.0126463 0.00889049 0.0181833 0.0281116 -0.0151626 0.00783549 -0.0172967 -0.024225 -0.0101229 0.0241726 0.0395644 0.0309856 0.0385606 0.0142005 0.0271846 -0.000384158 -0.0243727 -0.00903129 0.0129361 0.00209279 0.0143096 0.0116202 0.0338818 -0.0166798 -0.00824515 0.0195385 -0.0420759 -0.000685405 -0.00787038 -0.0132734 0.00613117 0.0121616 0.00278555 0.015777 -0.019479 0.0165408 -0.0101809 -0.00140889 -0.00308551 -0.0105789 -0.0039288 -0.00273822 0.0226991 -0.0237813 0.0177136 -0.0093561 -0.0225399 0.0297884 -0.0141568 
0.00194967 -0.0107852 -0.0237658 -0.00212014 -0.0080718 -0.0193865 0.0113735 -0.0049585 0.00738318 -0.00036065 0.000419611 -0.00849814 -0.0318953 -0.0130991 -0.0379077 -0.000464619 -0.00399427 -0.0215736 -0.00782622 0.0216634 -0.0192433 0.0132876 -0.00206358 0.0767397 -0.00643657 -0.00667404 -0.00646546 0.00399678 -0.0188173 0.00945794 0.00151276 0.00411238 0.030551 0.00471809 -0.0350373 0.0386229 0.0135856 0.0106602 -0.0130235 -0.0318858 -0.0304358 0.0152565 -0.015435 -0.00995221 0.014265 -0.0314796 -0.00993643 -0.0279534 -0.0106538 -0.00569358 -0.0157661 0.0498072 -0.00771297 0.0338843 -0.057563 0.00333694 0.0169387 0.000628669 -0.030762 0.0373819 -0.0174409 -0.017797 -0.0207718 0.0259375 
-0.0248846 -0.0350065 0.0496814 -0.0488283 -0.0162303 0.0227201 0.0187523 -0.0126975 -0.00439165 -0.012135 -0.00680486 -0.00513823 -0.00216009 0.00164888 -0.0200342 -0.0317761 0.0179619 0.0525319 -0.0117393 -0.0266932 -0.00647592 0.00477656 -0.00480852 -0.00845295 -0.0263078 -0.0101229 -0.0101851 -0.0220516 -0.00486731 0.00116849 -0.00158563 -0.00484338 0.00280197 0.0271908 -0.00773655 -0.00852283 0.014285 -0.0131044 0.0232999 -0.0298842 0.0222791 -0.00505008 0.00118977 -0.0138605 -0.0254822 0.000752371 0.0143369 -0.0113351 0.0115101 0.00139783 -0.0385867 0.0175402 0.00676507 -0.00213106 0.00621385 0.0189959 0.0122277 0.021391 0.000685966 -0.0149767 -0.00766025 -0.0241267 0.0209388 0.0283711 
-0.0239062 0.0050192 -0.00285961 -0.000388812 0.00126116 -0.0114349 -0.0187852 0.00582768 0.00373789 -0.0191521 0.0266717 0.00239453 0.00176512 0.0683237 0.0146287 0.0306639 -0.0275339 -0.0459374 0.0103259 0.00747388 -0.0140859 -0.00103083 -0.0238783 -0.0194692 0.0399712 -0.0167177 0.00368229 -0.000673546 0.0378239 0.00139492 -0.0363355 -0.0275803 -0.0341599 -0.0265794 -0.0239286 -0.0142755 -0.00474189 0.0331861 0.0198362 0.010207 0.0176142 -0.0121657 0.000978826 -0.00885927 0.0563657 0.010049 -0.0107679 -0.0062089 -0.0320825 -0.0148618 0.0296529 -0.0108105 0.0236624 0.0220815 0.000338209 -0.00900611 -0.000668124 5.12904e-05 0.0377528 -0.0306485 -0.0180542 -0.00915762 0.0165209 -0.0087678 
0.0256442 0.0156624 0.0166797 0.0137669 0.0169691 -0.0201583 -0.00432278 -0.0309799 0.0113466 -0.039949 0.00322522 -0.0425512 0.0228422 -0.00789912 -0.0071628 0.0204461 -0.0341862 0.0196082 0.00279904 -0.00922031 0.0400754 0.0152978 0.00674604 -0.0400413 -0.00958328 0.0126345 0.0327632 0.0228916 0.0204383 -0.0224514 0.00840991 -0.0240587 -0.00112762 -0.0137547 -0.020836 0.0368181 0.0213891 0.0022578 0.0179001 -0.0186201 0.00103941 -0.0246023 0.0175759 -0.0032341 0.00448793 0.000748766 -0.0159346 -0.0195914 0.00813322 -0.0449407 0.0352707 -0.00846446 0.00298869 0.00806436 -0.005207 0.0325731 -0.00551561 -0.00910953 -0.00417458 0.0127528 -0.0103653 -0.0153542 0.0164727 0.00158085 
0.0162761 0.0177243 -0.0241285 -0.00351738 0.00302833 -0.0202451 0.0240624 -0.0291589 0.00960821 0.0171991 -0.00902095 0.00963817 -0.02821 0.0016627 -0.0530525 -0.0169097 -0.00707162 -0.0223608 -0.00835114 0.00723575 -0.013172 -0.00326174 -0.0270027 -0.0308051 0.000941533 0.00790172 0.0274353 0.00301106 0.0151657 -0.0143926 0.00233439 -0.0385908 -0.0129565 0.00371058 0.00207214 0.0157596 -0.00684027 -0.00106895 0.00696243 -0.0244292 -0.0263356 0.00291951 0.0287807 -0.00190811 -0.022437 0.0208721 -0.0262776 0.0217284 -0.0162701 -0.0303588 -0.0126758 -0.0129055 0.00828436 0.0122337 0.00827918 -0.037163 -0.0228763 0.015297 0.0021864 0.0511749 0.0170835 0.0330508 0.00895059 -0.0134966 
0.0424899 -0.000982009 -0.0309805 0.0149258 0.0198011 -0.0319148 0.00738752 0.00987876 -0.0186122 0.010127 -0.0199576 0.027489 0.0159512 -0.0124789 -0.0169241 0.00689462 -0.000666598 0.0104965 -0.00510235 -0.000248168 -0.0204639 0.0147778 -0.00929709 0.00811919 -0.0199071 -0.00244285 -0.0151352 0.0113878 0.000215496 0.0130558 -0.00420255 -0.0289614 0.00201694 -0.00785606 0.0223694 0.0357711 -0.0102691 -0.00731859 -0.00722131 -0.00641314 -0.0181176 -0.0137927 -0.0174191 -0.0260012 -0.0173608 -0.00841809 0.0114158 -0.0257812 -0.0467429 0.019456 0.00655159 0.00419077 -0.0069297 -0.0066477 -0.00146194 -0.0357593 0.0222346 0.0107735 -0.0253569 0.0105796 -0.0152592 -0.041149 0.00292018 -0.00328195 
-0.0123148 0.0117975 0.00752669 0.0171206 -0.0035627 0.0149107 0.0093129 0.0186377 -0.00600585 -0.0202505 0.00758191 0.0105455 -0.0137385 -0.0153439 -0.0117234 0.0128343 0.0327315 0.0493521 -0.0100671 -0.0294167 0.0172071 -0.0330413 -0.0250091 -0.00550695 -0.00372419 0.00768435 0.0224378 -0.0125855 0.0181483 0.0174616 0.0215233 0.0293495 -0.0377888 -0.0117608 -0.00754958 -0.0487566 -0.0268692 0.0234981 0.000124971 0.0330415 0.00727086 -0.0209261 -0.0040861 -0.00187086 -0.0371593 0.0272552 0.0123341 -0.00500221 0.0332411 0.0284361 0.00179122 0.0389208 0.0300636 -0.0139411 0.0164865 0.0018211 -0.0298307 0.00718913 -0.00243996 0.0104065 0.00414483 0.037666 0.00948472 -0.00252767 
0.000101006 -0.0153414 0.00702113 -0.0436845 -0.00279991 0.00844419 -0.00795533 -0.0161518 0.00680588 0.0108683 -0.0175998 -0.00619817 0.00491439 -0.00651922 0.0110195 0.0126675 -0.00226866 0.000691739 -0.00323389 0.0088213 -0.0111761 -0.0197047 -0.0188431 -0.044009 0.0048519 0.00429639 0.0033217 -0.00494156 -0.00444514 0.0172479 -0.0331569 0.00732999 0.0156847 -0.0335303 5.32041e-05 -0.0199504 0.0300007 0.024199 -0.0156107 -0.00225762 -0.0423309 -0.00791363 -0.000184978 0.0293419 -0.0113243 0.00291477 -0.0120312 0.0203588 -0.00761303 0.00805432 -0.00168075 0.0310579 -0.0151016 0.0156276 0.00157022 0.00414818 -0.0198049 0.0106748 0.0305158 0.000512408 0.0237654 -0.016853 -0.0169117 0.00677625 
0.028648 -0.00531534 -0.00639353 0.0317259 -0.0103808 -0.00350582 -0.00410504 0.0279188 -0.0266667 -0.0190405 0.0173647 0.013402 -0.0377588 0.0137483 -0.0499328 -0.00747681 0.00345104 0.00639884 0.0117271 -0.0124083 0.00456092 0.00270931 0.0265451 4.79743e-06 0.00995515 -0.0146403 -0.0376105 -0.00756453 -0.0576685 0.0130544 -0.00574284 0.00415918 -0.00102717 0.0149285 -0.0130169 0.019461 0.0130903 0.000690882 -0.0148374 0.00102721 0.0241209 0.0172911 -0.0115458 0.000687626 -0.00364674 0.0058112 0.000322048 -0.0267439 0.0263203 0.00216403 -0.00957411 0.00178651 0.025296 0.00384812 -0.00566762 0.0158738 -0.0215478 0.0169285 0.00836114 0.0168552 0.00640432 -0.0388003 0.0195867 -0.00177923 
0.00157175 -0.012601 0.0215567 0.0461135 -0.0140819 -0.012272 0.0321402 0.0205398 -0.0289219 0.0114567 0.03225 0.0182397 -0.0447038 0.0081394 0.0205406 0.00701342 -0.0101037 0.0137512 -0.00784714 -0.00288047 0.000189091 0.000313139 0.0194458 -0.0138925 0.035799 -0.0295726 0.0229141 0.0187606 0.0145765 0.000760099 0.00919544 -0.0237534 -0.0333497 0.0037244 -0.00604021 -0.0179947 0.000780576 0.0167765 -0.0248511 -0.0473134 0.000496631 -0.0203892 -0.00930545 -0.0362511 -0.00227573 0.00178586 -0.00152169 0.0104819 -0.0115353 -0.017125 0.011758 0.0134241 -0.029067 0.0389687 -0.0209188 -0.00512842 -0.0168603 -0.0221325 0.00260754 0.00626564 -0.0568366 0.0467563 0.00891016 0.0178853 
-0.0063826 -0.036839 -0.0111825 0.00862859 -0.00183997 0.0305469 -0.0480974 0.0274135 0.0299735 0.0312031 -0.0182339 -0.00379954 -0.0073176 0.0152124 -0.000751639 -0.0188938 -0.02595 0.00928901 -0.0390494 -0.0350825 -0.027209 -0.00264569 0.0125973 -0.00287947 0.0220617 -0.00695203 -0.00446362 0.0079162 0.0110005 0.0246606 0.00935058 0.0223235 -0.0136393 0.00601743 -0.0573589 0.0203776 -0.00645507 0.00227994 -0.0462525 -0.0287448 0.00574194 0.00853401 -0.00213139 0.0192993 0.00223768 0.0131196 -0.0168084 0.0193094 -0.0013829 -0.00751022 0.000794186 -0.0153102 0.0327418 -0.00473788 -0.00784103 -0.00181339 0.00590792 0.0343884 -0.018741 0.0182824 -0.0339638 0.0196061 -0.00555731 -0.0253162 
0.0167374 -0.0150537 -0.00916024 -0.0124492 -0.0181305 0.0173731 -0.0126235 0.0141202 -0.00668514 -0.0183728 0.0558101 0.0035644 -0.0174753 0.027336 0.0229926 -0.0184808 -0.00195643 -0.00701276 -0.0144414 0.0246438 0.000694242 -0.0129303 -0.00716852 0.0533893 -0.0245645 0.0212643 0.0209178 0.00481106 0.00568239 -0.011546 -0.00268893 0.0143922 0.0196541 -0.0107989 0.00231173 7.32181e-05 0.0107777 0.00411335 -0.0131647 0.0437349 -0.0105212 0.00547434 0.0186056 0.0118728 -0.0220821 -0.0165019 -0.0121885 0.00563065 -0.0152674 -0.0310377 0.0148303 0.0150933 -0.00297523 -0.0163539 0.0247136 0.0188119 0.00306894 -0.00696227 -0.0177936 -0.00732332 0.0165729 -0.00858908 -0.022111 0.00318107 
0.00250513 0.0277614 -0.0412676 -0.0210318 -0.0142377 -0.00708059 -0.0122392 -0.0115657 0.00335522 0.0178407 0.0035449 0.00596797 -0.0115673 -0.0170866 -0.0278011 -0.0231979 0.0258678 -0.0397693 0.0326667 -0.00710646 -0.0145174 -0.0103785 0.0246661 -0.0642198 -0.0411444 0.00536115 -0.0103594 -0.0298072 0.0007253 0.00821905 0.000951316 -0.00693071 0.00732422 0.00363882 -0.00810186 0.00156087 -0.0307625 0.00971926 -0.0208239 0.00442825 -0.0359171 0.0105673 -0.000884607 0.00107028 -0.00501101 0.00924101 -0.0153188 0.00908387 0.0101873 0.00834624 0.0027414 -0.0200022 -0.0411961 -0.00186305 -0.0264467 -0.00196383 0.00330095 -0.00838508 0.00650019 0.0148002 -0.0184789 -0.00238323 -0.0293871 -3.56817e-05 
-0.0300554 -0.0362756 -0.0145426 -0.00601289 0.0318526 -0.00201775 -0.00268415 0.0160883 -0.0433347 -0.0469265 -0.0027548 0.0176195 0.0148942 -0.011525 0.0141173 -0.0253546 0.00898731 0.00182339 -0.0149702 -0.00701616 0.00181417 0.00551686 0.0027133 0.0276897 -0.0145403 0.018587 -0.00236208 0.00459619 -0.00529424 0.0134174 -0.0152323 -0.0194579 -0.00285413 -0.00830124 -0.0178568 0.0070197 0.0295348 -0.0486581 0.0248145 -0.0106737 0.0150308 -0.0284171 0.00988909 -0.00305564 0.0159171 0.00101663 -0.00631135 -0.00287565 0.00932335 0.00542859 0.00602142 0.00392615 -0.00182567 -0.0282456 -0.0201654 0.0371202 0.0254264 -0.0134969 0.00521379 -0.0430041 -0.00592364 -0.0133818 -0.0360092 -0.0102086 
0.00939152 -0.00519851 0.00873143 -0.00816583 0.0121213 0.0315562 -0.00587432 -0.00310544 0.0303565 0.00568234 0.00691922 0.0172074 -0.00286344 -0.011303 0.00861661 -0.00203267 0.00941016 0.00735342 0.014175 0.0280687 -0.0275953 0.0104202 -0.0107596 -0.0124815 0.0182973 0.0258218 0.01098 0.0197404 0.00862323 0.0104658 0.00424861 -0.0361229 0.0315005 0.0237927 -0.0146971 0.00032837 0.0154094 -0.0166366 -0.0146883 -0.00461442 0.00374078 -0.00524057 0.0067783 0.00562379 0.00854303 -0.018123 0.0141492 -0.0119041 0.00715428 -0.00405478 0.0200224 0.0360179 -0.0220926 0.0267566 -0.00949292 0.0239436 -0.0370847 -0.0235034 0.00302439 0.00316445 0.00819202 -0.0137341 -0.0115335 -0.0274987 
0.026353 0.00172124 -0.0115973 0.00157644 0.0473187 0.0105711 -0.022387 -0.0230721 0.000772074 -0.0175222 -0.026682 0.0316373 0.00481559 0.00231552 -0.0209015 0.0180594 0.0198107 0.0108499 -0.035836 -0.0284347 0.013704 0.0174131 0.00204328 0.00766951 -0.0160943 -0.018028 0.00936662 -0.0170935 -0.0040256 0.0274388 -0.00736313 -0.00832398 0.0447955 0.00806058 0.00660004 0.00263079 -0.00531419 0.0061202 -0.0328134 0.0219048 -0.0360927 -0.0156152 0.00637056 0.00282315 -0.026594 -0.0062747 0.00588829 0.00342746 -0.0364499 -0.0280365 0.0224548 -0.0154459 -0.0219917 -0.00188024 0.00157127 0.00953639 0.00657867 -0.00504466 -0.014761 0.0200703 0.006208 -0.018317 -0.0151663 0.0150712 
-0.0025713 -0.0301991 -7.33368e-06 -0.0104119 -0.00555023 -0.00734987 0.00864365 -0.0177682 0.0140856 -0.00611589 0.0171768 -0.00596683 -0.0357977 -0.00572503 0.00443613 -0.00221403 0.00649066 0.00116465 0.00619137 -0.0141581 -0.000175024 0.00494291 0.0116896 -0.0273954 0.0183297 0.0144714 -0.0151699 -0.014073 0.0161289 -0.00789868 -0.0242285 -0.0449005 -0.00308262 -0.0228699 -0.00249138 -0.00108321 0.00734037 -0.020452 -0.0122348 0.0259063 -0.00953108 -0.0301062 0.012725 0.0489363 -0.000444674 0.0219449 -0.0101529 -0.00642499 0.00380962 0.0281656 -6.52106e-05 0.0127775 0.00179271 0.0405764 0.0184313 -0.0106222 0.0088653 -0.0340284 0.00261805 -0.0398514 -0.00499303 0.0247077 0.0144603 0.00368645 
-0.0102044 0.0323754 0.00967148 -0.0125019 0.00286431 -0.0135628 -0.0098401 -0.0200102 -0.00312877 0.00236106 0.0144969 -0.00937872 -0.00596015 -0.014687 -0.0063281 -0.0336379 0.00125752 0.0259421 0.0142574 0.00862292 -0.0281082 0.00463357 0.000323802 -0.00317474 0.00585104 -0.0228241 0.0292714 0.00166637 -0.019168 -0.0087 0.0306734 -0.0303797 -0.0300683 -0.0230393 0.0202723 -0.00607523 -0.0075905 -0.00533355 -0.0549186 0.0448324 -0.0129483 -0.0168811 0.0128206 -0.0369613 -0.00262966 0.00890965 0.0234587 0.0132637 -0.0194872 0.0211643 0.0394717 0.00543819 0.00596691 0.0400479 0.0175713 -0.00515426 -0.0132522 -0.0223679 0.0178077 -0.00856627 -0.0220132 -0.00705887 0.0338076 0.0315611 
9.71726e-05 -0.0154583 0.00855097 0.0164283 0.0206624 -0.00434292 -0.0129463 -0.00942666 -0.0117041 0.0242395 0.0425912 -0.00529447 0.0222844 0.0295583 0.0133366 0.0219748 0.00473851 -0.016405 0.00173572 0.0135755 -0.0336284 0.0235447 -0.00825314 -0.00655288 0.0231448 0.0185382 0.0151187 0.00368245 -0.00565948 -0.0382357 0.0220435 0.00908361 0.000433231 -0.00563059 0.00841341 0.0119986 -0.015877 0.0181019 0.00800089 0.0157561 0.0101818 -0.0425287 -0.0146442 0.0130516 0.00327885 0.00945176 -0.0214667 -0.0102397 -0.0129731 0.0039341 0.00797382 -0.00521238 0.0176333 -0.0183349 0.0145546 -0.000612241 -0.0235028 -0.0630165 0.0149271 -0.0322391 -0.0172355 0.0380803 0.00591459 0.0310944 
-0.0134631 0.0188934 0.00664011 -0.00588691 -0.00879999 -0.0352449 0.0275335 -0.0127939 -0.0120312 0.0144041 -0.0168153 -0.0424539 -0.0178605 0.0278028 -0.013502 -0.0233711 0.011001 0.00586342 -0.0254602 -0.0058058 0.00688219 -0.0144338 -0.0197908 0.0246241 -0.0044226 -0.00459633 0.00411694 0.0186247 -0.0091256 -0.0173679 0.00962718 0.0148704 0.00346118 -0.0158183 -0.00187029 0.00375144 -0.0036649 -0.00966482 0.060929 0.00956187 -0.00353902 0.0142686 0.00451057 -0.0147549 0.0200446 -0.00407578 -0.040877 0.0119929 0.0177375 -0.00234318 0.0159552 0.043809 -0.00746219 -0.011737 -0.000844094 -0.0173361 0.0263266 -0.0381828 -0.00279935 -0.00170822 -0.00750742 -0.02187 -0.0313977 0.00904892 
0.0184564 0.00433445 0.0385614 0.00412272 -0.0061719 0.0112934 -0.0221998 0.0368955 -0.0423992 -0.0388444 -0.00601611 0.00547301 0.006611 0.011912 0.0183447 0.0187825 0.0644239 0.005965 0.0196962 -0.0216024 0.0196377 0.0233751 -0.0140521 0.00442225 -0.0312689 0.0131022 0.0187634 -0.0265692 0.00533272 0.011187 0.0151617 -0.00742725 -0.013514 -0.022264 -0.0433214 0.0101911 -0.0271636 0.00121604 0.0395251 -0.0229114 -0.0285749 0.0142341 0.0125228 -0.0150264 0.0148216 0.00194939 0.0135585 -0.0289926 0.0435516 -0.0373874 -0.00968623 0.0267357 0.0339795 -0.00983589 0.0191555 -0.00710907 0.0121651 -0.0220358 0.0147399 0.0227184 -0.00346211 -0.00544786 0.0357029 0.019111 
-0.00507508 -0.0332316 -0.00230576 0.0313339 -0.00290678 -0.020333 0.0354381 0.00429461 0.0180812 0.0162165 0.0278852 0.013514 0.00354221 -0.0256825 0.0329279 0.0242268 0.0252831 0.0168383 0.00768497 0.00523162 0.0278608 -0.0104091 0.000147984 0.0446008 -0.0227328 0.04788 0.0217982 0.0270785 -0.00171041 -0.0253878 0.0197184 0.0199125 0.0212314 -0.00482617 0.00895874 0.0188327 0.0132748 -0.0151843 -0.0256325 0.00922731 -0.0273119 -0.0222173 0.00721755 0.00874059 0.00403962 -0.0151083 0.000837297 -0.0290372 -0.0215571 0.0231657 0.00118997 -0.0319273 0.0222646 0.000301612 -0.0128421 -0.00514115 -0.00943246 -0.0262066 0.0029877 -0.00226617 -0.0345315 -0.00434257 -0.0206174 -0.0015344 
-0.0281262 -0.012108 -0.0133149 -0.0248902 0.0195023 -0.0147961 -0.0146286 0.0361521 0.000695431 0.0315913 -0.0142218 -0.02918 -0.00152033 -0.00429912 -0.0216601 0.0116974 0.00467998 -0.000332812 0.0203321 0.0248523 -0.0117931 -0.00782896 0.0274391 0.0023591 -0.0306536 0.025218 -0.0160054 0.00458603 0.0197738 0.0165943 -0.0206313 0.0163795 0.0195298 0.0207802 -0.0100328 -0.000862064 -0.0249448 0.0108382 -0.00776182 -0.0140695 -0.00337341 -0.016797 -0.0154027 -0.00268911 -0.00534635 0.0375087 0.0253773 -0.0139127 -0.00231811 -0.0212744 -0.00413989 -0.0373368 -0.00729832 -0.0171108 -0.00873777 -0.00826022 0.000187355 -0.020783 -0.0173707 -0.00554567 -0.0218919 0.00170826 0.0231981 -0.0102875 
0.0227146 0.0293053 0.0057783 0.0124125 -0.0115969 0.0066605 -0.035865 0.0369467 0.00123582 -0.0200176 0.0225045 0.0369456 -0.0107392 -0.00627515 0.00374641 0.0214711 -0.00262146 -0.0105671 0.00825145 -0.0308411 0.00947356 -0.0629219 0.00850199 -0.0285613 0.0159207 0.00464973 0.0260775 -0.00399023 -0.0281659 0.000604489 -0.0213659 -0.031048 0.039424 0.00162564 0.001084 -0.0165913 0.00558771 0.0288508 -0.0406826 0.0102356 -0.0227622 0.0081052 0.0114478 0.0189979 -3.56062e-05 -0.00561147 -0.0312033 -0.0447621 -0.0249223 2.11212e-05 0.0160911 -0.0108094 0.0448338 0.0154613 -0.0117175 -0.0238611 0.00895338 0.0116797 0.0203248 0.0126686 -0.0153323 -0.026551 -0.0197315 -0.00903563 
-0.0175879 0.0130966 -0.0227634 -0.000975975 -0.00991598 -0.0345875 -0.019183 0.017737 -0.00151336 0.0311527 0.0312245 0.0307721 -0.00707705 0.0037209 -0.00134291 0.00252342 -0.00584433 -0.0196365 -0.0127372 0.0477713 0.0126728 -0.0147403 0.0153667 -0.019212 0.0211 -0.00377756 -0.0458749 0.00959251 -0.0384533 -0.00791522 -0.00508159 0.0183334 0.0238048 0.00992354 -0.0273394 0.00561197 -0.015982 0.00300746 0.0147351 0.00555007 -0.0184342 -0.0205303 -0.00114982 -0.00434516 -0.00857558 -0.0192062 0.00275884 0.00165655 -0.0193063 -0.00135719 0.0266919 0.0271891 0.00821533 0.0095699 0.000581391 0.0174432 -0.0154414 0.0213275 -0.0361659 0.0305253 0.0285423 2.00528e-05 -0.00460784 -0.0206347 
0.0181061 0.0218931 0.0159256 0.0249705 -0.00407312 -0.00287578 0.0205237 0.00413536 -0.0070699 0.00719951 0.0510234 -0.028183 0.0142616 -0.012374 -0.0106268 -0.0251401 -0.0445548 0.0219741 -0.00182554 -0.00165831 0.0231456 -0.00682024 -0.0265946 -0.0105774 -0.000782424 0.0303531 0.00414873 0.000873345 0.00476519 -0.0219479 -0.0244249 0.00973822 0.00755812 0.00841365 0.0100841 -0.0208814 -0.0181523 -0.0380627 -0.0201355 0.00576103 0.0149038 -0.00665793 -0.00304576 0.00866435 -0.00577655 0.0170491 -0.00393298 -0.000968144 0.0128079 -0.00872851 0.0205039 0.00908871 -0.0113 -0.047558 -0.00780407 -0.00125078 -0.0268331 -0.0150267 0.0128587 0.0061877 0.0206213 -0.000206315 0.0400006 -0.00125868 
0.00288499 0.00842393 -0.0201404 0.0208407 0.0250422 -0.0243509 -0.0109158 0.00326828 0.0421705 -0.00662849 -0.00275567 -0.0124038 -0.00277185 0.036088 0.00810032 -0.00347795 0.0305649 0.0326118 -0.0163861 0.00140727 0.00423452 -0.0159088 -0.0161332 -0.00152949 0.00140747 -0.0129047 -0.0015369 -0.000971835 0.0170405 0.00760999 -0.0425141 0.00746428 -0.0124246 0.011537 -0.00111214 -0.0106108 0.0213948 0.0191058 -0.0177786 0.0221774 0.00545037 -0.0193448 0.0260747 -0.00690199 -0.0128613 -0.000715731 -0.0049531 0.0250433 0.0180832 0.0286059 -0.0038704 0.0048834 -0.0178332 -0.0116333 0.00665264 0.0450878 -0.00264974 0.00545175 0.0040071 -0.0490895 0.0153716 0.0520414 0.0141652 0.010039 
-0.0210475 0.0166509 -0.0120947 -0.00116757 -0.0175588 -0.00916194 0.0151531 0.0116853 -0.0221979 0.00985033 0.0158916 0.00038392 0.00664651 0.00493537 -0.00431718 -0.0362134 0.0630811 -0.0062607 -0.0197949 0.0245918 0.025788 -0.0354861 -0.0298858 -0.0139076 -0.00450338 0.0127797 0.0198177 0.0316966 -0.00283602 -0.0160344 -0.00855657 -0.00968418 -0.018222 -0.00064045 -0.0390263 -0.0136824 0.00634156 -0.026645 0.0139393 0.00134866 -0.0185631 0.0275872 -0.00435396 -0.0233864 0.00238998 -0.0025966 -0.00360592 -0.00229326 0.025177 -0.0135387 -0.0227923 0.00522734 0.0144032 -0.00696437 0.00235554 -0.000506798 -0.0112293 -0.0395047 -0.0178322 -0.00804069 -0.0120539 -0.00193922 -0.00472408 -0.00165101 
0.0176148 0.0081596 -0.0224507 -0.0329473 -0.0219359 -0.00325947 -0.00359959 -0.00117551 0.0110902 -0.0129308 -0.00712638 -0.00235421 0.0055365 0.0275608 0.0186848 0.002276 -0.00575863 -0.0178263 0.0055122 0.0246793 -0.0215411 0.0371075 -0.0331584 -0.00807961 0.0146584 -0.0148597 0.0148489 0.00895208 -0.017949 -0.0079343 -0.0272733 -0.00305209 0.014883 0.0287901 0.0096639 -0.0241599 0.0269788 0.019929 0.00432099 0.042715 0.0221738 -0.015732 0.0419553 0.00684083 -0.00511253 0.00883201 -0.03367 0.00211516 -0.000134827 -0.0033004 -0.023674 -0.00687445 -0.0199741 0.000261849 0.0193607 0.0166447 0.00678111 0.00495439 0.000216821 -0.00158376 0.0116157 -0.00726573 -0.0194459 -0.0343784 
0.0269213 -0.0253465 -0.014667 -0.00172587 -0.0128252 0.00358717 -0.0114541 0.0201119 0.0354518 0.00631699 -0.00694794 0.00655979 -0.00329524 -0.0110781 -0.0115517 0.00259731 -0.0176932 -0.0215198 -0.0303258 0.0138914 -0.0309423 0.00927364 0.00277358 -0.00591291 -0.00969312 0.0105777 -0.0201638 -0.0228012 0.00260672 0.00850905 -0.00979546 0.0248537 -0.0199841 0.0207314 -0.0023406 -0.00809002 0.0200212 -0.0123859 -0.00979695 0.00366536 -0.0320519 -0.0252457 0.0362417 -0.0328584 0.0118226 0.0166345 0.0189971 -0.0151382 0.00614446 0.00076361 -0.0179899 -0.0176934 -0.0275896 0.042519 -0.00704535 0.00119137 0.00939739 0.00530119 -0.00868328 -0.0102526 -0.0284962 -0.029176 0.0212897 0.0118162 
-0.00608506 0.00968199 -0.0261692 -0.0326231 -0.013347 -0.0225042 -0.0436989 0.0192544 0.0031931 -0.0193855 -0.0155286 -0.00244505 -0.0111532 -0.0249697 0.0200338 0.00400594 -0.00790941 0.0178514 -0.0256546 -0.0194668 0.0268807 -0.00305525 0.00264807 0.0170007 0.00461981 -0.016716 0.00271879 0.00909462 0.0356377 -0.0256725 -0.015075 -0.0155376 0.0228756 -0.0160479 -0.00992819 0.0218345 0.00218577 -0.0118417 0.00586971 -0.00567652 -0.024841 -0.0228523 0.000165351 0.0144595 0.0039857 0.0172882 -0.0123576 0.0154644 -0.0414707 -0.0315379 9.42233e-05 0.0114909 -0.0104991 0.00112573 -0.0159139 -0.0193906 0.0102651 -0.0241618 0.00909134 -0.00197819 -0.0322047 -0.022597 -0.00682849 0.0139729 
-0.00779678 0.0110305 0.0128359 -0.0118784 -0.0302052 -0.0185279 -0.00783216 -0.0269071 -0.00876382 0.000440812 0.00469783 -0.00814017 0.00394946 -0.0157552 0.00376781 -0.000132879 -0.00993487 0.0130881 -0.0294912 0.00826595 0.0192995 0.0232408 -0.0116297 0.00505209 -0.00981718 0.041043 0.0135275 -0.0261863 0.0102062 0.0111198 0.0140399 -0.010424 -0.0489979 -0.00560778 0.00861747 0.0029904 0.000835453 -0.0263587 0.0122356 -0.0308394 0.0218071 -8.04177e-05 -0.041746 0.0136113 -0.00693669 0.0227802 0.038966 0.0224786 -0.0139929 0.015358 -0.0239342 0.012612 0.00349269 0.0148072 -0.00439813 -0.0196124 0.0109809 -0.00917614 -0.000316974 -0.0256631 0.00971483 0.0426115 -0.035916 -0.0264468 
0.0310938 -0.0169907 -0.0332493 0.00140925 -0.05584 0.00495734 -0.0120254 -0.0100749 0.00972645 -0.00152313 -0.00125448 0.00101815 0.0160048 -0.0358579 -0.00790546 -0.0202242 -0.0206039 0.0126634 -0.0303023 -0.00276125 -0.00132325 0.0190889 -0.00596043 -0.0314829 0.00569355 0.0304922 0.0290477 -0.0130289 -0.00834058 0.0013366 0.0397235 -0.00768175 -0.0183109 -0.0117251 0.00158396 -0.00841596 -0.0185815 -0.00496465 0.00101762 -0.0118157 0.00916302 0.00813104 -0.00566381 -0.0152798 0.00556899 -0.0465035 -0.0045451 0.0149145 0.00191735 0.00118298 0.0062168 -0.0294565 -0.00162848 0.0135842 0.0106888 -0.00412557 -0.0189504 0.0301428 0.0225688 -0.0231275 -0.0281749 0.0114412 -0.0190037 0.0178252 
-0.00837735 0.0131947 0.00697587 -0.00976753 -0.0142444 -0.0211146 -0.048072 -0.0140017 0.00108012 0.00626515 0.0363073 -0.0142062 -0.00494931 -0.0361881 0.013008 -0.0334532 -0.0506272 0.00880882 -0.00491989 -0.0048954 -0.0200769 -0.0117206 0.00598622 0.00295831 0.0314276 0.0133425 0.00291898 0.0270222 0.00947018 -0.00470253 0.0139916 -0.0284214 0.01983 -0.0175072 0.00316862 -0.00980177 0.0396029 -0.0213687 0.00800427 0.0305795 -0.0104195 0.00214519 0.0444032 0.0410718 -0.0338814 0.0121533 0.0391936 -0.0274019 -0.0322514 -0.0293391 -0.0134279 0.0255121 0.000143993 0.0241493 -0.0143674 0.000845405 -0.00673271 -0.00405562 -0.00859797 -0.0158542 0.0414589 0.0141735 -0.00362689 0.0313677 
-0.00648103 -0.0272409 0.00203519 -0.00595419 0.031235 -0.00550521 0.0255848 -0.00809809 0.00149159 0.0189051 -0.00560278 0.0140157 -0.0134116 -0.00669526 0.0337093 -0.00685982 -0.00313487 -0.0419915 0.0116967 0.0105391 -0.00816159 0.0391782 -0.00267023 -0.0213874 0.0242896 0.00207382 -0.0173703 -0.00893488 0.00277122 -0.0278186 -0.0190785 -0.0213056 0.0343448 0.0218811 -0.00379757 -0.00770224 0.0474674 0.00856018 0.00207976 -0.0142325 0.00378362 0.0153037 0.000883904 0.0191034 -0.0443603 -0.00255002 -0.042139 0.0326351 -0.0188839 0.0111926 0.00731682 -0.00984524 -0.018501 -0.033341 -0.000454241 0.0215766 -0.0128581 0.0183019 0.018792 0.000561103 0.0059112 0.0177739 0.00533811 0.0252577 
-0.00360633 0.00817062 0.0134348 -0.00668652 0.000302758 -0.0123821 0.0106808 -0.0424175 0.00509368 0.0260605 0.00175299 0.00575682 0.00852399 0.018532 0.0127232 0.00524826 0.0190794 0.00102391 0.0309406 -0.0105862 -0.00340071 -0.00844801 0.0227794 0.00728906 -0.00502238 -0.0348091 0.032943 0.011328 -0.0222049 0.00707476 -0.0145916 0.0185328 -0.0142632 -0.00716044 -0.017598 -0.0203155 -0.0306067 -0.00150351 -0.0372686 0.00941696 0.00260462 -0.00733066 0.00990294 -0.00517141 -0.0193237 0.0291752 -0.00487068 0.00258924 -0.0185416 0.0283615 0.0128264 -0.00388192 -0.00662452 -0.0111913 0.0169175 -0.0521642 0.0168192 0.0203951 0.00694154 -0.00454709 -0.00120668 -0.0100078 0.0188803 -0.00592158 
0.0050561 -0.0329677 -0.00594596 0.00938791 0.00937719 0.0134067 0.00644422 -0.00242285 0.0182181 -0.0224703 -0.00739579 0.0373395 -0.042931 -0.02845 0.00422091 0.0245893 0.0321595 0.000291347 -0.0200192 0.0115308 -0.0243699 0.0211618 0.0250095 -0.00387218 0.00463525 -0.015484 -0.00941777 0.00740669 0.005206 -0.00225927 -0.0014634 0.000921796 -0.0163585 0.0615344 -0.02355 -0.0154302 0.000391711 -0.0172561 -0.0139038 0.00758537 -0.0122836 -0.000835618 0.000126022 0.0078696 -0.0163931 0.000659491 0.000436489 0.0075201 0.0211272 -0.00236875 0.0189401 -0.0231324 0.0279802 -0.00416852 0.0060092 0.00212037 0.0131837 0.0126751 0.0245365 0.0189046 -0.000550633 0.0182301 -0.00421513 0.000278714 
0.0199101 -0.00900024 -0.0085096 -0.0268933 0.0051412 -0.00507423 -0.0204883 0.0240815 -0.0152789 0.0249153 0.0130694 -0.024771 -0.00153884 -0.00938196 0.0423089 -0.00718411 0.00280523 -0.00942738 0.0205413 -0.0110411 0.0312747 -0.00994432 0.0107991 0.00367608 -0.00542529 -0.0321877 -0.00277448 0.0187837 -0.00471058 -0.0278053 -0.00657216 -0.0205902 0.015046 0.045217 -0.00806818 -0.011425 0.0203067 0.00398229 -0.0251382 0.0205591 0.00279388 0.00529082 -0.0223119 0.028385 -0.00866213 0.0176631 -0.0120865 0.0196811 0.000955917 -0.000478557 0.019627 -0.000570164 -0.00340365 0.0112735 0.0176665 0.0072532 0.0161592 -0.0205775 -0.0562846 0.00437347 -0.0182743 -0.0204627 0.0452719 0.00540717 
0.018952 -0.030273 0.00285003 0.0118785 0.0130185 -0.0385075 -0.00660773 -0.0141582 -0.00380708 -0.0155621 -0.0044999 0.0168793 -0.0126702 -0.0423296 -0.0386343 0.0488117 0.00942431 0.0296525 0.00530593 -0.0159751 -0.00334685 0.014605 -0.02457 0.016566 0.00338782 0.00467508 -0.00740852 0.0258257 0.00181415 0.00218272 0.0286626 0.00240018 0.00889467 -0.00925059 0.029265 0.0022331 0.00473051 -0.021535 0.0140277 -0.00838648 -0.0187934 -0.00455717 0.00629452 -0.0073988 -0.00449143 -0.0363222 0.0244143 0.00314532 0.0388147 0.0453602 -0.0168172 0.000198046 0.00555978 0.0411867 -0.034673 -0.014887 0.0254072 -0.0104453 0.0132489 0.0279821 -0.00937252 -0.0326613 0.00222797 0.00608835 
0.0131324 0.00953569 0.00165517 -0.0152354 0.0060565 -0.00197493 0.00216222 -0.00553646 -0.0209597 -0.0483052 0.0235674 -0.0178173 -0.024554 -0.00581375 0.00930726 0.00449763 -0.00837768 -0.0252136 -0.0144167 -0.00269349 0.0278267 0.0040088 -0.00472028 0.0192788 -0.00652092 -0.0156875 0.0267519 -0.00886569 -0.0138749 -0.0199758 0.0206848 0.0195285 -0.0189498 0.0148368 0.022606 0.0297804 0.0408291 0.0229086 0.0199279 0.00955686 0.00634629 0.0163173 0.0243754 0.0101184 0.0132024 0.0233801 0.00397092 -0.00738799 -0.00241887 0.0105647 -0.012367 0.00713354 0.0165849 0.0307907 0.0552535 0.00970136 0.0413131 0.0529623 -0.00884785 0.00508361 0.00641749 -0.015122 -0.011275 -0.0233138 
-0.0158226 -0.0114058 -0.010066 0.00790907 0.00553093 -0.0238615 -0.0117375 -0.00525169 -0.0115263 -0.0135429 -0.00457308 -0.00859269 0.0133159 0.0152395 0.0370972 0.000156157 -0.0156324 -0.00589525 -0.0324179 0.0141191 0.0244964 0.0329343 0.0186318 -0.00689225 0.0191695 -0.0209256 -0.0203501 -0.00412531 -0.00176812 -0.0360099 -0.000658771 0.0146047 0.0135303 0.00211236 0.00923038 0.00420441 -0.00358765 -0.015201 0.0489955 0.00797929 -0.00920557 0.026087 0.0125284 0.0319888 0.0150126 0.0156216 -0.00780299 -0.0220031 -0.0282449 -0.0237554 -0.0200061 0.000238987 -0.0103791 0.0150902 -0.0073629 -0.0102968 0.0174274 0.00775418 0.0097057 0.0241666 0.0189286 0.0207785 0.0111146 0.00493605 
-0.0194714 -0.0283366 0.0144159 -0.000769941 -0.0143393 0.00879787 -0.026432 -0.0155355 -0.0471292 0.0069154 0.0175517 -0.0168055 -0.0141002 -0.00233036 0.0119117 0.00536498 -0.00387937 0.0120282 0.0206396 -0.00951359 -0.00662108 0.0159393 -0.0193946 0.0202656 -0.0246063 -0.00767686 -0.0185878 0.00807764 -0.0108643 0.00523634 -0.0106977 0.022181 0.0284849 -0.0332779 0.0188879 0.00600531 0.0069145 0.00707875 -0.0203734 0.00507549 0.0128941 0.0256018 -0.0268865 0.0164422 -0.00676132 -0.00782046 0.0267592 0.000618723 0.00454355 -0.00636715 -0.0261187 0.00696352 -0.00559628 0.0116835 -0.00729677 -0.0306369 -0.0202753 -0.0148923 0.0145828 -0.01449 -0.00128797 -0.00869681 -0.0316659 -0.00768395 
-0.0118209 -0.0176403 -0.00901458 -0.00507241 -0.0188304 0.0248272 -0.00648127 0.00974319 -0.00417199 -0.0204917 -0.0179954 -0.0214758 -0.00210067 -0.00728756 -0.0360078 0.00165179 0.00446014 -0.0236463 -0.00305379 -0.0178426 -0.0276595 -0.00468329 -0.00203196 -0.0118839 -0.0347621 0.0225879 0.0171921 0.0180692 0.0172199 -0.00834352 0.00940862 -0.00757069 0.0360294 0.0291423 0.0210355 -0.0225705 -0.0113826 -0.0274839 -0.00324877 0.0160541 0.00326462 -0.00379315 -0.00106221 -0.0274334 -0.0120291 -0.0364126 0.0345748 0.0281202 0.0311245 -0.0199298 0.0342809 -0.0212019 -0.0111763 0.0205075 0.0376304 -0.0266118 -0.0296512 0.00207778 0.0221399 0.0158069 -0.0130654 -0.00898065 0.0250061 0.00310882 
-0.00100964 -0.00472222 0.00520937 -0.00143715 -0.0295433 -0.0078631 -0.0151554 0.00484261 -0.0218955 -0.0160646 -0.00628901 0.0240216 0.00190473 -0.000234686 -0.00414838 -0.0120436 -0.02168 0.00737192 0.0197578 0.0213849 -0.0137235 0.0667883 -0.0087392 0.0164162 -0.000959176 -0.0233161 -0.00865341 0.00368962 0.00808363 0.0150903 0.00567877 -0.000793985 0.0247153 0.0394113 0.0168448 -0.0273494 0.0129677 -0.0313187 -0.0150712 -0.00625509 -0.0137003 -0.00060114 -0.00950529 -0.0268329 0.00524953 -0.0409038 0.00626511 -0.0123067 -0.0231308 -0.0178619 0.0103669 0.0173878 -0.0142025 -0.0246975 0.00573446 -0.00353578 -0.00186857 -0.00093663 0.0042287 -0.00425233 0.000317765 -0.0341957 -0.0142397 0.0245921 
-0.00148062 0.00403114 -0.00483941 -0.00207999 0.00542497 0.0138275 -0.0100438 -0.0394897 0.0167364 -0.0194001 0.00165236 -0.00285835 -0.0257376 0.0126364 0.0142028 0.000788537 0.000343768 0.0444891 -0.00564844 -0.0149782 0.0218938 -0.022239 0.0242428 -0.0389665 0.0116962 -0.0251689 0.00333242 -0.00825325 -0.0161263 -0.0161488 -0.0159188 -0.030702 -0.0346023 -0.0163178 0.00798883 0.00419838 0.000562599 -0.0274954 -0.00674835 -0.0266326 -0.0369544 0.0108205 -0.0263803 -0.00543588 0.00302712 -0.0196858 -0.0187576 0.00997824 -0.0211905 0.00964671 -0.0268227 -0.0115048 0.00988025 -0.0183645 -0.0242918 -0.0270974 -0.0254186 0.0120494 0.0339495 0.0108934 0.00724197 -0.0461226 0.00727357 -0.0171116 
-0.0152201 -0.0144753 0.0107414 0.00784403 -5.67087e-05 0.0213141 -0.0132682 0.00558596 0.0134559 -0.00725557 -0.00990295 0.00279351 0.0104404 -0.00793777 0.00751804 0.00552439 -0.00363849 -0.0328321 0.0019819 0.0264753 -0.0027221 0.0154545 0.00578055 0.000827595 0.0107933 0.0119609 -0.00904573 -0.00763327 0.0309413 0.0206961 0.0168397 0.0330329 0.0192827 0.024809 -0.0296966 0.00683824 -0.00490002 -0.0376479 -0.00999927 0.0264828 -0.0355288 0.0072185 -0.0214208 -0.010345 -0.0108387 -0.0206194 0.00299935 0.0216023 -0.00193175 0.00806872 -0.035064 -0.0181304 -0.0101736 -0.00388754 -0.0306509 0.0145285 -0.0284521 -0.02178 -0.0104973 0.0183963 -0.0130003 -0.0359332 -0.0108397 0.0310165 
0.0158334 -0.0287068 -0.00427803 0.00710562 0.00659555 -0.0137967 0.00879337 -0.0110489 -0.0101442 0.0111014 -0.0155577 0.0100518 0.0141992 0.0527136 0.000168065 0.0187362 -0.033382 0.00298898 -0.00567524 -0.0290166 -0.00924119 0.0118426 -0.0143708 0.000532545 0.0257298 -0.011942 -0.0144483 0.0251817 -0.00309494 0.0259461 -0.00980358 -0.00383205 -0.0115532 0.0229291 0.0260521 0.0222677 -0.00763667 0.017896 -0.0004245 0.0327249 0.00556695 -0.00939467 -0.019114 -0.00150684 0.0136653 -0.00730934 -0.00658617 0.0141265 0.0327272 -0.0261191 0.00546762 0.00516923 -0.00783248 -0.00585356 -0.00318165 0.0108324 0.00116154 -0.0236884 0.00755607 0.00226255 -0.00480464 0.0209073 -0.0014206 -0.00522194 
-0.0135171 -0.0253105 0.000415225 -0.0212558 -0.00846751 0.0197716 0.00367901 -0.00664196 -0.00588943 -0.0170861 -0.0088734 -0.00146515 0.016897 -0.0101639 0.00548286 -0.0480263 0.0304432 0.00793502 0.0151561 0.0159486 -0.0609608 0.00188094 0.0130847 -0.000283439 0.0223058 -0.0141607 0.00512729 0.00407056 -0.0377546 0.055835 -0.00303374 0.00741463 -0.00716409 0.00712521 -0.0154512 0.00461119 -0.00239425 0.0117108 -0.0100179 -0.00218951 -0.000333895 -0.022172 -0.0353366 -0.00996103 0.024304 -0.00267605 0.0219676 0.0441674 -0.0207938 0.000507118 0.0347712 0.0164264 -0.0295732 0.0309691 0.0358057 0.00279376 0.0271641 -0.0120184 -0.0100564 0.00575533 0.0426497 0.0174562 -0.045204 0.00541199 
-0.0351822 0.00177539 0.019468 -0.0167668 0.0356609 -0.000221994 -0.00871293 0.0258526 -0.0103075 -0.00836954 -0.0360323 0.00658084 0.00170711 0.000864319 -0.0303622 -0.0072118 0.0192181 0.0209304 0.00468835 0.0164741 0.00825179 0.0290132 -0.000717734 0.0170498 -0.00219758 0.000148591 -0.0505637 -0.0350695 0.0273591 0.00612263 0.0339209 -0.0285825 0.0125502 0.00939044 -0.0284465 -0.0382024 -0.00765101 -0.0134982 -0.0164516 0.0173164 0.00629362 -0.0538463 -0.00690342 0.0135751 0.0059041 -0.00776378 -0.0260865 -0.03268 -0.02267 0.0029637 0.029169 0.027453 -0.00172503 -0.0147247 0.0310921 -0.0193061 -0.0338188 -0.0193867 0.0144651 -0.0195033 -0.00162925 -0.00625924 0.0286397 -0.00584069 
-0.0301318 0.0315474 0.00498247 0.0229464 -0.00714598 -0.0350561 0.0379496 -0.00400682 0.0312449 0.00480266 -0.0175494 -0.00325457 -0.0487409 -0.00364411 0.0190019 0.00589941 -0.051074 0.00683521 -0.0123628 0.00874125 -0.00536169 0.0144769 -0.0130325 -0.000691345 -0.00628736 0.0303912 0.0246865 0.0218232 0.025211 0.00941014 0.0389494 0.0167903 0.0263417 0.00884696 0.00278606 0.00500613 0.0169298 0.0123061 -0.0279519 -0.0107265 -0.0060828 -0.00565143 0.0319079 0.00682986 0.00186257 0.00902756 0.00353235 -0.0350685 0.000950307 0.00293415 0.00574627 -0.01613 -0.00369504 -0.0273044 0.0353774 -0.00414209 0.00568616 0.0238172 0.00870973 -0.0200655 0.0114781 -0.00990981 -0.030694 0.00816755 
0.0193862 0.0324045 -0.00498074 -0.00582752 0.0164059 -2.4133e-05 0.000167119 0.00166888 0.0281561 -0.0248668 -0.0104349 -0.00601115 -0.0088044 -0.00372546 -0.00844368 -0.0174771 -0.011083 -0.00909701 0.0132245 0.0018042 0.0510328 -0.00568096 -0.00152743 -0.0192105 0.0175149 -0.0138768 -0.0122369 0.0261811 0.0110921 0.00694093 -0.0163731 -0.01372 0.0184392 -0.00817358 0.00776851 0.0381864 0.0150819 0.0199694 -0.00508552 -0.0289864 0.0507179 0.014964 0.026999 -0.00412671 -0.000687496 -0.0138314 0.0168889 -0.0015893 0.00408894 -0.000267807 0.0382359 0.0277561 -0.000334351 -0.0163499 -0.0170106 -0.000547087 0.0353395 -0.0201522 0.0182834 0.0280375 0.0113993 0.012552 -0.0204725 -0.00780613 
0.0209518 -0.00909823 -0.000628173 0.0058023 -0.0147439 -0.00516717 -0.00468922 -0.00683723 -0.040922 -0.0128616 0.0224907 0.0413188 -0.0264403 -0.0174749 0.00875009 -0.0103669 -0.0139487 -0.0196778 0.016538 0.037359 -0.0155669 -0.00823147 -0.00274366 0.00848654 -0.0153474 -0.00512492 -0.0118638 0.0334122 -0.0220852 0.01685 -0.00439075 0.0332742 -0.00602729 0.0236195 -0.00172259 0.0151366 -0.00713281 0.000842701 0.0216551 -0.00805788 0.0100237 0.0042111 0.0366629 -0.0260393 0.0032927 0.0216748 -0.0230047 -0.0234135 0.00611216 -0.00133757 0.00299978 0.0137929 -0.00976435 0.0104726 0.0107131 -0.0132695 -0.0137279 0.00345032 -0.0139552 0.0122803 0.015682 -0.0145637 0.00691553 0.0133173 
0.0189301 0.0377153 0.00852282 0.00380693 0.026224 -0.0275403 -0.00413634 -0.02978 -0.040856 -0.0210118 0.017234 -0.00550504 0.0362766 0.0129755 0.0291997 -0.0404461 -0.00137038 -0.000975127 0.000668185 -0.0414878 0.00656823 -0.00433027 -0.00367707 0.00514036 0.014333 -0.0102977 0.0196297 0.0200952 0.0316049 0.0115441 -0.0154506 -0.00440359 0.0183132 0.0134083 0.0415955 0.0229097 -0.0485812 -0.00302924 -0.0131038 -0.00844115 -0.0215806 -0.000711164 0.0212515 0.055088 0.0361916 0.010274 0.00244123 -0.0150168 0.0109303 0.031873 0.00342224 -0.0222713 -0.00506863 0.0210835 -0.000358702 0.0159101 -0.00686925 0.0123777 0.000188541 0.00166621 0.0255748 0.0192857 0.0159297 -0.00623874 
-0.0174205 0.00512667 -0.0217342 -0.00345334 -0.0260312 -0.0139591 -0.0202113 0.00274862 -0.00952718 -0.0241088 0.0197528 -0.0115719 -0.00508201 0.0431615 0.0174877 -0.0286378 -0.0266004 -0.0234233 -0.0242865 -0.0334608 -0.0426534 0.00220911 -0.00335764 -0.0288016 -0.00488151 -0.0235636 0.00936757 0.0199505 -0.00977378 -0.0112988 0.00757468 0.0228141 0.0270984 -0.0152301 0.00902892 0.0109542 0.00179906 0.0252826 -0.0364382 -6.32463e-06 -0.00981066 0.0177714 0.0139591 0.0178787 0.000692409 0.0154509 0.0159616 -0.00653944 0.0198696 -0.0102204 0.0153822 0.00449653 -0.00487685 0.0312801 0.0145321 0.0329297 -0.0098094 -0.00786865 0.00511538 -0.0101949 0.0169706 0.0391102 0.00366707 0.0288873 
0.00157763 0.00483417 -0.0389428 0.0169092 0.0147287 -0.000735876 -0.00947806 0.0237072 -0.0146274 -0.00102369 -0.0201026 -0.00171365 0.0414953 -0.00468354 0.00260557 0.0081903 0.0125525 0.00389497 -0.0153231 0.0143087 -0.0264137 -0.00659734 0.0333243 0.00714926 0.0058829 -0.0148408 -0.0127881 -0.00200821 -0.00800668 0.0189661 0.0123991 0.00725595 0.00892872 0.00242309 -0.00365061 -0.0129476 -0.00157208 0.0040884 0.0382592 -0.0226552 0.0394583 -0.0116011 0.00209479 0.0136658 0.0267114 0.0496446 -0.0346693 0.00618819 0.0239394 0.00409585 0.00245681 -0.0284391 -0.0171921 -0.0279022 0.0150506 0.0230709 0.0270472 0.00157845 -0.0194575 -0.0118864 0.00243828 0.0356447 0.0137013 -0.0107936 
0.0144693 0.00255197 -0.0106515 0.0151369 0.0182955 -0.0146013 -0.00623412 -0.0104535 -0.0213459 -0.000804922 -0.00503039 -0.0199453 -0.0233659 0.0383037 -0.00147836 0.0337998 0.0181215 -0.0280541 -0.0173602 0.0209805 0.00821737 -0.00236425 0.0308476 0.0163018 0.0318445 0.0271876 0.0269604 -0.0532775 0.0167732 0.0246013 -0.00209671 -0.015118 0.0050671 -0.0242675 -0.0255071 0.00430488 -0.00173264 0.011422 0.0314321 -0.00205983 0.00996361 -0.0502009 0.0335689 -0.0339405 -0.00987377 0.00920215 -0.0106647 0.00652429 -0.00993871 0.00727759 -0.00396875 0.00119747 0.00677832 0.000667188 0.0464379 -0.00318265 0.0484714 0.0160983 -0.00906565 -0.00491229 0.00701227 0.0345267 0.00742849 0.014949 
-0.0297088 -0.00172394 -0.00111841 -0.00796682 -0.00394387 0.0100084 0.00648287 0.0231807 -0.00811399 0.00866017 -0.0328171 -0.00316295 -0.0143997 -0.0055681 -0.0040817 -0.00348388 0.0324554 -0.0256215 -0.0370914 0.0394702 0.0108182 -0.0133184 -0.0349578 -0.00021952 0.0327755 0.0042161 0.00685457 -0.0359172 -0.01114 0.0135403 -0.0466211 -0.0212937 0.00180476 -0.0204796 0.0191612 -0.023019 0.0216876 0.0210097 -0.0112265 -0.022751 -0.00499335 0.00206608 0.0104352 -0.0272722 -0.0158567 0.00983318 -0.002322 0.00163898 0.00219444 -0.00811717 0.0172914 -0.00726695 -0.0206932 -0.0046647 -0.0375009 0.00914788 -0.0017467 0.0340939 -0.0199083 -0.00080218 0.0055052 -0.0514961 0.00530044 0.0156439 
-0.00164748 0.0029001 -0.0182308 -0.000639322 -0.0423352 -0.0145003 -0.0230256 -0.0332989 -0.00548897 0.0266665 0.0429467 0.0187016 0.0203659 -0.010832 0.00400748 0.00744258 -0.000416771 0.0157636 -0.0185167 0.00439314 0.031014 -0.0206641 -0.0064115 0.0419498 0.0352804 -0.0141567 -0.0288726 0.0171638 -0.0269689 0.0041535 0.0068723 0.0117846 0.0032587 -0.0431409 0.00657861 0.000800545 0.00228678 -0.00690171 0.0309316 0.0160152 -0.0108028 0.0187077 0.00455443 0.0138413 0.0131107 0.0286807 0.0295227 -0.0102533 0.00352585 -0.0146441 -0.0402504 -0.014559 -0.0149339 -0.0269928 0.0211326 0.00395184 0.00340801 0.00403779 0.00971018 -0.00989508 0.0257127 0.015485 0.000745396 0.0119991 
-0.000641217 -0.0209858 0.00812798 -0.0377075 -0.00581484 0.00189596 0.00275267 0.00892733 -0.0274541 -0.0033484 -0.0520481 0.0172418 0.0229817 0.00609837 0.00817997 -0.0178007 0.0127106 0.024848 0.0138131 0.0069776 0.00645503 -0.0202415 0.00909214 -0.0255839 -0.0367939 0.00126717 -0.0175656 -0.0029355 0.0372078 -0.000685071 0.00481515 0.0236556 -0.00465007 -0.00515494 0.0211632 -0.0107965 -0.00223128 0.0312317 0.0316531 0.0217761 -0.00525694 -0.0319385 0.0399412 -0.0369598 -0.00370647 0.0380878 -0.00142303 0.0149459 -0.0303068 0.0041964 -0.0252576 -0.0135435 -0.024854 0.0257926 0.0214106 -0.0252401 -0.0173773 0.0169001 0.0358063 0.0121353 -0.0280204 0.0177482 0.0145907 -0.0344482 
-0.00439693 -0.0143695 0.0018417 -0.0156909 0.0158105 0.0367544 0.00375795 -0.00519364 0.0307223 0.00285185 0.0304413 -0.00560147 0.0157421 0.00176014 0.00554685 0.000794755 0.0298503 0.0313028 -0.0014342 -0.00662818 0.0123376 0.000227417 -0.000195812 -0.000994794 -0.00848451 0.0188838 -0.0139006 -0.0103738 0.0103506 -0.0138404 0.0174282 0.000113121 0.0112964 0.00172956 0.013772 -0.0104689 -0.0119119 0.0120749 0.00139362 -0.0198597 0.00580566 0.00676997 0.043725 0.0154879 -0.0174752 -0.00887276 -0.00853757 -0.0295879 0.0240911 0.0231935 -0.00713392 0.0551478 0.00225945 -0.040853 0.0118293 0.0285226 0.00340975 0.0130181 -0.0033855 -0.0183702 -0.00475718 0.00420533 -0.00593101 -0.013835 
0.0117295 0.0165708 -0.0134444 -0.0102688 0.0206568 -0.00453996 -0.0235805 -0.0202965 -0.00940491 0.031592 0.00562632 -0.00633417 0.0136694 -0.00937649 -0.0274672 -0.00916389 0.0369458 -0.00726458 0.000507801 -0.0334466 -0.0034804 -0.0277717 0.00305481 -0.0241999 0.0242641 -0.00144578 -0.0167545 0.023925 -0.00550926 -0.023805 0.0351356 0.00795356 -0.0193386 -0.00942734 9.75987e-06 0.00787292 0.00303219 -0.00940345 0.00766321 0.00685418 0.0286616 -0.0261317 0.0328978 0.0110393 0.00154712 0.00195686 -0.00080552 -0.00873934 -0.00569813 0.00574878 -0.00676108 0.00100602 0.0210826 -0.0280691 -0.00242801 0.0317738 -0.0137579 -0.0129877 -0.0174499 0.0195652 0.0411237 0.0110686 -0.0233818 0.0163362 
-0.00727669 -0.00223569 -0.0070629 0.0197614 0.0039924 -0.0222027 -0.00788685 -0.0332831 0.0313801 -0.0411507 -0.0130332 -0.0214331 0.00515035 -0.00585292 -0.0155121 0.00850409 0.0501927 -0.00726552 0.0274074 -0.0266206 0.0154106 0.0119882 0.0306629 -0.0206315 0.0229316 -0.0391249 0.0193256 0.0158951 0.0187401 0.00427089 -0.0165295 -0.00366965 0.00537239 -0.0128636 0.00587083 -0.0120208 -0.0226308 0.00514372 -0.00208542 -0.0366538 0.00853127 0.00317964 -0.00632884 -0.016924 -0.0160231 -0.027023 -0.0322953 0.0265326 0.0012739 0.0188595 -0.0106085 -0.00695965 0.00879725 0.00848738 0.0320473 0.0175326 -0.00494295 -0.0174362 0.0185861 -0.0365626 0.00775363 0.02733 -0.0197324 -0.0134168 
-0.00526204 0.0137069 -0.0314519 -0.0193425 -0.0225154 -0.00692767 -0.00866573 -0.000881147 -0.0426827 0.0173632 -0.00920353 0.00288772 0.0050604 -0.00604043 0.028084 0.00665894 -0.00756827 -0.0151314 0.0105401 -0.00387784 -0.00705993 -0.00212484 0.0279582 0.0127473 -0.00234759 0.0280367 -0.0288557 -0.00608026 -0.0139793 0.0539697 0.0528854 -0.0319708 -0.00498407 0.00629802 0.0556883 0.00829225 -0.0063744 0.0293291 0.0288611 -0.0378131 -0.0166145 0.000373926 -0.0196088 0.00157282 -0.00981949 0.046741 0.0153227 0.0356879 0.00904265 0.025056 -0.0187888 -0.0128096 -0.0140556 0.000399138 -0.0208394 -0.000940972 0.00395243 0.00622093 0.00875754 0.0235476 0.0392794 -0.0076169 0.0317038 0.0154016 
-0.042941 0.021033 -0.0249296 0.026462 -0.00199333 -0.00983006 0.0423187 0.0131243 -0.0139943 -0.00631665 0.0216826 0.00066667 -0.0194083 -0.0112312 -0.0187984 -0.0252293 0.00827874 -0.0117825 0.0257662 0.00923979 -0.00219162 0.00855259 0.0300695 -0.0196911 -0.0361716 -0.0239768 0.00996535 0.0107421 -0.0041704 -0.000483113 0.0407307 0.0142183 0.00647346 -0.0289325 0.00831985 -0.0243656 -0.00535268 -0.0062459 -0.0233474 -0.02334 0.0158121 0.0192015 0.0110245 0.00308181 -0.0143936 0.045456 -0.0338534 0.017008 0.00457499 -0.0181922 -0.0302531 0.0142614 0.000536221 0.00322489 -0.0123968 -0.0131491 -0.0171557 0.00695462 0.0246632 0.0187944 -0.00872727 0.00869828 -0.0120997 0.0173987 
-0.00179526 -0.0167747 -0.0038483 -0.0236443 -0.0120397 -0.0289844 0.0261319 -0.0141887 0.00858128 0.0136515 -0.00830506 -0.022988 0.0168158 -0.015656 -0.0175598 -0.000917305 0.0258932 -0.025862 -0.0207472 0.000724424 0.038412 -2.71415e-05 -0.00417051 0.0266421 0.0239563 0.00710865 0.00482923 -0.0147033 0.0206476 0.00612934 -0.00293643 0.0165179 0.00731641 0.0132521 0.00975262 -0.0133744 0.0130015 0.000827187 -0.0204074 0.0277599 0.0135921 0.0071183 -0.0213672 0.0231709 -0.01339 0.0214598 -0.0275574 -0.0246698 0.0189684 0.00935013 0.0124733 -0.010517 0.042153 -0.0154093 0.00588229 0.0116597 0.0227398 -0.00714286 0.0200332 0.00693597 -0.018116 -0.0189492 -0.0273723 -0.0180755 
-0.0322381 0.0158511 0.0271549 -0.00925215 0.0193346 0.00201058 -0.01665 -0.00838401 0.0289531 -0.00168847 -0.00172082 0.0231098 -0.0327332 0.00659027 -0.0145654 -0.00331151 0.0276928 -0.0458475 -0.0134343 0.0232373 -0.0437225 0.0270815 0.00167723 0.0225629 -0.0133251 -0.00982023 0.0239224 -0.0108862 -0.00585619 -0.00872066 -0.00134842 0.015267 -0.0027823 -0.00479599 0.0219703 0.0256318 0.00890622 -0.0152851 -0.0123167 -0.0168057 -0.0236937 0.00175905 -0.00579133 -0.0013652 -0.0336179 0.0126629 0.00871262 -0.025977 0.00960067 0.00267792 0.0372032 -0.000382131 0.00155878 0.0323658 -0.00448304 -0.0141114 0.0243854 -0.000621907 -0.00844762 -0.0157714 0.0214368 -0.016268 -0.0124991 -0.0343946 
-0.0337375 0.0270599 -0.029152 -0.0167014 0.00616222 -0.0120305 -0.00802604 -0.0259084 0.00345834 0.0249205 0.0133508 0.0124363 0.0222476 -0.00969101 0.0522463 -0.00263921 -0.010478 -0.0163117 -0.0106348 -0.0333283 0.0146963 0.0159462 0.0198514 0.0102673 -0.0264653 0.0222772 0.0086422 -0.00858874 -0.0138573 -0.0127097 0.00043846 0.0355874 0.0250886 -0.0163073 -0.00261204 0.0051769 -0.00225128 0.0219298 0.0100583 -0.0224891 0.0028936 0.0184215 -0.0105015 -0.022478 -0.0354833 0.0144545 -0.00757152 -0.0144285 -0.00898072 -0.0129394 0.00327124 0.0124749 -0.0245676 -0.00728517 0.014951 0.00395412 0.00718619 -0.0133109 0.00941716 0.0271346 -0.0133567 -0.00361384 0.00375584 -0.0396758 
0.0221023 -0.0148545 -0.0136512 0.00682518 0.0340172 -0.00481411 -0.00920886 0.0230406 0.00542359 0.00296537 -0.0213443 -0.00142588 0.0441899 0.0198288 0.0256354 -0.0182427 -0.00470407 0.0169231 -0.0194296 -0.0031406 -0.0263653 0.0204048 0.0102472 0.00367388 0.0214425 -0.0231702 0.0101515 0.0224896 0.0117194 -0.00304107 0.01841 -0.0116081 -0.0494766 -0.00415883 0.000718287 -0.0217068 0.00381222 -0.0183204 -0.0212225 -0.0231753 0.0029132 -0.0211852 -0.00736059 -0.0100203 -0.00319363 -0.0212302 0.00163941 0.0254496 -0.0264763 -0.0371283 0.00641769 -0.00163268 0.00826107 0.0316654 0.0134403 -0.00698724 0.0165382 -0.000664932 0.00336337 0.0425641 0.00589559 0.0135213 -0.00841243 -0.00496465 
0.0260174 -0.00529425 0.0201418 0.00202 -0.0193265 0.0317202 0.00323738 0.044215 -0.0273784 0.0348978 -0.00105829 -0.0345151 -0.0216209 0.0059924 -0.0129682 -0.0201027 -0.00792739 -0.00888642 -0.00557713 -0.0368778 -0.00944439 -0.0410731 -0.00338142 0.0044926 -0.0243069 0.0327986 -0.00959743 0.00940856 -0.0049707 0.00477434 -0.0128689 -0.0222035 -0.00488192 0.0129404 0.0256598 -0.0131252 0.0130688 -0.0144056 -0.0064063 0.0147121 0.00650638 -0.0144761 0.00349584 0.0126162 0.00860555 0.0480221 0.0381631 0.00512999 0.00164131 0.0117492 -0.00624349 0.0219923 0.0121186 -0.00294615 0.0062133 -0.0359942 0.00556987 0.000257089 -0.0355011 -0.0151693 -0.0190781 0.00188 -0.0248843 -0.0145553 
0.00345 0.00837644 0.00546454 0.0056591 0.0128517 0.00770316 0.0104006 0.0016673 0.0191164 -0.0183418 -0.0158426 -0.0279048 0.0203462 0.0238312 -0.00122847 -0.0124085 -0.0144536 0.00320884 -0.0167967 0.0213188 0.0107202 0.000660576 -0.0308921 0.00432042 0.000425973 -0.00544098 0.0405518 -0.0202165 0.00668396 0.0162889 0.0159866 -0.0125268 0.000365609 -0.0049801 -0.0082694 0.020876 0.00625189 -0.00352695 -0.00556061 -0.0185924 0.00224784 0.0203527 -0.0160434 -0.00129137 0.0015126 -0.0356621 -0.0164244 -0.0212795 0.00254783 0.014535 0.0147492 0.00594938 0.00927749 -0.0219823 -0.0149208 0.0153171 0.0278137 -0.00830561 -0.0117893 -0.00662314 -0.0104449 0.00137543 -0.00848796 0.00258129 
-0.0175011 -0.00135396 0.0066574 -0.0272588 0.00234177 -0.00803402 0.00459123 -0.0272777 -0.00288208 -0.00204725 0.00515341 0.000671978 -0.039604 0.0128789 0.0143052 -0.0268297 -0.0144409 0.00123914 0.00432605 0.0100567 0.0135384 -0.00988087 -0.00617333 0.00444047 0.025353 0.0154758 0.026117 -0.00654584 -0.00293544 0.0355249 0.00204832 -0.00289007 0.028997 -0.00520532 -0.0137574 0.0205735 -0.0163942 -0.016449 0.00927541 -0.0133051 -0.00317621 0.0486013 0.0011389 0.0109263 0.00012565 -0.0139847 0.0100583 0.00766393 -0.00543217 -0.0297023 0.0066091 -0.0457563 -0.0284311 0.0244021 0.0264513 -0.0234676 0.0618514 0.036101 0.00713819 0.0101106 -0.00439435 -0.0381949 -0.00297597 0.0292012 
0.0255245 0.0321142 -0.00883257 0.0267821 0.0062776 -0.0205269 0.0419978 -0.0116964 0.00694486 0.00556713 0.00111167 0.00758186 -0.0166449 -0.0123381 0.0170302 -0.0166915 -0.00507237 -0.019193 -0.0162554 -0.0140186 0.0421905 -0.0120314 -0.00461123 0.0381744 -0.00472144 0.0122793 0.0284521 0.0125641 0.0495829 -0.0207538 -0.0344579 -0.000253022 -0.022419 -0.0268348 -0.00211249 -0.0265979 0.00600613 -0.0246601 0.0123456 -0.00689928 0.0262241 -0.0395632 0.0233862 0.0101017 -0.0294754 0.00541305 0.00860692 -0.00267733 0.0140835 -0.0129634 0.000392259 -0.00234504 -0.0121828 -0.00111226 0.0185429 0.0095068 -0.0118194 0.0150281 0.0151423 -0.000662545 0.0380801 0.0153517 -0.0501519 -0.00192077 
0.00164866 -0.0204354 -0.0290129 -0.00492364 0.0171422 0.0855978 0.00336814 0.00665275 0.0191224 0.0213141 0.0135801 -0.0281204 -0.00780647 0.00534983 -0.0235964 0.0126959 0.00767633 0.0152073 -0.000936729 -0.0187767 -0.00386567 -0.0038946 -0.0197522 -0.0148481 -0.00847905 0.0309932 -0.0101827 -0.00617981 -0.0154498 -0.00386886 -0.00439201 -0.0157227 -0.0126209 0.00657481 0.00762401 0.00966753 -0.0212615 0.0297214 -0.0292309 -0.012431 0.0167408 -0.024675 -0.0355617 -0.00273803 0.01467 -0.0129731 0.00160033 0.0122482 0.00607131 -0.0300673 0.0145588 0.0345694 0.00054626 0.0481114 -0.0387082 0.0373429 -0.00867345 -0.0169936 0.0106644 -0.0128479 0.0246001 0.0110004 0.0222937 0.0239647 
-0.0197848 -0.0209147 -0.0501695 0.0400221 -0.0161673 0.00348986 -0.0399251 -0.0330382 0.0521159 -0.0366381 -0.000515564 0.0261865 -0.00706924 0.0134937 0.0207548 0.0218507 0.0154767 -0.00718506 0.0251589 0.000365955 0.0210774 -0.0151611 0.0250431 -0.0173731 0.0221673 0.00790602 -0.0376339 -0.0133702 -0.028728 -0.0153042 0.0222503 -0.0140492 -0.00810806 0.0107659 -0.00133078 -0.00841531 -0.0037822 0.0276063 -0.00443716 0.0277716 -0.0319066 -0.0320333 -0.026751 -0.0112613 -0.00752922 0.0314303 -0.033486 0.00753425 -0.0061291 -0.0138855 0.0322943 0.0173405 -0.00227235 0.00716968 0.018294 0.0141461 0.00130405 -0.0208608 0.0315313 -0.00397705 -0.0495948 0.0136427 0.0117427 -0.0158965 
-0.0371751 0.0257827 -0.0510179 0.0136683 -0.0138397 -0.00925537 0.0433228 -0.0227393 -0.01773 -0.0187744 0.0324738 0.0128897 -0.0100565 0.0168045 -0.0278589 -0.0266655 -0.0135929 -0.0132659 -0.00570735 0.0250832 -0.0106308 0.00584039 -0.0203347 -0.020726 -0.0104979 -0.0513387 0.00314778 -0.0488656 -0.0344061 -0.0362605 0.016757 -0.00492021 0.0122897 0.0501045 0.0192182 -0.0228059 -0.0131722 -0.0102755 -0.0127791 -0.00629824 -0.0325857 0.0196224 0.0145931 -0.0219828 0.00527898 -0.0113288 0.013885 -0.00884946 -0.00514127 -0.0231774 0.0212225 -0.0184186 0.00167937 0.0044314 -0.00656828 -0.0233218 -0.0137275 -0.0126667 0.0228441 0.0219801 0.00080846 -0.00399627 -0.00962729 0.0217368 
0.00827178 0.010834 -0.0220697 0.0007191 0.00539486 0.0353874 -0.00723223 0.0134416 0.0116524 -0.0130144 0.00805441 0.00575815 0.013609 0.000771249 -0.0168071 -0.00977437 -0.00148331 -0.000117434 0.0145968 0.0342645 -0.0177509 0.0209763 -0.0468919 0.00683707 0.0109263 0.00734932 -0.014621 0.0241262 -0.0143618 0.0456223 -0.00228147 -0.00717453 0.0407756 -0.0160202 -0.00184706 0.0121683 -0.0219643 -0.00841541 -0.0023406 0.0140588 -0.0223728 -0.00177314 -0.0334149 -0.00951907 0.000415189 0.0107263 -0.0144166 0.0191664 -0.0264911 0.00982259 -0.0161623 -0.0208946 0.0158813 0.00765153 -0.0151111 -0.00992707 -0.0248795 0.0100781 0.0208107 -0.00280783 0.0239668 -0.00927942 0.00516626 0.0129175 
-0.0117447 -0.0405239 0.032108 -0.0026339 -0.00767071 -0.0364396 0.0158317 0.0210611 0.0148245 -0.00614427 -0.00351888 0.0271419 0.0002221 -0.00593861 -0.0268684 0.0178622 0.0359472 -0.000988247 -0.00449803 0.0259039 -0.0292758 -0.0117342 0.0093249 -0.024494 -0.0285616 0.0254972 -0.0231485 0.00130044 -0.00357549 -0.021226 0.0107852 0.0301488 0.0217519 -0.0261715 -0.0167851 -0.00415586 0.00260807 0.0184899 -0.00411888 0.00970567 0.00883941 -0.00154066 0.0305896 -0.000834607 0.00743011 0.0081027 -0.00068581 0.0334388 0.0359212 0.0325534 -0.0212303 0.00947619 -0.00113245 0.0178598 -0.0090752 -0.0367047 0.00910368 0.0209047 -0.0331636 -0.0607421 -0.0215944 -0.00932109 0.00355297 0.00897785 
-0.000677076 0.00289606 0.00265183 0.0300478 0.00960816 0.0127477 0.01851 0.0243812 0.0167921 -0.00755374 -0.0221122 0.0114061 -0.0384202 -0.000867466 0.00567967 0.0015063 0.00993685 -0.0129786 -0.00373603 0.0184488 0.000639129 -0.00856023 -0.00808721 -0.0232273 -0.0255845 0.0137825 0.0155205 -0.00962637 -0.0310222 0.0368678 -0.0083155 -0.0217082 0.0350258 0.0377956 0.00899328 0.0249093 -0.00256075 0.0135736 -0.029292 -0.0234454 0.036161 0.00205621 -0.00229333 -0.020336 0.0262569 0.0200504 -0.0303778 -0.00381802 -0.0150387 -0.00906816 0.0169933 0.0177511 0.0130925 -0.00723723 -0.0146864 0.00778455 0.0223535 -0.00231787 -0.0120097 -0.0359884 -0.00386567 -0.0337198 0.00765472 0.0230474 
-0.0248188 -0.00931929 0.00678121 0.0115886 0.00260339 0.0104966 0.00851013 -0.00105042 -0.00720076 -0.00589473 0.0151264 -0.00820596 0.0180193 0.0119343 -0.0272991 -0.0216754 0.0461059 -0.00265782 0.0103334 0.0189381 -0.027077 0.00636137 0.00168341 -0.0254707 -0.00274273 -0.0248571 0.010018 0.0309471 -0.0368448 -0.00272493 0.0172961 0.0138185 0.019404 -0.0326331 0.00942056 0.0217534 0.00626232 0.0111875 -0.0131052 -0.00734247 -0.000277178 0.0311069 -0.0121636 -0.0125016 -0.0122652 -0.011621 0.0309149 -0.0132279 0.0104125 -0.0370444 0.00336656 0.0242302 -0.00501113 -0.00955606 -0.0157168 0.00820059 -0.00157079 0.00765797 -0.0100393 0.0229138 -0.0162527 0.0429111 -0.00671136 0.0174737 
-0.0224651 0.00863563 -0.0219956 -0.0178662 -0.00356252 -0.00718063 0.0103894 0.00730151 0.0168371 -0.00834643 0.0146252 -0.014295 -0.0383773 0.0201394 0.00331976 -0.0262497 0.0100812 -0.00393455 0.0169498 -0.0162165 0.00134241 0.00558675 0.0225873 -0.0154454 0.0113976 -0.000429813 0.0029315 -0.00489131 0.00730324 0.0175944 0.0212785 0.0116436 0.000416952 -0.00697395 -0.0089073 0.00691493 -0.00269341 -0.027724 -0.0162933 0.00433267 0.0062586 -0.00132151 0.0343164 -0.0236748 0.0151781 -0.0081908 -0.0189516 0.0287509 -0.00210846 0.037121 0.0158326 -0.00221336 0.00710574 -0.00250436 -0.0215346 -0.00351067 0.00343865 -0.0319843 -0.0118413 0.00368013 -0.0180526 0.0151652 -0.0112926 0.0306401 
0.010537 0.0105714 0.0017194 -0.0293813 -0.0281128 -0.0371047 0.00619356 -0.00449675 0.0236568 -0.0108902 -0.00513894 -0.00122453 0.00978479 -0.0233766 -0.0115552 0.0164625 -0.0267673 -0.00500331 -0.0239123 -0.0206175 0.0182756 -0.00439637 -0.00662331 0.0212906 0.0246991 0.0167121 0.00798726 -0.0383649 -0.0197961 0.0365052 -8.27535e-05 -0.00291874 -0.0114186 0.0410969 -0.017828 -0.0157851 -0.0441378 0.00236853 -0.00141022 0.0333043 -0.0188938 -0.0105762 -0.0103992 -0.0224858 0.00077259 0.0191962 -0.0369372 0.0137441 0.0111837 0.0115632 -0.0149413 -0.0142758 -0.0352363 0.00274558 0.00768338 -0.0607795 -0.0115031 0.0103152 0.0334834 -0.0170993 0.00897956 -0.0108557 -0.0106189 -0.00447512 
0.0383752 0.00403471 0.0420464 -0.0207038 -0.0151133 -0.0398398 -0.016123 0.00604527 -0.0294369 -0.0279647 -0.0062049 0.0339167 -0.00864029 -0.0512931 0.034497 0.0312935 0.0356403 -0.00750437 0.00313901 0.0011674 0.0316873 -0.0313654 -0.00918502 0.00130961 0.00573933 -0.0042667 0.0259031 0.00841632 -0.00123453 0.0164409 -0.0103421 -0.000318091 -0.00801198 -0.0372272 -0.00289444 0.00650424 -0.0430082 -0.00605449 0.00210705 0.0110851 0.0016056 0.00285266 -0.0199764 0.0101033 -0.0110863 -0.0174658 -0.0233886 0.0107411 0.0218471 -0.00923314 -0.0204128 0.0120996 0.00650103 -0.0276506 -0.00122919 0.0249323 -0.0184354 0.0153943 -0.00394105 0.0088721 0.0180519 0.0200467 -0.0229911 0.00543583 
0.0098752 -0.00446183 0.0202513 0.0128345 0.00831442 -0.00250765 0.00194147 0.0100571 -0.0336709 -0.0254277 -0.00113412 -0.0215565 0.0239198 0.00231624 -0.0346015 0.0125549 -0.0258172 0.0127182 -0.0157294 -0.0244717 -0.0195477 -0.0132527 0.0205253 -0.00356108 0.0208691 0.0321946 -0.0178154 -0.0190117 -0.0116258 -0.00293352 -0.00940262 0.00568627 -0.0148261 -0.00614274 -0.0402169 -0.0389782 0.0137647 -0.0285302 -0.00777736 0.00209834 0.0225784 0.0197084 -0.00508764 -0.00331361 -0.0135402 0.00919859 0.0212966 0.0133133 -0.00802963 -0.0359177 -0.00478381 0.0345817 -0.0223151 0.00488225 -0.012426 -0.0150077 -0.0187782 -0.0244658 -0.00296148 -0.00252733 -0.0140134 -0.0181937 -0.0132281 0.00659882 
0.00501031 0.0257849 0.00519379 0.037204 -0.0355069 -0.00990342 0.0148643 0.0035159 -0.0167805 0.00459502 0.0205319 -0.0176785 -0.00759083 -0.0270353 -0.0274336 -0.000297091 0.0313158 0.0215546 0.0161692 0.00160787 -0.0251204 0.00354608 0.0198127 -0.0111958 0.0427831 -0.00347599 -0.00686036 0.0552033 0.00792375 0.0143213 -0.0263513 -0.00471877 -0.00746206 -0.00593717 0.0045 0.0163678 -0.0255696 -0.000390078 0.00861261 -0.037196 0.0330832 0.0411937 -0.015743 0.0286873 -0.00202897 0.0189317 -0.0243955 -0.0326827 0.0238748 0.00264644 0.029797 0.00908786 0.0158175 0.000191933 0.00474549 0.00257775 -0.00741256 -0.00645853 -0.021275 -0.00636229 0.0197449 -0.000838155 -0.00432835 -0.0204157 
-0.00171212 -0.0103626 -0.0170857 0.00751343 0.00457689 0.0395593 -0.00798667 -0.00490766 -0.0340232 0.0224402 0.000889618 0.006742 0.0126516 -0.0204504 -0.0107127 -0.00126695 -0.0301907 -0.00249301 -0.0230747 0.00535828 -0.02185 0.0351573 -0.005399 -0.0110919 -0.0199132 -0.00764851 -0.0126085 -0.0040725 -0.00370788 0.0455166 -0.000741186 -0.000530103 -0.0198612 0.00724302 0.0322937 -0.035146 0.0301863 -0.0139129 -0.0184476 -0.0331391 0.00739879 -0.0376183 0.00936242 -0.00445672 0.0225513 0.0260365 0.0108998 0.0192644 0.0150624 -0.0272423 0.00418757 0.0287137 -0.0119648 0.00234142 0.0221509 -0.00769339 0.00141378 -0.00484293 0.00073705 0.0178639 0.0164419 -0.000705593 0.0251368 0.00899692 
-0.00761313 0.0173594 -0.0100511 -0.0275192 -0.0338891 -0.00140739 -0.0173242 0.00247699 0.00954795 0.00370829 -0.000654393 -0.00419163 -0.00345611 0.0185768 -0.0120274 0.00244463 -0.0133732 0.0318474 0.0114494 0.00401412 -0.00870883 -0.0235341 -0.00207765 0.0169906 -0.00878434 0.00597383 -0.0371362 0.0438056 0.00240113 -0.0142163 -0.0115288 0.00124709 0.0232781 -0.00529244 0.0100556 0.0229764 0.00947174 -0.00914923 -0.0234369 0.0141821 2.23898e-05 -0.0296334 -0.0234127 -0.0444992 -0.0104079 -0.0200354 0.0306463 0.0124945 -0.0447821 0.00516285 -0.0145021 0.0273939 -0.00620502 -0.00466747 -0.0021707 0.00435768 -0.000288554 0.0362298 -0.028293 0.00424566 -0.0193574 -0.0263245 -0.0315 -0.0242119 
-0.00469441 -0.00723345 0.00363744 -0.0388748 -0.0178321 0.0359759 0.0175496 0.0268003 0.0034304 0.0157596 0.0123379 -0.0300287 -0.0546613 -0.000123431 -0.000804962 -0.010892 -0.00115597 0.0069058 0.0108609 0.0334212 0.0327204 -0.0128372 0.0403602 0.0167402 -0.0207988 0.00621788 -0.0277152 0.0369346 -0.0046809 0.00454632 0.0230031 0.0221157 0.0180516 -0.0202402 -0.0134184 0.0367675 0.034339 0.00660843 0.00351766 -0.0189315 -0.0199996 -0.0379926 0.0120998 -0.00396489 0.0172529 0.00478076 0.0248133 0.0037521 0.0201935 0.00993896 0.00152341 -5.09496e-05 -0.00117868 0.0202756 -0.0181479 0.0295957 0.0113255 -0.00793037 0.00864309 -0.00421072 -0.0222726 -0.0141884 0.0254453 0.00353294 
0.0560984 0.0285431 -0.00681326 0.000242714 0.0220602 0.0176616 0.00455974 0.000202821 0.0446169 -0.0361814 -0.00175071 0.0158957 0.0244108 0.0148362 -0.0160266 0.0314182 -0.0327546 -0.00766101 -0.0196536 0.0134634 0.0142012 0.00303991 -0.0270257 0.00751215 0.00233727 0.0114065 0.0100525 0.00687464 -0.0291526 -0.027766 -0.0170731 0.00100479 -0.00294976 -0.0266936 0.0352817 0.00263546 0.0226354 -0.0200671 0.00296596 -0.00026398 0.0188084 -0.0144178 0.0202149 0.00350318 0.00673165 -0.029964 0.00983709 0.0159184 -0.00222515 0.00591846 -0.0063921 -0.0249178 0.0254588 0.00208027 -0.00821378 -0.00178741 0.0311151 -0.0356007 -0.00257174 -0.00413647 -0.00908847 0.00758045 -0.0384408 -0.0260117 
0.0163545 0.0111769 0.00305499 -0.00604522 -0.0134535 -0.0133107 0.0130918 0.0225592 0.0176701 -0.004722 -0.0666783 0.00444353 -0.0288861 -0.0402776 0.0217797 -0.0169063 0.0120207 -0.0183427 0.0109758 0.0141741 -0.0246102 0.0347868 0.00837031 0.0128055 0.0422691 0.0112386 -0.0105782 -0.0095612 -0.00877632 -0.0127249 0.00939855 0.0119808 0.0316942 0.00269853 -0.00593345 -0.0295274 -0.010017 0.00522439 -0.0136996 0.00181325 -0.0150958 0.0336892 -0.00160369 -0.0162112 -0.0170039 -0.0351407 -0.00909062 0.0184622 -0.0160867 0.0326148 0.0352018 0.0246445 -0.0258428 -0.00746237 -0.00702429 -0.0221994 0.020159 -0.0133925 -0.0266175 -0.0223737 0.0200371 0.00166556 0.00662008 0.045049 
0.0229723 -0.00438413 0.0109207 -0.0153969 0.00260225 0.00948579 -0.005478 -0.0399824 -0.00649269 -0.0121649 -0.00468949 0.00908987 0.00267141 -0.0043961 -0.0215126 0.00877085 0.00182086 0.0135961 0.01017 -0.0013946 -0.021963 0.0090245 0.0334613 0.0149401 0.0204627 0.00290481 0.00715182 -0.00782877 -0.0376936 -0.0156722 -0.00309982 0.02014 -0.00821735 -0.0280649 0.0023133 -0.00484075 -0.00351511 0.0199088 -0.00401108 -0.000624087 -0.0108522 -0.0211927 0.0240873 -0.0134967 0.0127227 0.0257911 0.0438702 0.0129271 -0.0249775 -0.0232489 -0.014732 -0.00721681 0.0218631 0.0304226 0.0445615 0.032317 0.00633903 0.0460735 -0.0328331 0.0117818 0.00528923 0.0145997 0.0245361 -0.0227056 
-0.00724398 0.0191867 -0.0199411 0.0171509 0.0438421 -0.00498376 -0.00451664 0.0122232 0.0163293 0.018596 0.00956288 -0.00241166 0.0520654 0.0240866 -0.0245475 0.0232779 0.0249363 -0.0174426 0.0534585 0.018321 -0.0196259 -0.00723905 -0.00914841 -0.0146351 0.00607802 -0.00295101 -0.0280454 -0.0312487 0.00622357 -0.018747 -0.0183496 -0.0304837 -0.0348816 -0.00152744 0.0302189 -0.0184298 -0.00608701 -0.0449466 0.0224997 -0.00963375 -0.00619548 0.0189842 0.000884836 -0.0143943 0.00418879 0.0313873 -0.00316297 -0.00126587 0.0144773 0.0209057 -0.0087808 0.00208763 0.011469 0.00251777 -0.00826919 0.0070241 -0.00566956 0.00378363 0.0112141 -0.00253194 -0.0114227 -0.0140472 -0.0052475 0.0192713 
-0.0372179 -0.00593672 -0.0136779 0.0064906 0.0397126 -0.0259441 -0.0462483 0.0403356 -0.00223372 0.000990069 0.0206496 0.0122373 0.0136641 -0.0183595 0.00194383 -0.0213134 -0.0326737 0.00487373 0.0112979 0.00281059 -0.000787107 0.0386713 -0.00478928 0.00621613 -0.0348267 -0.0158109 -0.0182237 0.0305264 0.00981493 0.0284 0.0196631 -0.0135007 0.0342974 0.0164316 0.00448735 0.0141119 0.00253955 0.0195369 -0.00389086 -0.0243037 -0.0151374 0.0172305 -0.0221389 -0.0390264 -4.6421e-05 0.026781 -0.00143749 -0.00188207 0.00448323 0.0312958 0.0269921 0.028749 0.00578439 -0.00281477 0.00159526 -0.00463609 -0.0250769 -0.006322 -0.0006321 -0.024599 -0.0113306 -0.0128197 0.0246935 0.0104118 
-0.0191579 0.0103452 -0.0114309 -0.0266171 -0.0624376 -0.011272 -0.0173317 0.0173956 -0.0080879 -0.0048009 -0.00445159 -0.000204871 -0.0221749 0.0472051 -0.0220551 -0.0537688 -0.00739797 0.0156054 -0.0332802 -0.00552036 -0.00547426 -0.0198728 -0.0130206 0.0471283 -0.00129302 0.0248319 0.00815476 -0.0222852 -0.0150991 0.0218501 0.0460472 0.00833188 0.0014768 0.0167427 0.0166252 0.0172562 0.042443 -0.0319437 0.0181779 0.00209474 -0.0208663 -0.00704557 0.0266977 -0.0205943 -0.00138438 0.0214979 -0.0101833 -0.00133853 -0.00824017 0.0245987 0.00669564 -0.0188626 0.00938011 -0.028159 0.00190326 0.00917034 0.0112485 0.0232006 0.0114425 -0.0186164 0.00513649 0.0131544 -0.0358066 0.00664601 
0.00139735 -0.0378951 0.0240775 -0.00120189 0.008284 -0.0146867 0.0193619 -0.0151569 -0.0521751 0.0350962 0.0392293 0.00958985 0.0510611 -0.0217243 0.00736897 -0.00263195 -0.0174075 -0.00208296 0.00586086 -0.0162868 -0.0139504 -0.0163725 -0.00607313 0.00981147 4.64468e-05 0.0234849 0.0267666 0.0232491 0.0405555 -0.0574043 -0.00213498 -0.0256072 -0.0161698 0.00579594 -0.0112022 -0.0142004 -0.00421661 -0.0227443 -0.00599478 0.0128681 0.0230886 -0.005765 -0.00262837 -0.0123279 0.00274406 0.021463 -0.0145247 -5.83475e-05 0.00597373 0.0191524 0.033079 0.0100234 0.00153711 -0.048429 -0.0362722 0.00750267 0.00608987 -0.00139745 0.0162432 -0.0089067 0.0122887 -0.0226098 -0.0094158 -0.0187675 
-0.0175947 0.00198986 -0.00423149 0.0421663 0.0326863 -0.0173948 0.011637 -0.0297105 0.0184625 0.0338382 0.0235159 0.0296159 -0.0286925 -0.0115027 -0.0108601 0.0149678 -0.0112719 0.00772131 -0.028924 -0.00152728 -0.0238239 0.00450398 -0.0179262 -0.0266529 -0.023272 0.00378048 -0.011149 -0.011507 0.00253064 -0.0195249 -0.0296955 -0.0135144 0.028439 -0.0238347 -0.00347357 0.0128379 -0.0245918 0.020102 0.0110392 0.000540215 0.00403908 0.00069724 0.0112975 -0.00218597 -0.0138699 -0.0126888 -0.0269959 -0.0261389 0.0395402 0.00456033 0.00181711 0.0147408 0.0169099 0.00440345 -0.00614637 -0.00777907 -0.0199768 0.00611113 -0.000554313 -0.0283146 0.0532616 -0.00524371 0.0224758 -0.0188438 
-0.00711597 0.0217764 -0.0111966 0.000514647 0.0210996 -0.000574076 0.0249014 0.0187466 0.0095765 0.0305891 -0.022417 0.014678 0.0042716 0.0155618 0.00516368 0.0129789 -0.00558368 -0.0236655 -0.0112312 0.0174641 -0.0209393 0.0260895 -0.0103078 0.00926706 -0.00595888 0.00758117 -0.00131534 -0.00658564 -0.0330722 -0.00209928 0.00196441 -0.00132075 -0.00619776 0.0107421 -0.0164752 -0.0397871 -0.0265947 -0.0149407 -0.0285106 0.0316258 0.00161491 -0.0395618 0.0348355 0.0132598 -0.00810825 0.0166917 -0.00181014 -0.0205884 0.00518448 -0.0412349 0.00810037 0.0117946 -0.0249919 0.0181277 -0.00535856 -0.0478712 0.0203444 -0.0180087 -0.00548851 0.00543215 0.00883266 -0.0124896 -0.0050968 -0.0141 
3.68588e-05 -0.0183737 0.0288874 0.0160754 -0.00846815 0.0124925 -0.00132841 0.0292617 0.0113658 -0.0250617 -0.0113293 -0.0230184 0.0229618 0.0170889 0.00681772 0.00281743 -0.0119331 0.0054561 -0.0249271 0.00473191 0.00656548 0.00672134 -0.00738313 0.0397707 -0.00700044 0.0114068 0.0138034 -0.0141026 -0.00613232 0.00360822 -0.00273533 -0.00784415 0.00820041 0.0207086 -0.0122585 -0.0185552 0.025228 0.0127198 -0.022852 0.0015212 -0.0030612 -0.000414188 0.0129667 -0.0248457 -0.0144945 -0.00288166 -0.0296693 0.00709704 0.0157852 -0.00251241 -0.0147415 0.0103225 -0.000394477 -0.000886366 -0.00523763 0.000521416 0.0197596 -0.00103721 -0.00893921 -0.030827 -0.0292532 0.034619 0.00197588 0.02487 
-0.00886346 -0.0101358 -0.0120953 0.0104872 0.00633968 0.00900768 0.00907164 -0.0022183 -0.00440235 -0.0191606 -0.0117579 0.00783124 -0.0393301 0.0130159 -0.0201252 0.012893 0.0188318 -0.00529946 -0.0152788 -0.0175523 0.0088303 0.0576972 0.00758883 -0.0173049 -0.00791564 -0.0174096 -0.00897176 0.0238094 -0.00744749 -0.00678228 0.0286399 -0.0143864 -0.045057 -0.00559214 -0.0310235 -0.014659 0.012727 -0.0212292 0.020977 -0.0252992 -0.00387898 -0.00505342 0.00171101 -0.000191837 0.00393866 0.00987308 -0.0147756 0.0308617 0.0125552 -0.0104282 0.0166213 0.0134005 -0.00346471 -0.00580531 0.0166378 0.00179758 -0.0034987 0.0300414 0.00497563 0.0229694 0.0327859 0.00151533 0.012805 -0.0220911 
-0.00259072 -0.0247456 0.00308484 -0.0206749 -0.0158593 0.00108573 -0.0136116 -0.00553382 0.00753684 0.000100987 -0.0164938 -0.00725304 0.00565971 0.00416345 0.00468904 0.00978265 -0.0219844 0.0023326 -0.0226033 0.0206805 0.0218808 -0.0169167 -0.0180434 -0.00225572 -0.00347635 0.017515 -0.0286088 0.000711414 -0.00252697 0.0368633 -0.000881341 0.0193847 0.0262543 -0.0257905 0.0196343 0.00640156 -0.0330401 -0.00990908 -0.0264269 -0.00182649 -0.0363903 0.022319 0.0159252 -0.0233626 0.00546361 -0.032307 -0.0304835 0.00148205 0.00574474 0.0270716 0.0352834 -0.0386109 -0.00929613 -0.00829908 -0.035963 -0.000881089 0.00562314 -0.0164245 -0.0194817 -0.00118942 0.0148274 0.00218212 -0.0314683 -0.0168536 
0.0290932 0.0395983 0.0373266 0.0142069 0.0314671 -0.00181075 0.0352038 -0.0102332 0.00674677 0.0130077 -0.0158156 0.000669796 0.00629528 -0.0197715 -0.00622748 0.0171904 -0.0175428 0.00415663 0.0208754 -0.0229603 0.0208983 -0.0204724 -0.000775478 -0.000589638 0.00253371 -0.0194774 0.0263586 -0.00409782 -0.0282827 0.00667829 -0.0117085 0.0132363 -0.0209568 0.00395277 -0.0171857 -0.0167429 0.00552289 -0.00258425 0.0489494 -0.042642 -0.0210082 0.0174991 0.00323118 -0.00835001 -0.0071259 -0.021253 -0.00746921 0.0241855 0.0100377 0.0442724 0.0275528 -0.00272728 0.00508794 -0.00754472 0.0145769 -0.00630445 0.0112775 -0.0113258 0.00674681 0.00574194 -0.00559345 -0.00344756 -0.0107347 0.0168793 
0.00759754 -0.00896432 0.0149369 0.00232282 -0.0175853 0.0124554 -0.00799742 -0.0158419 0.0116559 -0.0104176 0.0113478 0.0143194 0.00631446 0.0158088 0.011515 0.0473614 0.00440084 0.0317828 -0.00703211 -0.00652853 -0.0006152 -0.0102383 0.0273518 -0.0126743 0.0187585 -0.00659147 0.00939906 0.00203563 0.0507137 0.0363527 0.0069016 0.028243 0.0184314 0.0129863 0.0198718 0.00509264 0.00996084 -0.00987911 -0.0119805 -0.0417796 0.00199671 -0.00209855 -0.0262404 -0.0237553 0.028057 0.00270361 0.0215513 0.017139 -0.00326151 -0.0421686 -0.0123826 -0.00882761 -0.0210649 -0.00053774 -0.00352858 0.000126703 0.024617 -0.0183697 0.0188068 0.00377949 -0.0044502 -0.014365 0.0237235 0.0289943 
0.00718013 0.0210866 -0.00963326 -0.0356244 -0.00936397 -0.0142196 0.0318003 0.00591948 0.0168978 0.00172779 0.00813597 0.00153852 0.028774 0.0260494 -0.000237624 -0.0028087 -0.015763 0.00192318 0.00679537 0.00894083 -0.0363436 -0.0183037 -0.00948365 0.00590793 0.00176689 0.000679795 -0.0135603 -0.000488188 0.0063153 -0.0362775 0.0226322 0.00445173 0.0078276 0.0142427 -0.0307055 -0.0096696 -0.0304939 0.00185355 -0.0211572 -0.0174165 0.0297051 -0.0165784 -0.0215955 0.0132276 0.0160121 -0.000958936 0.00756847 0.0122942 -0.0194111 0.00368118 -0.0164256 -0.0288022 -0.000107828 0.0213113 -0.0179029 0.0512568 -0.00473732 0.0172767 -0.0165958 -0.0186217 -0.00989049 0.0252189 0.0117325 0.0206561 
-0.015839 -0.0233327 -0.0102718 0.0121902 0.0133453 -0.00458587 0.00201922 -0.0131374 -0.0253422 0.0134001 -0.0107333 0.0221005 -0.00333981 0.0265708 0.00947519 0.0128171 -0.00453089 0.0215084 -0.0169222 -0.0154281 -0.0188543 0.00792478 -0.00285257 0.00149226 0.0263933 0.0187175 0.0191469 0.0300558 -1.3065e-05 0.0533102 -0.00213198 0.00235356 -0.0238511 0.0103765 -0.0282207 -0.0380086 0.012362 0.0347754 0.0120162 -0.00300353 -0.003468 -0.0111736 0.00136019 0.0143379 -0.0111421 -0.0101283 -0.00296224 -0.0257374 -0.0112399 0.00661185 0.00277907 -0.00259636 -0.00875652 -0.0237103 0.016971 -0.0177657 0.0344591 9.11064e-05 -0.00652524 0.0379487 0.000711392 0.0105777 -0.0112618 -0.00830443 
0.00318149 0.0225826 0.0151735 0.0242914 -0.0225202 -0.0392405 0.0159426 -0.012281 0.0246342 0.0110325 0.0154836 -0.000423254 -0.00830445 -0.0278452 -0.00121259 0.0134812 -0.030798 -0.00177394 0.0283375 0.00204436 -0.000536407 0.00753593 -0.0168599 0.00406473 -0.00471156 0.0208081 -0.00051236 -0.0117262 -3.81516e-05 0.00701597 0.0144929 -0.0308565 -0.0187353 -0.017272 0.00973426 -0.013571 -0.0199876 -0.0171224 0.00286366 0.0249832 -0.00556791 0.0149548 0.00794957 -0.0162511 -0.00944438 0.000989387 -0.00565169 -0.0415417 -0.0205607 0.0100132 0.00647203 -0.00734586 0.0146338 -0.0120256 -0.00897864 -0.00729746 -0.0407802 -0.0458216 -0.0354021 -0.0443784 -0.0159289 0.00148327 0.0217351 -0.0474025 
-0.0267799 -0.00025908 0.00334672 0.0217423 0.00793898 0.0167592 0.00023544 -0.0177603 -0.000758334 -0.0369831 0.00787019 0.0213353 -0.00658508 -0.0111247 -0.014779 -0.00745124 0.00698385 -0.00728324 0.0124072 -0.0142148 0.0174056 0.024207 0.0288771 0.0310884 -0.00225386 0.0431005 0.011771 0.0196171 0.00665168 -0.0107118 0.0327357 -0.00420708 -0.0116577 0.0249766 -0.0172251 0.000296347 0.0345803 -0.0477808 -0.00355886 0.0210501 0.00624551 0.0133155 -0.00718659 -0.000935107 -0.00306569 -0.022602 0.0125432 -0.027324 0.0431617 0.0059489 0.0151703 0.0161497 -0.00773533 -0.00297983 -0.0235105 -0.0122485 0.0304161 0.00435121 -0.00143325 0.0185483 0.00324844 -0.0102034 -0.00293876 -0.00763705 
-0.00344955 -0.0152175 -0.0215663 -0.015703 -0.00291296 0.00495637 0.0483258 0.011912 -0.00816125 0.00554381 0.00451381 0.0208407 0.022823 -0.0439851 -0.0453989 0.00744789 0.0349669 -0.00557177 -0.0182952 -0.00730593 -0.00771654 0.00399886 0.0187115 0.0255309 -0.0216827 0.0176119 -0.00146351 0.00655952 -0.0214363 0.0136043 -0.00559295 -0.000566154 0.00441991 -0.0240178 -0.00528364 -0.0457755 0.00840472 0.0110598 0.0128319 0.000912906 0.0240605 0.0176302 -0.0263573 0.01709 0.0391063 0.0112382 -0.0485611 -0.00585916 0.00522131 0.0386061 0.00670842 -0.00314305 -0.00388039 0.0212459 0.0166202 -0.00842807 -0.00384466 -0.0194713 0.0186493 -0.0139147 -0.00639553 -0.00193943 0.000432008 -0.0387162 
0.00114466 0.00430104 -0.00920716 0.0211183 0.0376779 -0.0110597 0.0170113 0.0284495 0.00725469 0.032022 0.0525273 0.0124586 -0.0105823 -0.00411002 -0.0229515 -0.0166999 0.0056512 -0.0335399 -0.0124056 0.0235499 0.0426522 -0.0209463 0.00383505 0.00858731 -0.00606683 0.0122808 -0.0117334 -0.0150436 0.0173646 0.0296173 0.0229482 -0.0163081 -0.0142712 -0.019884 0.0196305 0.000284752 -0.0160822 0.00723013 -0.0191383 0.0202347 0.00484344 -0.00979976 -0.0237721 0.0103251 0.0308325 0.0270331 0.0144351 -0.000752161 -0.0103506 0.00119999 0.0235287 -0.0211538 0.00553018 -0.0183111 -0.000669007 -0.00952897 -0.0144944 -0.0116897 -0.00120593 0.00165573 0.0157734 -0.0184208 -0.00718002 -0.00472301 
0.0316278 0.0190815 0.00443223 -0.0226948 0.00651572 0.0138337 -0.0218171 -0.0126844 -0.00803641 0.0197652 0.0226135 -0.000785712 -0.0245605 -0.0240268 0.0126432 0.0368725 -0.023161 -0.0187707 0.0168383 -0.00780975 0.00094811 0.0056998 -0.00867908 0.00544198 0.0240857 -0.037174 0.00815116 -0.0055697 -0.0560951 0.00356651 -0.0136459 -0.00634929 0.000509283 0.0192644 0.00469203 0.0279313 0.0111519 0.0116949 -0.0330952 -0.0156615 0.0188603 0.0235186 0.00568187 0.0156004 -0.0180401 0.0126663 0.0210796 -0.0158175 0.00288558 -0.0331868 -0.0441514 -7.56421e-05 0.0221443 -0.0376287 -0.0293795 0.0484335 -0.0164421 -0.00504575 -0.00538491 -0.00646602 0.0205019 -0.00210127 0.0229001 0.0142202 
0.00752402 0.0162739 -0.0190205 -0.00756573 0.0254358 -0.0381092 -0.0169136 -0.0218287 0.0346556 -0.022346 0.00940161 0.0181771 0.00289246 -0.0171398 0.0171125 -0.0155751 0.00657029 -0.0104654 -0.00207955 -0.0129944 -0.0112938 -0.000122572 -0.0150767 -0.00613708 0.00521945 0.000371861 -0.00924457 0.00330967 -0.0272897 0.0293922 -0.0114523 -0.0338894 0.0318706 -0.0481516 -0.00989099 -0.00166753 -0.0314277 -0.00446532 -0.00766213 -0.0139971 -0.00101655 0.0266299 -0.00639381 0.00576163 -0.0156048 -0.0111912 -0.0148237 0.0114613 0.0036113 -0.00309061 0.0537947 0.0149077 -0.0327339 -0.00448651 0.0187068 -0.0154899 -0.0270827 0.0249202 -0.0289894 0.00350072 0.0235154 0.0213919 -0.00210156 -0.0251934 
0.0113158 0.000197029 0.045117 0.0238539 0.0313303 -0.0326737 0.0126888 -0.0309219 -0.0232427 -0.00145001 0.001312 0.0226702 -0.0143657 -0.0392263 0.00141582 0.00153721 -0.0122604 -0.025418 -0.0132867 0.0212812 0.0418033 -0.0111368 -0.0265435 0.0451232 0.0239429 -0.00517448 0.00992603 0.00117583 -0.0161023 -0.0179401 0.00760073 0.0187625 -0.0158566 0.00498791 0.0114678 -0.026877 -0.0110437 -0.0188873 -0.0210122 0.00399209 0.0182627 -0.00730429 -0.044801 -0.0191604 0.00818002 0.00481448 -0.0116917 0.0355539 0.0046276 -0.037289 0.0326492 -0.00894801 0.0316322 0.0149181 -0.0198732 0.0144781 -0.0216961 -0.00193557 -0.0181667 0.0299142 0.0204972 -0.00733635 -0.0193516 -0.0358085 
0.0262121 0.0249869 0.028739 0.0372224 0.0140858 -0.0105472 0.00789929 -0.000567522 0.0261845 0.00599754 0.0198629 -0.0150399 -0.000359803 0.0254815 0.00558342 0.0322691 0.0226517 0.0221279 0.0134648 -0.0125381 -0.0124141 -0.0463612 -0.0107159 0.0174784 -0.0258748 0.0145245 -0.00171232 -0.0304792 0.0238745 -0.00976771 -0.00242501 0.0166608 0.00150013 -0.0433232 -0.00743717 -0.00661884 0.0120772 -0.0269584 -0.0198613 -0.0324658 -0.00750156 -0.00136098 -0.0269938 0.0264424 0.0165861 -0.00125706 0.024818 0.00245415 0.00722749 -0.00672769 -0.00240901 -0.0110969 -0.0104975 0.0467269 0.00130883 -0.000141425 -0.0139061 -0.012713 0.00754721 0.00360609 -0.00519537 -0.010329 0.0142246 -0.00257628 
0.0396694 -0.00413621 0.0337509 0.00421507 0.0240395 -0.00740166 0.00841605 0.0150994 0.036936 0.0200001 0.0294328 0.0309763 -0.043906 0.00168078 0.0114728 0.0238017 -0.0198811 0.0256494 0.0108535 0.00947458 0.0307163 -0.0047941 -0.00907493 0.00701263 -0.00857749 -0.00306802 -0.00909031 0.00432956 0.00346425 0.00922919 -0.0216571 -0.0288795 -0.0202626 0.0173512 -0.0250176 -0.00335341 -0.0389427 -0.00442458 0.0183367 -0.0242425 -0.00490357 0.0194886 0.0182275 -0.0187097 0.0317866 0.00375546 -0.00807648 0.013385 -0.0017629 -0.0208433 0.00551065 -0.0158191 0.0249627 -0.0173192 0.0183463 -0.000685194 -0.000565537 0.0174445 0.00516961 -0.000510771 0.0270992 -0.0270638 -0.0279943 0.0058434 
0.00453779 0.000119269 0.00913708 0.0155704 -0.00772993 -0.0390435 -0.0033086 -0.0316489 -0.00319299 0.0182237 0.00963924 -0.0170996 -0.00377869 -0.0363353 -0.0241258 -0.000597167 0.0330965 -0.0162477 -0.0199013 -0.0201999 -0.00400077 0.0358106 0.00514647 0.00668875 0.000145446 -0.00209801 0.0220043 0.0198039 0.00656566 0.0447632 0.005326 0.0089721 -0.00348805 0.00724998 0.0127068 -0.0205613 0.000737614 0.0253626 -8.55026e-05 0.0338535 -0.0223668 0.00589568 0.0133911 0.00148417 -0.0156276 -0.0407649 -0.00425144 -0.0277627 -0.00085136 0.0130029 0.0324737 -0.00462719 0.0157653 -0.0105964 -0.00305418 0.0143075 0.0157669 -0.0156809 0.00326516 0.0495679 -0.00115979 0.0101771 0.0334221 0.0147489 
0.0407795 0.00365553 -0.0307865 -0.0249519 0.005096 -0.0110136 -0.0281099 0.0123658 -0.0023923 0.000725612 0.0109247 0.0194727 0.00930942 0.0160417 0.0101143 -0.020275 -0.0160595 -0.000402651 -0.0276584 0.0343213 0.0280089 -0.0306729 -0.0189283 -0.00776121 -0.0236439 0.00529317 0.0207839 -0.0093401 0.00697765 -0.022633 -0.0212323 0.0105817 -0.0261493 0.00698539 0.0210463 -0.0187458 0.00626782 -0.012819 0.0298864 -0.0209347 -0.0217811 0.0038326 0.00324858 -0.00103928 0.00694562 -0.00172334 0.0175541 0.0364026 0.0017506 -0.0254703 0.0163179 -0.012401 0.029724 -0.00955704 -0.0169782 -0.0137988 -0.00582907 0.00358741 -0.0101343 -0.00472914 -0.0284366 -0.0196376 0.0368861 -0.0158341 
-0.0413777 -0.026202 -0.00275494 0.00425469 0.00261701 -0.0369575 -0.0296491 -0.00970217 0.0312207 -0.0152026 -0.0150559 0.00347496 0.0198047 0.00669488 -0.0271017 0.0114418 -0.0107029 0.0283178 -0.0188953 -0.0436447 0.0197134 0.0305606 -0.0275558 -0.00402153 0.0176782 0.00824257 -0.0240645 0.00151045 0.00977831 0.0094029 -0.0221076 -0.0370106 0.0139735 -0.0372479 -0.000461747 0.0123214 -0.031111 0.0428164 0.00363525 -0.00981363 -0.0265 0.012831 -0.0102318 0.00241524 -0.014961 -0.0522053 0.00552755 -0.00303785 0.000908615 0.0043382 -0.0433962 -0.0519291 -0.0392103 -0.00955466 0.0144485 0.0100322 -0.00389271 -0.0104778 0.0120733 0.0258119 -0.0190134 -0.00563456 -0.0146466 0.00111531 
-0.0190367 0.00256808 0.0205351 -0.00700304 -0.05264 0.0257346 -0.0169466 0.0173869 -0.0220719 0.0170119 -0.0266283 -0.000545845 -0.00382021 0.0257821 0.00632137 0.031534 0.015933 -0.00182258 0.00748856 -0.0492646 -0.0238794 0.0264462 0.0228477 -0.017542 -0.0468544 0.00207219 0.00145843 -0.00707972 -0.0443269 0.00783919 0.0189268 0.0184158 0.00935713 0.0214451 0.0157594 0.00480534 0.00199488 0.0282858 0.0152956 -0.0039163 0.0121116 -0.0264289 -0.0167108 0.0258243 0.0108294 -0.00282924 0.0114327 -0.0515192 -0.0163294 -0.0231734 -0.0330091 -0.00975522 0.00561583 -0.0162559 0.00295679 -0.00365511 0.0259672 0.0326425 -0.0388623 0.0142259 0.0101203 -0.0232025 -0.0348598 -0.00823182 
0.0248262 -0.012656 0.0167593 -0.00571939 0.0151346 -0.0108696 -0.0220573 0.00533854 -0.0035351 0.0233442 -0.0176301 0.00702911 -0.0269039 -0.0315176 -0.0102871 -0.00119882 -0.0251509 -0.0204763 -0.00566535 0.00496075 0.024299 -0.00965709 0.00213809 -0.0384936 -0.0329002 -0.0254836 -0.00121222 0.0148826 0.0232277 0.00944334 0.0369735 0.00832474 0.0183599 -0.00433915 0.0213777 0.00938831 0.0272442 0.00892986 -0.00966087 -0.000620401 0.0146425 0.0130055 -0.0124375 0.00747516 -0.00641378 0.0255897 -0.020706 0.0151455 -0.012002 0.00439712 -0.0114911 -0.017338 0.0242963 0.0428764 -0.00685757 -0.00379894 -0.0170815 0.0260955 -0.0230599 -0.0182133 0.0184133 -0.00716017 0.00524621 -0.00186026 
0.0237876 0.00209263 -0.0325443 -0.0219291 -0.0250161 -0.0025554 0.0181843 0.00733976 -0.0290089 -0.0121519 -0.00229583 -0.00294101 0.0236942 0.00619474 0.00264142 -0.0312351 -0.00396678 0.0286193 0.0123603 -0.00610601 -0.00406205 -0.0128474 -0.0135545 0.00341019 -0.0217283 0.0117301 -0.00504478 -0.0190974 0.0178611 0.014998 0.00223361 0.0166063 0.00786231 0.0207869 -0.00424321 0.000786643 -0.0248181 -0.0330027 -0.0183794 -0.0131452 0.00126 -0.0479403 0.0119697 0.0117394 -0.00383199 -0.00787778 0.00906869 -0.00907729 0.00921957 0.0139269 0.00702732 -0.0162988 -0.00223643 -0.00909033 0.0201296 -0.00846847 -1.29666e-06 -0.0136386 0.00489861 0.0215175 0.00498031 -0.0146183 -0.00262169 0.0117237 
-0.000357897 -0.0141796 0.0291052 0.0191519 0.0256578 0.00212202 0.0110218 0.00856818 -0.0236455 -0.0205935 -0.0231512 0.0230568 -0.00474227 -0.0277227 0.011682 0.00203167 -0.029428 0.0183289 0.00915228 0.0107707 0.00140199 0.0172985 0.000173402 -0.000888893 0.0028797 -0.0146937 0.0158854 0.00398501 0.0259375 0.0196851 -0.00737661 -0.025363 0.0150581 -0.018947 0.00882233 0.00591686 0.0246396 0.0325078 0.0190953 -0.00812283 -0.0171164 -0.0105807 0.0431506 -0.00355439 -0.00211118 0.0115497 -0.023205 -0.0223111 -0.0383615 7.14955e-05 0.0226693 -0.0231274 -0.0174507 0.0115037 -0.0222448 -0.00654958 -0.0291 0.0319418 0.00128579 0.0396107 -0.00584634 -0.0233985 -0.0325225 -0.0167155 
0.0115379 0.00772052 0.0255891 0.0203776 -0.010985 -0.0189501 -0.0364502 0.0259918 -0.0528084 0.0609236 0.0046501 0.00112424 0.00050919 -0.0195658 0.00605605 -0.0267426 -0.00606984 -0.00152453 0.0370412 0.0210034 0.0151258 -0.00372702 -0.00119812 0.0120568 -0.00299329 0.0248471 0.0039199 -0.0101249 -0.0143427 0.0175257 -0.00796693 0.00606039 -0.0158029 0.0854824 0.0138316 -0.0546076 -0.000951161 0.037982 -0.0197932 0.0201274 -0.00970284 0.0203621 -0.0282903 -0.0239974 -0.034981 -0.0362731 0.00385668 -0.0137447 0.026218 -0.0331585 0.0378038 0.0299398 -0.0110447 0.00759539 -0.0204313 0.0216666 0.00673237 0.0508233 -0.0164759 0.00770257 0.00412269 0.00880113 0.0395361 -0.015983 
0.00527107 0.0154298 0.00815189 -0.0265557 0.0275366 -0.0211522 -0.0238575 0.0211979 0.00937738 0.00884223 0.0137711 -0.00870891 0.0364951 0.00166973 0.0180163 -0.0122987 -0.0210064 -0.00653717 0.00626249 -0.0155594 0.00916288 -0.0162184 0.0134443 -0.00672344 0.0176305 0.014136 0.00171069 -0.0188938 -0.0194329 -0.00807523 0.0259954 0.0268302 0.00335552 0.00401152 0.0138633 0.0010979 -0.0158556 0.00909717 -0.018907 0.0067982 -0.0381727 -0.00349744 -0.00376195 -0.0135994 -0.0233452 -0.01724 -0.00529072 -0.0225214 0.0204378 0.0018697 0.00420026 -0.0380035 -0.0244439 0.0103291 -0.0060523 0.0181169 0.00998092 0.0319607 -0.0144142 -0.0315747 -0.0187115 0.0180211 -0.0361476 -0.0118132 
-0.0151825 -0.00347672 -0.00473343 -0.0158936 -0.0139649 0.0261837 0.0303042 0.0184507 0.0315591 0.0148774 0.0216764 -0.000509847 -0.00929084 0.0211303 -0.00738399 -0.0199812 -0.0114378 -0.0211916 -0.0277314 0.0322691 -0.0234196 0.0261859 0.0104407 -0.0148841 0.0284381 0.00495877 0.0248577 0.028232 0.0197378 -0.00402994 0.00182708 -0.00604334 -0.0188086 -0.0120381 -0.0198427 0.0150424 0.0138315 -0.0084302 0.027355 0.0100523 0.0201691 -0.0393491 0.00602007 -0.0131543 -0.0323448 0.0349094 0.0331586 -0.0295957 -0.00687935 0.00334252 0.0154934 0.0268911 -0.0107411 -0.0176349 -0.0206946 -0.0295938 0.0196857 -0.00652069 -0.0201254 -0.0122531 -0.0192111 0.00421099 0.00256335 0.00123683 
-0.0273292 0.0159162 -0.00793778 0.00695851 -0.0314219 -0.0111673 -0.0135316 -0.0231319 -0.000350773 -0.010868 0.0232901 -0.0250997 -0.00246208 -0.0190993 0.00884813 -0.0172913 0.0116284 -0.0117532 -0.0242887 -0.000912305 0.0170487 -0.0119422 0.0269914 0.00607021 0.0160289 -0.0259301 -0.000409 -0.00869481 -0.0229014 0.0217566 0.00431841 -0.0315679 -0.00821566 -0.0244966 -0.0155526 -0.00954008 0.00682378 0.0238873 0.0595129 0.0235349 -0.0453377 -0.0076171 -0.0142174 -0.00778032 -0.00515768 0.0118919 -0.0154065 -0.0050011 -0.0105404 0.022087 -0.00488419 0.0217293 -0.0254714 -0.00377724 0.0238043 0.0191404 -0.00466295 0.0231497 -0.0175043 0.000320252 0.0155126 0.0266658 -0.000698264 0.0155811 
0.0314425 0.0228362 -0.0253837 -0.000359633 -0.0268711 0.00217583 -0.0206158 0.00517974 -0.00615046 0.00882605 -0.00271228 -0.00819933 -0.00798159 -0.0119431 0.0110155 -0.0161881 -0.00785469 0.00128132 -0.000630583 0.0103943 -0.0124625 -0.0063893 0.00415671 -0.014724 0.0181631 -0.0305863 0.0145805 -0.00117196 0.0276291 -0.0118431 0.0184051 0.0402328 0.0208439 0.0162882 -0.00434934 0.0127056 0.0185288 -0.0287858 -0.0187623 -0.0297919 -0.01443 -0.0171039 -0.0104578 -0.0179123 -0.00489904 -0.0174696 0.001149 0.00783617 -0.000720044 0.0153252 0.00359654 0.0187593 -0.00967282 0.0425738 -0.000487767 0.0195928 0.00407463 0.00935346 -0.000264323 -0.0334577 0.00444632 0.0307258 0.00251485 -0.0175742 
-0.00935991 -0.0274758 -0.0328011 0.0057877 -0.0198143 -0.0132391 0.0229403 0.0150047 0.029735 0.001213 -0.0304139 0.0168254 -0.00392047 -0.009412 0.0125118 0.0234037 -0.0344546 -0.00517841 0.0257961 0.00368468 0.000103133 -0.0157149 0.0384401 -0.0113876 0.015706 -0.00275405 0.00856733 -0.00660064 0.00408052 0.00215665 -0.00725927 0.0195789 0.0280435 0.0272544 0.00118687 -0.0159007 -0.000981914 -0.0323301 -0.0244934 0.00258881 0.0670699 -0.00416523 0.000428144 0.0244159 0.0415435 0.00780639 0.0113909 0.0147899 0.0262257 -1.31186e-06 -0.000370532 -0.011445 -0.0193613 -0.0145839 -0.020575 0.0292925 0.0199573 0.0167779 0.025178 -0.00602354 0.0252471 -0.0147651 -0.026247 0.0281788 
-0.0176345 -0.00808635 -0.00748342 -0.00474518 -0.0346943 0.00134678 0.00201696 -0.0323466 -0.0148584 0.00840941 -0.0302337 0.0116479 -0.00595482 0.0180378 -0.0185984 0.0116818 -0.0113854 0.0224503 0.00458685 0.00993121 0.0238375 0.00950668 -0.0259988 -0.00911271 0.0154495 0.00721098 0.0142617 -0.0149284 0.0250028 -0.0237201 -0.0245393 -0.00320924 0.0213655 0.00459118 0.0405636 0.026835 -0.00255654 0.00432202 -0.0151294 0.000251058 0.0257133 -0.00528592 -0.0393615 -0.011835 0.0105319 0.0225379 0.00181845 0.0285414 0.0264946 -0.0110994 0.00798621 -0.00695522 -0.0089351 -0.0212505 -0.0267828 0.00632666 0.0244119 0.00185884 -0.0313206 -0.00568393 0.00941566 0.0193804 0.023126 0.0133481 
-0.00463969 0.0241644 0.0152535 -0.00342943 -0.00218048 0.0018993 -0.0243345 -0.00351445 -0.0113563 0.0107594 -0.0200361 0.000787421 -0.0284608 0.0225888 -0.0169195 -0.0106423 0.0173935 0.00566691 0.0267749 -0.0290153 -0.02166 0.000179308 0.0153984 -0.00453964 0.0502745 -0.0173034 -0.015292 0.0100976 0.0182131 0.0083314 0.0322645 0.00115975 -0.00958232 -0.0175861 0.0124788 -0.0203606 -0.0157805 -0.00975439 0.00368111 -0.013049 -0.00276135 0.0177974 -0.0123386 -0.0302137 0.00762214 -0.00384571 -0.00132572 -0.00146102 0.00749141 -0.00914038 -0.0123428 -0.0286938 -0.0107638 0.000559594 0.0307092 -0.0156322 0.0384915 0.00952221 0.00985693 0.0241063 -0.00169421 -0.00277037 0.000703444 0.027171 
0.00725875 -0.0267838 -0.01923 0.00518933 -0.0144522 0.00430104 0.00578384 0.0244267 0.0568175 0.00686642 -0.0296371 -0.0013397 -0.0251057 0.0151196 -0.0285922 -0.0114892 0.00767914 -0.00903443 -0.0525968 0.0254396 0.00190172 -0.00632937 0.00597031 -0.00532681 0.00515391 -0.0465473 0.00684054 0.0225767 -0.00423787 -0.0204887 -0.0372437 0.0213177 0.00594532 0.0275384 0.00758361 0.0154913 -0.0296616 -0.0209745 -0.0145929 0.0129866 0.0111944 0.0497673 0.00490227 -0.00817647 0.0305584 0.00623315 0.0164756 -0.0129685 0.00978317 0.0174143 -0.00402309 0.0245683 0.00744352 -0.00645869 -0.011988 0.0215146 0.00342013 -0.0255697 -0.00924685 -0.00618497 0.00502596 0.0113062 0.0175635 0.0388899 
-0.0186601 0.00239574 -0.0109799 -0.0304 -0.00501779 -0.0404937 -0.0143441 0.0110912 0.00523681 -0.017103 0.00137271 -0.0193509 0.0253912 0.000180167 -0.0209569 -0.00244935 0.0128545 0.00631815 -0.00631872 -0.00898592 -0.00558231 -0.0196034 -0.000918744 -0.0269712 0.00177508 -0.0199815 -0.00925959 -0.0443102 0.0100175 0.00140975 -0.0192114 -0.0307613 0.0168087 0.0153979 -0.0168763 0.0492062 -0.0275867 0.000642744 -0.0063057 0.0141429 0.00726456 0.0355386 0.036522 -0.022721 0.0102081 0.00648135 -0.00452185 -0.000487846 -0.00106301 0.0176636 -0.00344116 0.0142209 0.00223311 -0.0268516 0.0309533 -0.0118352 0.0178508 0.00198638 -0.00759509 -0.00995138 -0.00653745 0.011794 -0.0133213 0.00697933 
-0.00245451 0.0245112 -0.00400304 -0.017733 -0.000258716 0.014216 -0.0130212 0.0271921 -0.0376263 0.0301635 -0.0160595 -0.0342025 0.0070912 -0.0100615 -0.0119973 -0.0110184 -0.0220874 0.0169287 -0.00157869 -0.0127832 -0.0193724 -0.0371316 -0.0100233 -0.016127 -0.0434189 0.0104771 0.000141254 -0.0186261 -0.0218308 0.0373298 -0.00274841 0.0443718 -0.016382 0.00394149 -0.0276623 -0.0289219 -0.00818373 0.0218774 -0.0340241 0.0162702 -0.0343975 -0.00923404 0.0112299 0.00987969 -0.00355383 0.00977197 0.00929735 -0.0128308 -0.0166911 0.0161644 0.00571295 0.00639308 0.050463 -0.00972701 -0.00333861 -0.014294 -0.0112278 0.00244149 -0.000804532 0.0371853 0.0234767 -0.00718844 0.0295631 -0.0229998 
-0.00513785 0.0167904 -0.0233468 -0.00491304 0.0304829 -0.000595221 -0.0164544 0.00104778 -0.0110133 -0.00262698 -0.0154128 0.0379251 0.0264237 -0.00213411 0.0220085 -0.00541083 0.017218 0.023805 -0.00753208 -0.0236101 -0.0309359 -0.0206771 0.0379436 -0.021728 0.00761069 0.0171211 0.0109325 0.0404989 0.0680219 -0.00448829 0.0189504 -0.0189612 0.00373335 -0.00412202 -0.0267103 0.00605057 -0.0435717 -0.0349338 -0.0132417 -0.00220969 -0.0150504 -0.0309506 -0.00395784 -0.0078522 -0.0174208 -0.00155805 -0.0133369 -0.00989504 0.000219985 -0.007287 0.0184568 -0.00356439 0.0155391 -0.00570187 0.0101207 0.0158653 -0.00155291 0.0123181 -0.0130068 -0.0125778 -0.0157404 0.00730202 0.0043449 -0.00500647 
-0.0320275 0.00527249 0.00869933 0.00797308 -0.00872627 -0.019197 -0.00492283 -0.0228731 -0.0281632 -0.0209006 -0.00789251 0.0117904 -0.0151302 0.0236834 -0.0211549 -0.0219205 -0.00301966 0.000199546 0.0321991 -0.000493922 -0.0204778 0.0196304 -0.0043999 0.0107489 0.00653514 0.0127957 -0.0216784 -0.0235954 -0.0220598 0.0246739 -0.00956758 -0.00318143 -0.00876303 -0.0370676 -0.00442466 -0.0220351 -0.0172806 0.00550721 0.0325082 0.0453132 -0.0226301 -0.00165597 -0.02134 0.0217259 -0.00043388 0.00440291 -0.0177258 -0.0115095 -0.018037 -0.0220743 -0.0343962 0.0350063 0.0154642 -0.0356502 0.00737493 -0.0140226 0.00451343 -0.0171992 0.0282144 -0.00729259 -0.0253666 -0.00320824 0.0161358 -0.0239222 
-0.0418704 -0.0316999 -0.00982805 0.0119095 -0.0097966 -0.0205824 0.00627026 -0.00259297 0.00755177 -0.00543652 -0.00543112 -0.026275 -0.00324412 -0.00684788 -0.0228553 -0.000652609 0.0267346 0.0278487 -0.00705021 -0.00547132 -0.0129192 -0.000834676 0.0089527 0.0265898 0.0267028 -0.0154104 -0.0223174 -0.0257873 0.0151974 0.00256422 0.0170116 0.0434411 0.0336179 -0.0241792 0.0127903 0.0107616 -0.000907441 -0.0020602 0.0529565 0.0206992 0.00256969 0.0183624 0.0215872 0.0336871 -0.0258622 -0.0128369 -0.00521349 -0.00886144 0.00271755 -0.000517779 -0.00790373 -0.00374226 -0.0230877 0.0387024 -0.0188897 -0.00760941 0.00814867 0.0177775 0.00254071 0.02544 -0.0281224 0.0204355 0.00456695 0.00212263 
0.0109759 0.00597653 0.00346897 0.015954 0.00864016 -0.0132958 -0.00300696 -0.0197289 0.0142192 -0.00363075 -0.0146154 -0.0148697 0.00659067 -0.00395204 -0.0216158 0.00830412 0.0282962 -0.0074053 -0.0174386 -0.0243557 -0.0119996 -0.00252882 0.0299284 -0.0067038 0.0233149 -0.00405688 -0.0090703 0.00684095 -0.0104927 -0.00570845 -0.0137165 0.0247148 -0.0282639 0.0299574 0.0183546 -0.00513118 0.0294052 -0.0224356 0.0236833 -0.00932425 -0.00411568 0.0103172 0.00932114 -0.0273161 -0.0142583 -0.0397826 -0.00156783 0.0153139 0.00720565 -0.000840583 0.0017047 0.0145594 0.0154149 -0.0338164 0.0277491 0.0502187 -0.00883997 0.01662 -0.0178455 0.0103356 -0.0153083 0.00703607 -0.00244523 0.0229278 
-0.00240763 0.00749156 -0.0105895 0.0314388 -0.00646719 0.00852313 0.000536043 -0.00487463 0.0274783 0.0128604 0.011885 0.0139487 -0.00525845 -0.00069204 -0.00782772 -0.00936152 0.0225351 -0.00477799 -0.0414607 -0.00142364 0.00973623 0.0180146 -0.0404611 -0.00857548 -0.00533175 0.0303225 -0.00200709 -0.00766981 -0.00577569 0.0119137 0.0175524 -0.028252 -0.0284148 0.0105041 0.0234725 0.0152106 -0.0304238 0.00109879 -0.0449514 0.00715979 -0.0222276 -0.00342614 -0.0157541 -0.052866 0.00136908 0.0103456 0.00261271 -0.0208456 -0.00605825 0.00914252 0.0119073 0.00593417 -0.0142485 -0.0226502 -0.000587471 0.0170261 -0.0662639 -0.0222551 -0.029091 -0.00102836 0.0107793 -0.00127579 -0.00735635 0.0234621 
0.0253304 -0.0333993 -0.0245679 0.0299592 -0.0108622 0.00590849 0.0102423 -0.0214039 -0.0419758 0.00761179 0.0156052 -0.0102111 0.0197006 0.0100437 -0.0192084 0.0119343 -0.0161382 0.000311006 0.00383879 0.00337133 0.0205328 -0.00134043 0.0156662 0.0168392 0.0246713 0.050556 0.0170548 -0.0114376 0.00946812 -0.0277535 -0.0170706 0.00644467 -0.0115843 0.0178326 0.0418737 -0.0211474 0.00486749 0.00794827 -0.0098962 -0.0261138 0.00931778 -0.00823378 -0.00077151 -0.00892299 0.0253243 0.0154498 0.0172816 0.00590377 0.00621549 0.00584803 0.00578854 0.00491481 -0.00300716 0.00435473 -0.0211465 -0.0206212 -0.0101948 -0.00613391 0.00409829 0.0136691 0.0128285 0.0247812 0.0104355 0.021805 
