256 64
-0.00905585 0.0172169 -0.0113322 -0.000908909 0.0281607 0.000127217 -0.000746416 0.0329545 -0.0234844 -0.00933012 -0.0339483 0.000113707 -0.0401792 0.0261015 -0.00194044 -0.0232394 -0.00169859 -0.00200621 0.0205203 0.011938 -0.00417811 -0.00928947 0.00177218 -0.0244779 -0.0029118 -0.0254041 0.00333092 0.00525775 -0.00419343 -0.0235641 0.000972731 0.0172407 0.0206019 -0.0157486 0.0134022 0.0106452 0.0194587 -0.00206067 0.0506151 -0.0312915 0.0122235 -0.0148528 0.0115145 0.0120709 -0.0461237 -0.0356675 -0.0245397 0.0145089 0.0214661 -0.00321286 -0.00194231 0.00901067 0.00644892 -0.0220147 0.0399056 0.0116947 0.0122709 0.0163872 -0.00620649 -0.0119789 0.0181417 0.019839 0.020403 0.00816252 
-0.00308218 -0.0411437 -0.00874862 -0.0323191 0.021565 0.00782484 -0.0224253 -0.00338444 0.00427106 0.0342289 0.00327776 0.0105792 0.0143339 -0.0239736 -0.00455762 0.00150259 -0.00793426 0.00335156 -0.0359428 -0.0511209 -0.0167166 -0.00359444 0.00685955 0.000378567 0.0188921 0.0104161 0.0191979 0.0260034 -0.00738528 0.0102553 0.00690248 -0.0155174 -0.0342073 0.0383378 -0.0268603 -0.0159467 -0.030222 0.0278359 -0.0199176 -0.0195448 -0.000426843 0.00922406 0.00847169 0.014168 0.00328906 -0.00615103 -0.0198935 -0.0328788 0.0285382 0.0120842 0.00463045 -0.0296011 -0.00243186 -0.0756441 -0.00290586 0.0216977 0.00891931 0.00221335 -0.00722594 -0.00943959 0.0199058 0.00539836 0.0265732 -0.00740186 
-0.00251403 0.0160255 -0.0330968 0.0182019 0.0320026 0.0415233 0.0097789 0.0354088 0.0100046 -0.00960869 0.0141932 -0.0240113 -0.0255893 0.00308086 0.0207649 0.0133949 0.0167352 0.00831716 0.0259057 -0.00869113 -0.00250902 -0.0170974 0.0192292 0.00103598 0.0419275 0.0161327 -0.0220121 0.00408053 -0.0157346 -0.0182563 -0.00492973 -0.0149224 0.00620225 0.033909 -0.0339192 -0.0275139 -0.0180903 0.0307017 0.00700652 -0.00408459 -0.0120301 0.0171698 0.0313467 0.0120058 -0.0101354 -6.13318e-05 -0.00408919 -0.0388155 0.0300262 0.00213038 -0.00674121 0.00969987 -0.0520279 0.046645 -0.0275876 -0.0249481 0.0323313 0.000710298 0.0185426 -0.00357416 -0.0195554 -0.0156751 0.0192668 -0.0166469 
-0.0164431 0.0203838 -0.00242415 0.046402 -0.042886 -0.0251378 -0.00315041 0.00400817 -0.0107892 -0.0104546 0.00655959 0.00439036 0.00666374 -0.0208563 -0.0258498 0.0298953 -0.00663568 0.0116921 0.0138575 0.0194424 -0.021615 0.00271737 0.0131113 0.00349157 -0.0010712 0.0356754 0.00955985 0.0137341 0.00598092 -0.00642634 0.0180614 -0.00688151 -0.0345777 -0.00845565 -0.0231495 -0.000442404 0.0299545 0.043237 0.0239097 0.0343922 0.010933 -0.00247234 -0.00507158 0.0172385 0.0340139 -0.0134732 -0.00191339 -0.00661254 0.0245712 -0.00645717 -0.033588 0.0203724 -0.0247675 0.0195269 0.0121195 0.00671567 0.0114556 0.00804928 -0.000366376 0.00563595 -0.00915801 0.004193 0.00848075 -0.0364185 
0.018825 0.0117322 -0.000986631 -0.00553116 0.0152049 -0.00711883 -0.00510553 0.0109051 -0.00418459 -0.00967415 0.00284586 0.0230595 0.0161153 -0.000737068 0.00332861 0.0369638 -0.00802833 0.0315134 0.0166413 0.0382058 -0.00710511 -0.0145174 0.0268929 -0.0131219 -0.0334964 0.00811364 0.0702905 0.00495764 -0.0108143 -0.024868 -0.010612 -0.0336461 -0.000595176 -0.0137587 0.0165942 -0.0099188 0.00460567 -0.0151045 -0.000726667 0.0182093 -0.0123543 0.0234096 -0.00676361 -0.00136268 -0.0185163 0.0316178 -0.0086894 0.00732591 0.00173878 -0.05175 0.00803381 0.0117901 0.00658968 0.00876177 -0.00200467 0.0231465 -0.0187419 -0.00826425 0.00763625 0.0238429 0.0022032 -0.0140327 0.00797773 -0.0289104 
0.0181688 0.00834239 -0.0170421 0.00304488 -0.01474 0.0156295 0.00277011 -0.00314047 -0.00953978 -0.00892942 0.000994216 0.0256973 -0.0196299 0.0232253 0.00384987 -0.0182307 -0.00145936 -0.0181224 -0.0144782 0.0166197 0.0143225 -0.00112302 -0.000683021 -0.0124206 0.00193483 -0.0246666 -0.00833579 -0.0094542 -0.0469096 3.0288e-05 0.0187569 0.001412 0.0371581 -0.035476 -0.0142702 0.0126979 0.0212377 0.00669123 0.0052517 0.0176332 -0.0149046 0.0223412 -0.0188354 -0.00598869 0.018144 -0.00524784 -0.0109454 -0.00991045 -0.010804 -0.0114398 -0.00133687 0.0103222 0.0299001 -0.0111654 -0.0146232 -0.013552 0.0176622 0.0230009 0.00413914 0.0168171 -4.54521e-05 -0.0295207 0.033566 0.011609 
-0.0198174 -0.0183429 -0.0137564 0.00735518 0.00277975 0.0278352 0.0153985 0.0168803 -0.00658814 -0.0106199 0.00675382 0.0329012 0.00377107 0.0160804 0.0232997 0.0038286 0.00277382 0.0160183 -0.00948998 -0.00770007 0.0064724 -0.0489078 0.0174407 -0.0010507 0.0113007 -0.00762226 -0.0111947 -0.00991485 -0.00169553 -0.0182578 0.00145419 0.0208721 0.0109445 -0.0194996 0.00596511 0.00633207 -0.0161297 -0.0109408 -0.0204603 0.00670287 -0.0100847 -0.0312865 -0.0330567 -0.0101359 0.019337 -0.0291268 -0.0213277 -0.0212584 -0.00493196 0.0291576 0.0112787 0.00751118 -0.0433374 0.00435356 -0.0174665 0.0169193 0.0182363 0.0154154 0.00777287 -0.00780259 -0.0295329 -0.00226681 0.00498438 -0.0272287 
-0.00708911 -0.0361206 -0.0128043 0.00736054 0.00819499 0.014051 0.0129729 0.00106975 0.0329714 -0.00817865 0.00856419 -0.0178999 0.0379876 0.00719956 0.0269031 -0.0134156 0.0236515 -0.0372987 0.00712502 0.00540514 -0.0289842 -0.00516577 0.0408824 -0.0239099 0.0234945 0.0293184 -0.0184566 0.0165321 0.000677827 0.0188361 0.026195 -0.00810403 -0.0476295 -0.0130652 -0.0159186 0.00451226 -0.089725 -0.0175027 -0.020474 0.00472187 0.0259659 -0.0182058 0.0372001 0.0209584 -0.00357097 -0.0193379 0.0247964 -0.0263282 0.00982544 0.0153323 0.00359834 -0.02182 0.0133461 0.0292491 0.00255495 0.020531 -0.0116994 -0.0207718 -0.00266291 0.00359916 -0.026219 0.0144883 0.00509915 -0.0297737 
0.00792529 0.011722 0.00422264 -0.0104591 0.0403854 -0.0293952 -0.011018 -0.0166835 0.028076 -0.0116433 -0.019577 -0.0267488 0.0177813 -0.0155204 0.00340047 0.0392008 0.0250844 0.0380617 -0.0207692 -0.00116553 -0.00708784 0.00754627 -0.0161118 -0.00867121 0.00246216 0.0032212 0.00959063 0.00293956 0.0174901 -0.0267441 0.018774 -0.0383431 0.0364333 -0.0591133 0.0270009 0.0281609 -0.00231856 0.0392713 -0.0136229 -0.000795887 0.00908781 -0.0220742 0.0162726 -0.0169719 0.0183376 -0.0131575 0.0342531 0.0181904 0.0121339 -0.0127288 0.0114171 -0.012518 0.028079 -0.0147814 0.00294085 -0.0114762 0.0128077 0.00182292 -0.0214653 0.0274776 0.0396757 0.0262089 0.0150313 -0.0189727 
0.0506908 0.0199739 0.0324525 0.0249331 0.0148868 0.0136306 0.0100302 -0.00513508 0.0497962 0.0265484 0.000590687 0.00165931 0.00644689 -0.0171386 -0.0207713 0.000449205 0.0537444 0.00763212 -0.00256059 0.00728204 0.0459023 -0.0600412 -0.00998143 -0.00751779 -0.0403614 -0.00116631 0.0282781 0.00312776 -0.0208655 0.0012499 -0.0179604 0.00759802 -0.00411521 -0.00762932 -0.0309116 0.0141957 0.0504119 0.0309395 -0.00329901 0.0240511 0.00621385 0.0282061 0.00791757 0.0299263 -0.00678101 -0.00710743 -0.00617494 -0.0289469 -0.0380805 0.0272733 0.0073407 -0.00114204 0.0140988 0.00247502 -0.00357729 -0.00162248 0.00529884 0.0167694 -0.0101682 0.0246385 0.0117377 0.00110579 -0.0159204 -0.0171041 
-0.020295 0.0245221 0.0194207 0.0108671 -0.0070403 0.0293573 0.0112622 -0.0259013 -0.019751 -0.0190569 0.0174287 0.00261341 0.0283831 0.0417672 -0.0128371 0.0258922 0.00139168 0.000108275 -0.0209764 0.0320943 -0.0289791 -0.0131444 -0.035794 0.0181886 -0.00657671 0.0413037 -0.0197676 0.0367902 -0.0137934 0.00700575 0.0187473 -0.0158108 -0.0246089 0.00985806 -0.023513 -0.0176767 -0.00735674 0.0342017 0.0108502 0.0115229 0.0248107 -0.00442339 -0.0115795 0.0193507 -0.0158198 -0.0245696 -0.0430202 -0.00700106 -0.0331306 -0.00299471 -0.0214826 -0.00942385 -0.0211263 0.0383265 0.00923193 -0.0132193 -0.00743702 0.00499785 -0.00263651 0.0208124 -0.00618519 0.00130519 0.0227662 -0.00648441 
0.0205969 0.00549569 -0.000933887 -0.0161754 0.0367269 0.0223211 0.0248234 0.00731685 0.00363665 0.00497779 -0.0246243 0.0199886 -0.0139636 -0.00679111 -0.00504025 0.031154 0.0210877 0.00349265 -0.00722768 0.00858216 -0.00296394 0.00210667 0.016831 0.00246622 0.0194456 -0.00901924 -0.0255444 0.00765256 0.00673238 -0.0243372 0.00298024 0.0161764 -0.0242242 0.00153164 -0.00478578 0.00414304 0.0115858 0.00194134 -0.0167152 0.0171189 -0.000452443 -0.0170447 0.00960466 0.00401009 -0.0220766 0.00730134 0.00882578 -0.00499184 -0.00183258 0.0031679 0.00126765 -0.0193583 -0.0393312 0.0269891 0.00917966 0.00685717 0.000249221 -0.0250585 -0.0369086 -0.0179746 -0.00549083 -0.0204811 -0.00558593 -0.0248825 
0.00428851 0.00266845 -0.0122574 0.00601233 0.00425498 -0.0462628 -0.0102997 -0.00383475 0.00712636 0.012525 0.000950954 -0.0193328 0.0101984 0.00258256 0.00484244 -0.000168946 -0.00385501 -0.0231743 -0.00270437 0.00703039 0.00256188 -0.0147677 0.0109299 0.00308378 -0.0164626 -0.0204246 -0.0124043 0.012194 -0.000454198 0.00262118 -0.00528166 -0.0230008 0.0212483 -0.0196825 0.00508517 -0.0123395 0.0161994 -0.0166843 -0.0023946 0.0128513 -0.020517 -0.0171875 0.00491585 -0.00424602 0.000439174 0.0217515 0.022836 -0.00272296 0.0120606 0.0161993 0.00504702 0.00737744 0.0243263 -0.0268551 0.0200707 -0.0194776 0.00131291 -0.0131434 0.00744876 0.000479752 -0.010247 -0.0235596 -0.0236463 -0.00305265 
0.00271525 0.035353 -0.012982 0.00156717 0.0398771 0.00280535 -0.0478703 0.0176523 -0.00502041 0.00280857 0.00189796 0.0311373 -0.00370551 0.0230542 -0.00249155 0.0257498 -0.0135355 -0.014411 0.0137692 0.0370104 0.0342808 -0.0147825 -0.00636243 0.0125803 -0.0152662 0.0121603 -0.0137439 0.00764956 0.008845 -0.0309012 -0.0034114 0.0177544 0.0134719 -0.00333436 -0.00288717 -0.0183844 -0.0191452 0.019985 0.0010983 0.0059719 0.0330316 0.012877 -0.00545397 0.0131107 0.0173797 0.00547791 -0.000718776 -0.0173581 0.0124211 0.00257138 -0.0167468 0.00378111 0.00995255 0.00586647 -0.0128052 -0.00413348 -0.0171972 -0.0292286 -0.0149669 0.0103886 -0.0123576 -0.00991912 -0.0257489 -0.0180584 
0.0214791 -0.00356121 0.00852544 -0.0187132 0.0183935 0.0128586 -0.0259337 0.0234074 0.0180168 0.0271388 0.0073511 -0.0317382 -0.0291199 0.0059768 0.0074671 -0.00418914 0.000866655 0.0205162 -0.00791081 -0.00806822 0.00230305 -0.0179272 -0.0252658 0.00103358 0.0117526 -0.0331289 0.0226547 0.0200076 -0.0190774 0.00799161 0.0235321 -0.0288998 0.0128685 -0.0125214 0.000945072 -0.0127535 0.0114781 0.0166949 -0.00645956 0.00604442 -0.00122651 0.0108084 -0.016524 0.0144827 0.00187193 -0.0103936 0.0160037 0.0112093 -0.00542011 0.0136099 0.0506668 0.0192808 0.012558 0.0133087 0.0242893 0.015066 -0.0357518 -0.0260694 -0.00819656 -0.00637964 0.00911346 -0.0144817 -0.0204915 -0.0154114 
0.00466155 -0.0275942 -0.00888148 0.0189355 -0.0124531 0.0118141 0.0331332 -0.025141 0.013136 -0.0282063 -0.0269065 -0.00438823 -0.0242225 0.0201132 -0.00134459 -0.00393858 -0.0180429 -0.00722571 0.0394301 -0.0239415 0.0058256 0.0323014 -0.00697439 0.0129044 -0.00142415 -0.0441557 0.00170675 -0.0249185 -0.0289861 0.0178926 -0.00327671 0.032759 -0.040043 0.000587487 0.0247769 0.017313 -0.0137602 0.0151411 0.0354741 0.0170093 -0.00531686 -0.0128744 -0.0285537 -0.0373238 -0.0102152 -0.0106359 -0.0383971 -0.00507571 -0.0411416 -0.0348104 0.0101442 0.0445436 -0.00559538 -0.015277 -0.0134233 0.0163434 -0.0088025 -0.0105959 0.0184852 -0.0100721 -0.0410249 0.0268157 0.0195683 0.0310025 
0.00972307 0.00930285 0.00446536 0.0248898 0.00912688 0.0164149 -0.01291 0.00908047 -0.00382124 -4.30166e-05 -0.00592532 -0.0127026 0.000284684 -0.00818636 -0.00140446 0.0180373 -0.0186883 0.0190811 0.00251529 -0.000137089 0.0202643 0.00325701 0.0171844 -0.0197158 -0.00907145 0.0118697 -0.0348873 -0.0256572 -0.0237318 0.000660503 0.013896 -0.00964931 -0.00841466 0.0227165 -0.015556 0.00593823 0.0371662 0.00867262 0.0238249 -0.0147619 -0.026998 -0.0196258 -0.00131816 -0.00254029 0.00724216 -0.0160536 0.00829056 -0.0231354 -0.0249078 0.00405509 -0.000388604 -0.00114689 0.0169479 0.00292618 -0.0212209 0.0247381 -0.0150542 0.0336067 0.0268792 -0.02203 0.0408658 -0.01878 -0.0181066 -0.000322993 
-0.00950746 0.02903 -0.0257609 0.0367537 0.00249647 0.0249027 0.00457372 0.0286032 -0.0130145 0.0161472 0.00279101 0.0104946 0.00828513 5.91374e-05 -0.0136199 -0.0329956 -0.00943934 -0.0160671 0.022456 -0.0421207 0.0379041 0.012027 0.00236978 0.035183 0.00792666 -0.027207 -0.00565691 -0.0228488 0.00806809 -0.00768411 -0.0235902 -0.00152172 0.00370882 0.000672249 -0.00649263 -0.0174461 0.0230421 -0.0168866 -0.0316933 0.0157025 0.0448126 -0.0247602 -0.0203075 -0.0351762 -0.000472461 -0.0182411 -0.0374913 -0.0128018 -0.0206965 0.0205937 0.0114932 -0.0296912 -0.0127651 0.00203204 0.0106369 -0.0263943 -0.0134296 0.0126991 -0.0349464 -0.0208009 -0.00281853 0.00301935 0.0465779 -0.0342871 
0.0146217 0.00545435 0.0230334 -0.0125943 0.0140155 0.0280412 0.00476815 0.0138704 0.00873176 0.0121733 0.0183302 0.0167871 -0.0110354 1.36107e-05 -0.0189669 -0.00508585 0.0274883 0.0268907 0.0231101 -0.00157667 -0.00613688 0.00864396 0.0244042 -0.0409882 -0.00585702 0.00939641 0.0233324 -0.0129243 0.00804099 0.00111008 0.00459823 0.0132296 0.00278834 -0.0198706 0.0281475 0.0070492 -0.0152035 0.0202249 0.00736473 0.0151491 -0.0338392 -0.0181971 -0.0231238 -0.036862 -0.0125793 -0.00577878 0.0109268 0.00319283 0.0170047 -0.00835186 0.0100882 -0.000122319 0.0205102 -0.0182985 -0.0073296 0.00623558 0.0060007 0.0103528 0.00616729 0.0337915 -0.00369687 -0.0121792 -0.0128452 0.00518964 
0.00889588 0.00669051 -0.00233822 0.0136373 -0.0399332 0.0155697 -0.00818059 0.0128946 0.0140345 0.000676356 -0.0210341 0.00821545 -0.0161058 -0.0177907 -0.00519042 0.0070364 -0.00484049 -0.00360671 -0.00207327 0.0599734 -0.0106019 0.00557179 0.0406209 -0.0369336 0.0176446 -0.00057008 -0.0222184 -0.0112872 0.0057198 0.0182868 2.18886e-06 -0.00915617 -0.0272644 0.0301151 -0.00665893 -0.00169195 0.00643423 -0.0232618 0.00622767 -0.0119599 -0.0342293 0.00813731 0.0457789 0.01224 -0.0168454 0.0215124 -0.0279723 -0.0229239 0.047945 -0.010795 -0.0345374 0.00836603 0.0186852 -0.0274934 0.00521075 -0.0171664 -0.0246362 0.0119722 0.0080736 -0.000128917 0.0407085 0.041983 0.0168809 0.00149482 
0.00899712 0.00303136 -0.0130476 0.00117965 0.0179375 -0.0157854 0.0259471 0.00420866 0.00665821 0.0267097 0.0034967 0.00776793 0.025677 -0.0299072 0.0387851 -0.00620919 0.00250066 0.0135533 0.037199 0.013043 -0.00111708 -0.0121916 0.0261315 -0.00529029 -0.00260429 -0.00540968 -0.00512466 0.0203425 -0.0171693 0.00834582 0.00503231 0.0164585 -0.0145969 -0.00405983 -0.000847198 -0.00178529 0.00601216 -0.0108201 0.0381859 -0.0197034 -0.0384121 -0.0197666 -0.00374191 -0.0145158 -0.0205978 -0.00573939 0.0427246 -0.0214025 0.00811073 -0.0417114 7.32388e-05 -0.0054599 0.00846343 0.00805372 -0.0216485 0.0347888 -0.0535254 -0.0228732 -0.0321666 0.00798456 0.0332127 0.00760344 -0.00763998 -0.00120689 
-0.00788901 -0.00554008 -0.00554796 -0.00796003 0.02697 0.0206285 0.0119845 -0.0200949 -0.0357218 -0.00490674 0.0137016 0.0304478 -0.0281502 0.0131163 0.00968127 0.0254182 0.00066021 0.00515904 0.0147663 -0.0254697 0.00512452 0.0344328 -0.0127312 -0.0317766 0.0177919 -0.000803415 0.0143471 0.00848165 -0.000982322 0.00329504 -0.0446459 -0.0171748 0.0113869 -0.00950882 -0.0165835 0.00947302 0.0414402 0.0164999 0.0186464 0.0069616 -0.0270453 0.00776544 0.0163957 0.0096138 -0.0112532 -0.011351 -0.0111072 -0.0322813 0.0281126 -0.0242528 -0.014343 -0.00542039 0.0148397 0.00352507 0.0239709 0.00523044 -0.0197323 -0.0176997 0.00701204 -0.000581693 0.0323627 0.000928418 -0.0192429 0.0116867 
-0.00467202 0.0404785 0.0111241 0.0174991 0.00367233 -0.0231671 0.00947136 -0.00564914 0.00608038 0.011372 0.028455 -0.0062489 -0.0171578 -0.0579649 0.000520505 -0.022277 -0.0108871 -0.0388109 0.0281065 0.025994 -0.0291364 -0.0228948 0.00459524 -0.0140658 0.0312377 -0.0257989 -0.00140016 0.0037408 0.00804445 -0.0462583 0.007446 -0.0323779 -0.0150167 -0.0136774 0.0126035 -0.0126886 -0.0103085 0.000755632 0.00691144 0.0354635 0.00690383 0.00119524 -0.0119175 0.000539656 -0.00295266 0.000175949 0.0110621 -0.00489022 0.0028089 0.00497361 -0.0167042 -0.00641466 0.0115476 0.00263111 0.00907798 -0.0221553 0.0565466 0.0139561 -0.00562957 0.0206047 0.0232198 -0.00750635 0.0104263 -0.0085975 
-0.0166431 0.000649971 -0.0385875 0.0127803 -0.00758493 -0.00876323 0.00074566 0.00517489 0.00928155 0.00360532 -0.000464292 -0.0171155 0.0212376 -0.0119757 0.00574349 0.00353122 -0.0257231 0.00549347 0.00226889 -0.00180352 0.0164317 -0.0147736 -0.0152379 0.00934618 0.0255924 -0.0131112 0.032044 0.0117161 -0.0327842 0.00698397 0.00235879 -0.0204347 0.0198473 0.0186699 0.00637664 0.00767988 0.00688833 -0.00876078 0.0166263 -0.00854191 -0.0295941 0.0126215 0.0206142 0.0327352 -0.00657791 -0.0238356 -0.00239162 0.0317997 -0.00187225 0.0260434 -0.0283913 0.00432988 -0.0243739 0.00723916 -0.0216147 0.00399092 -0.0215519 -0.00418801 0.00751023 -0.0404712 0.0270773 0.00647541 -0.0326675 -0.00990029 
-0.0112635 -0.00737882 0.0150287 0.00684926 -0.0289921 -0.0205925 -0.0245342 0.00915342 0.0174629 0.0212745 0.0128253 0.000691005 -0.0252223 -0.00795438 -0.0101317 0.0139338 0.0327032 0.0191132 -0.00624984 -0.00784594 -0.00847961 -0.00922934 0.00981107 0.0176534 -0.0221236 0.0114675 0.0127957 0.0202355 -0.0257774 0.00796619 -0.0254043 -0.00558807 0.027422 -0.022181 0.0357156 -0.0229534 -0.0219437 -0.000113287 -0.0289914 -0.0112236 0.017811 -0.0209149 -0.0340173 0.0139927 -0.019318 0.0215301 0.00686854 0.00747656 0.00732432 0.00559611 -0.0209544 0.000206532 0.00904271 0.00896853 0.0180534 0.0121304 0.00307921 -0.0425843 0.00556623 -0.0127354 0.0112065 -0.00444199 -0.0122468 0.0167521 
0.021396 -0.00377335 -0.00196574 0.00569386 -0.0151738 -0.000344114 0.0225364 0.0144787 0.00471388 0.0204876 0.010911 -0.00920169 -0.00716726 0.0136373 -0.0286392 -0.0336613 -0.0340276 0.0360574 -0.029547 0.0229998 0.0036955 -0.00954612 -0.00464556 0.004406 0.00503981 0.00875125 -0.0199296 -0.018968 0.00574179 -0.0104472 -0.000517427 0.0170341 -0.0135966 0.0154803 -0.0486708 -0.0307639 0.00584356 -0.0269812 -0.0565148 0.00558197 0.00923505 0.00850356 0.00409085 0.0129486 -0.023886 0.027733 -0.0357653 0.00357436 -0.00626898 0.0238134 -0.0170213 0.0479712 -0.0433433 -0.0143548 0.0232699 -0.00983306 0.00112116 0.016244 -0.0256149 -0.00875954 0.0177321 0.0330586 -0.0157577 -0.0015709 
0.00268795 -0.00363806 0.0184361 0.0404407 -0.0119624 -0.000382741 -0.0077019 0.013767 -0.0391479 0.00450347 0.000554481 -0.0210996 -0.016087 0.00623982 0.00350682 0.0144764 -0.0219599 0.00281873 -0.00787253 -0.0177049 -0.0176877 0.0137021 -0.0217945 0.0146376 -0.0114938 -0.0351481 -0.00467728 0.0269614 -0.00910095 0.0252877 -0.0247554 0.0195847 0.01592 0.0241757 0.00760898 -0.00334489 -0.00192825 -0.0146391 0.0143903 0.00625509 -0.00070417 -0.0159531 0.00786674 0.0277155 0.00564162 0.00844246 -0.0240072 0.0132985 -0.043755 -0.00254397 0.0113874 -0.0167733 0.0241869 0.000597687 -0.00655096 0.0149305 -0.0421012 -0.0126325 0.00342092 0.016861 -0.00428501 -0.00972904 -0.00392319 -0.0436006 
0.00901374 -0.0102004 -0.0261341 0.030973 0.0161547 -0.00855997 -0.0152928 0.00364646 0.00123788 0.0134316 0.0286561 -0.0248678 0.0176719 0.00243538 0.012536 0.000617252 -0.0161758 0.0204915 -0.0106712 0.0158767 -0.005369 0.00288883 -0.00285366 -0.00846676 0.0202748 0.00252123 0.000384534 0.00513068 0.0160433 -0.019427 0.0104994 -0.0184063 -0.0291157 -0.0345302 -0.0313163 0.0179307 -0.000410047 -0.0116906 -8.6736e-05 -0.00378832 0.011934 -0.00213684 -0.0258251 0.000135001 -0.0149858 -0.0539498 -0.00149512 -0.032427 -0.0156969 -0.0187353 -0.0233731 0.00480159 -0.0350256 -0.030189 -0.0219935 -0.00830364 -0.00116265 -0.0172803 0.00415321 -0.0186795 -0.0318542 0.00925551 -0.00572657 -0.00877207 
0.0210718 -0.0228861 0.0223318 0.0166168 0.00941972 -0.0245796 -0.0183885 0.0101426 -0.0127688 0.0142106 0.00407437 -0.00316907 -0.0260923 -0.020946 0.0130787 0.00524306 -0.0140387 0.00855267 -0.0134001 -0.00474936 0.0214931 -0.0349333 -0.0197396 -0.00378253 0.00407332 0.0606394 0.0217528 -0.0110229 0.00245176 -0.0237382 0.0140055 -0.048131 -0.021839 -0.0206064 -0.016629 0.0112196 0.0479697 -0.00913733 0.00155295 -0.0527732 0.0344992 -0.00900472 -0.0073356 0.00817384 -0.00710064 0.000525013 0.00581505 -0.0131496 -0.0138279 0.0123212 -0.0415596 -0.0271492 0.0167085 -0.00893884 -0.0428687 -0.0086408 0.00109005 0.0307949 0.0119492 -0.0125562 0.00258405 0.0188852 0.0146596 -0.00685856 
0.00163888 0.00587241 0.0333172 -0.0241775 -0.0157216 -0.0251783 0.00245021 0.0181233 -0.0181122 0.0196475 -0.00842397 0.0422906 -0.0279467 0.0239227 0.0114757 -0.00410817 -0.0280787 -0.0155667 0.00605084 -0.00804037 0.0168864 -0.0139774 0.014289 0.0193323 -0.0375622 -0.00877852 -0.034356 0.0195297 -0.0352247 0.0105981 0.00840365 -0.0192953 -0.00768112 0.0136095 -0.00153674 0.00685155 0.0106348 -0.00519956 0.0460038 0.0142853 -0.026979 -0.0358972 -0.0065362 0.0310064 0.0243772 0.0208508 -0.0181587 0.00577326 -0.0212615 0.00753023 0.0225335 -0.0228486 -0.00206488 0.00449014 -0.0126676 -0.0237045 -0.0250058 -0.00236298 -0.0167018 -0.0266509 0.0259114 0.0245387 -0.0198521 0.0368271 
0.00286915 -0.00207869 0.010646 -0.0146101 0.0102311 0.0119626 -0.00798971 -0.00699461 -0.0120221 -0.00915404 -0.00726436 -0.0160722 0.0396481 0.0409513 0.0235855 0.0146776 0.00457841 0.0109468 0.0201257 0.00925126 -0.0114912 -0.0321193 -0.0160569 0.0131462 -0.0261904 -0.00895019 0.00788042 0.0315782 0.0132524 0.0241664 0.0249415 -0.0110068 -0.0215953 -0.00656588 0.00140927 0.00441873 0.00288837 -0.0152453 0.00468284 0.00226177 -0.0103393 -0.0135271 0.0016482 -0.0153464 -0.00920623 -0.000687721 -0.0193511 -0.0183887 0.0234666 0.0196517 -0.00942322 0.00604784 -0.0125715 0.0277907 -0.0106772 0.0103185 -0.0222986 0.0020762 0.0306646 -0.0210157 0.00757542 -0.011 -0.00537033 -0.0146492 
-0.0135073 0.0100705 -0.0288086 -0.014795 0.00733471 -0.0319908 0.00902508 0.000560429 -0.00589188 -0.0108661 0.00567574 0.0025472 0.0111015 0.000834431 0.012915 0.0170926 -0.000689932 -0.00270163 -0.0238852 -0.00164827 -0.0105159 -0.0280722 0.00353652 3.88226e-06 -0.0433258 -0.0191669 0.038645 0.02097 -0.00825578 0.00162133 0.0290427 -0.00771731 0.00408415 -0.00586798 0.0189797 -0.0074391 -0.0218836 0.00627775 -0.0214686 -0.0122176 -0.00969424 -0.0349357 0.0294519 -0.0238014 0.0104657 -0.0331775 0.00691611 -0.00559086 0.0580547 -0.00930069 -0.00509629 -0.0187655 -0.0187594 0.0129147 0.0190437 0.0128497 -0.0145888 -0.0185763 0.014338 0.00264326 -0.00878079 -0.00419414 0.00406409 -0.0422973 
0.0136544 -0.0190723 0.0447328 -0.00296901 -0.0267185 0.0065433 0.0246216 -0.0192707 0.00952417 0.0112113 0.00469725 -0.00981299 0.0132829 -0.0215541 -0.00869304 -0.00888191 -0.03564 0.0296422 -0.0154694 -0.000784777 0.0050345 0.0184299 0.00290448 -0.0311068 -0.00487247 -0.0150112 0.0289367 0.0206776 -0.0514337 0.00905164 -0.0428331 0.0088224 0.00111688 0.0180138 0.0124035 0.0198379 -0.000727765 -0.0120599 -0.0195275 -0.0352107 -0.00494724 -0.0141521 -0.0183255 -0.0224543 -0.0116476 0.032987 -0.0163011 0.00320229 -0.0070851 0.00451866 0.00872085 -0.0088285 0.00205266 2.02858e-05 0.00151762 0.0226193 -0.0112776 0.00235079 0.00237419 -0.00954148 -0.0236076 0.00363862 0.004365 0.0352905 
0.013171 0.0137967 0.00231821 -0.0379257 -0.0193562 -0.0023549 0.00371625 0.0213899 0.00353471 0.0130904 -0.0111218 0.0225804 -0.0034637 -0.0290091 0.0131966 0.0203656 -0.0214289 -0.0490706 -0.014462 0.00692798 -0.00534232 0.0314766 -0.0176169 0.00103315 -0.0302561 0.00655474 -0.0283133 -0.0239547 -0.0120541 -0.0171325 0.020387 -0.0114745 0.00300085 -0.033425 0.0192767 0.00148893 -0.0126676 -0.0279599 -0.0220862 0.00167844 -0.00175471 0.0141505 0.0121249 -0.0164008 0.021302 -0.0172132 0.020565 -0.013402 -0.0040559 0.000987896 -0.0221469 -0.0117455 0.0162634 0.0273707 0.0125345 0.0173261 -0.0159951 -0.0322493 -0.00286629 -0.00521034 0.0150113 -0.00047056 -0.0122589 -0.015039 
-0.0216213 0.0106873 -0.0235819 -0.00698544 -0.0228503 0.0313822 0.0126771 -0.000186722 -0.00700959 0.0175274 -0.0367892 0.010958 0.0347235 0.0275906 -0.010226 0.00684201 -0.00103163 -0.033975 -0.0178017 0.0224813 0.0286304 0.0161608 -0.0154873 -0.00640405 -0.0089536 -0.00318494 0.00704044 0.0113656 -0.0285733 0.00145467 0.00812009 -0.00350111 0.014449 -0.00324201 -0.0141273 -0.0103857 -0.011995 0.0126101 0.00415302 -0.0314512 0.022495 0.0399239 0.0135318 -0.0478919 -0.00922383 -0.0231911 0.014424 0.0116798 0.00102045 -0.0231521 0.00859019 -0.000158398 -0.0105979 -0.0387205 0.0288047 -0.0255446 0.0308991 0.0265729 -0.0104059 0.0255618 -0.00547151 0.00796515 0.0251181 -0.0119945 
0.0340297 0.0111542 0.0419954 -0.0192756 -0.0397898 0.0180508 0.0157222 -0.0128563 0.0179888 0.00167053 -0.0160309 -0.0222497 -0.0221351 0.00303501 -0.00539969 -0.0144573 -0.0266171 -0.0274923 -0.01519 -0.00754941 0.0158334 0.0148364 0.0133356 0.0227441 0.00188975 0.0171793 -0.052742 0.0167892 -0.0153231 0.0416385 -0.0360432 -0.0204196 -0.0215336 -0.051514 0.00497912 0.0116417 0.00922425 -0.0497356 0.0337804 0.010536 -0.0020197 0.0152519 0.00723384 -0.00964659 0.0135776 -0.00104233 0.0261665 0.0148226 0.0184294 -0.00263108 0.0400569 -0.0175515 0.0162616 0.0278322 -0.00112261 -0.0541266 -0.00389414 -0.000226824 0.0186517 0.00367524 -0.000952967 -0.00412584 -0.0121112 -0.0120404 
0.00600319 0.0012752 0.0200109 -0.0130494 0.0202094 0.0134873 -0.00389914 -0.00748899 -0.0259611 0.00719943 -0.0186536 0.018403 0.0237124 0.0189569 -0.0263722 0.0280491 0.019425 0.0265512 0.0247287 0.0129329 -0.0112404 0.00534119 -0.015783 -0.00252887 0.0161538 -0.0186668 -0.0175254 -0.007141 -0.0166327 0.00727787 -0.00177444 0.0219461 -0.0212112 0.0114121 -0.0207274 -0.0081839 -0.0083488 0.0238769 0.0170315 -0.0262035 0.0228441 -0.0214256 0.00483847 0.0172678 0.0132193 0.0098521 -0.00488823 -0.00773783 0.0116663 0.00379935 -0.0332918 0.0134358 0.00292353 -0.00463637 0.00799747 0.00761484 -0.00257173 0.0193913 -0.0135924 -0.0313833 -0.00461125 -0.00683047 -0.000719265 0.00940247 
0.00365103 0.00516096 0.00987661 -0.0464449 -0.00348146 0.0270404 -0.011242 -0.028287 -0.0272658 -0.0146872 -0.0307982 0.0127274 -0.00098337 0.0221068 0.00202458 0.0267388 0.00695148 -0.00758442 0.00340669 -0.0235625 0.002376 -0.0462996 -0.0203415 -0.01938 0.0287144 0.0372356 0.0194335 0.00232069 -0.0280578 -0.0162423 0.0265534 0.011869 -0.0162711 -0.0104656 0.00140022 -0.0194824 0.0037038 -0.0323367 -0.00810834 -0.0084295 -0.00882516 0.0250221 0.00647445 -0.00358733 0.00619172 -0.0077016 -0.0247331 -0.00673249 0.0225899 -0.00556799 0.00763475 -0.000397605 -0.00296261 0.0185711 -0.00786784 0.0279913 0.00437934 -0.0189457 -0.00613628 -0.0180037 0.011966 -0.0102621 -0.0171441 0.0132314 
0.0118634 -0.018489 -0.00892299 0.0105975 -0.0255547 0.0146729 -0.00962787 0.0149485 -0.0203902 -0.00140061 0.0016625 -0.0371224 -0.0213952 0.012801 -0.00373602 0.0487005 0.022303 0.0294021 0.0102248 0.0356105 0.0217641 0.0194633 0.0141106 0.00245748 -0.00779805 -0.0221269 0.0186746 -0.0221516 0.0170125 -0.0377845 -0.0215434 -0.0344142 -0.0280701 -0.0101065 -0.0111585 -0.00796964 0.0266484 -0.00902103 -0.00011682 -0.00556525 -0.0142298 0.0622884 -0.000686362 0.0149771 -0.0118329 0.00970762 0.00984725 0.0253817 -0.0138274 -0.0411765 0.00431624 0.00050722 0.0048303 0.0177748 0.00900175 -0.00494668 0.0105427 0.0283131 -0.0194124 0.0179492 0.0110687 -0.0036103 0.0318535 0.00142076 
0.0170444 0.00981249 0.0325531 -0.060338 0.0166814 0.000998125 -0.0309318 -0.026511 0.0034697 0.0388909 0.017758 -0.0209301 -0.0142546 -0.0342513 -0.00539715 0.0362886 0.0552944 0.0184312 0.0151686 0.0106241 0.0157906 0.0120459 -0.0397746 0.0140049 -0.0267427 -0.00622547 0.0030685 -0.0056188 0.00675006 0.0224686 -0.00447122 -0.0167298 0.0401986 0.00656267 0.0267361 0.00154513 -0.0165351 0.00209099 -0.00800341 0.03451 -0.0423424 -0.00826693 -0.0180851 0.0288188 0.0134548 0.0181188 0.0165517 -0.0326384 0.0191171 -0.012713 0.0086983 -0.00033254 0.0216695 0.0264914 0.00598682 -0.0116564 0.0127283 0.0019102 0.00571479 0.0199594 0.00795431 0.0111766 0.00525771 0.0049877 
0.0414994 -0.0226534 -0.0151343 0.00796374 -0.0214534 -0.0350836 -0.00596311 0.00392988 0.0117576 0.006435 -0.0139182 0.023882 0.0136527 0.0439715 -0.0218316 -0.0187192 0.0179641 -0.0192121 -0.0167678 -0.0171236 0.0170236 -0.0289168 0.0198606 -0.0403306 0.00692775 0.0105327 -0.0170432 0.0193673 -0.00150128 -0.0277424 -0.00642109 -0.00918112 -0.0173248 0.0037592 -0.0142604 -0.00583461 0.0121255 0.00672108 0.015111 -0.0227921 -0.000555431 0.00411164 0.0176633 -0.0221115 -0.00106623 -0.0281076 0.0125216 0.0116124 -0.0310519 0.0145725 0.0131962 -0.0234274 0.0289992 0.0214044 -0.0200136 0.0291929 0.0148477 -0.0206267 -0.0326652 -0.0211864 0.00670027 0.0161143 0.0159482 0.0195174 
0.0211307 0.00169867 0.0084235 -0.00608463 -0.0214866 0.0283908 -0.0103849 -0.00375017 -0.0241895 -0.0194683 -0.00767494 0.0246923 0.00533839 0.00686778 -0.0223925 -0.00640088 -0.0245958 -0.0103275 -0.0319341 -0.00303957 0.0159322 0.00495167 -0.0222516 -0.0258333 -0.000394528 0.0175696 0.00359625 0.00706406 0.00800809 -0.0380155 0.0274155 0.00466138 -0.0259378 0.00357015 -0.0270288 -0.0223536 0.00464929 -0.0146807 0.0163846 0.0139262 0.038784 0.0163395 -0.0207263 0.00761506 -0.017269 -0.00173909 0.0282633 -0.0164582 -0.0189101 0.0211005 0.00843038 -0.0247821 0.0268145 0.00587622 0.0072918 0.0259607 -0.0292144 0.00462199 -0.0194036 -0.022386 0.00155359 0.0258295 -8.5962e-05 -0.0069172 
0.00746798 -0.0163819 -0.0479931 -0.0233371 0.0120361 0.0104311 -0.00507227 0.00367042 0.00144002 0.0466712 -0.00998826 -0.0170793 0.00329151 0.00505936 -0.0480905 -0.00395703 -0.0076279 0.0132632 -0.0133634 -0.0224592 0.00661107 -0.0144724 0.0017346 0.0150342 -0.00180764 -0.0360286 -0.0193911 -0.00141408 -0.0302467 -0.0266513 -0.0163613 -0.00403035 -0.00993921 -0.019752 0.0025004 0.00479383 0.022687 0.00264383 0.0117764 -0.0217241 -0.00393206 -0.00830696 -0.00884312 -0.0235326 0.0284484 0.00600268 -0.0195176 0.0170837 -0.000732047 0.0153338 -0.0230235 -0.0123921 -0.0136916 -0.000817701 -0.0244745 0.0249501 -0.0200388 0.019809 0.0171463 0.0166668 -0.0150577 0.0226218 -0.00715472 0.0119094 
-0.0176242 0.0191221 -0.015532 0.00235529 0.00336914 -0.0228839 0.00517723 0.0123533 0.00506579 0.0254051 -2.17825e-05 -0.0064058 0.00941636 -0.0290808 -0.0252082 -0.00330027 0.0123917 -0.0175225 -0.0410731 -0.0180382 0.00847798 -0.00449394 0.00276165 -0.00699233 -0.016413 0.0267169 0.0119472 0.00379488 0.00325059 -0.0178101 0.00716256 -0.0108575 -0.0229681 -0.0372251 -0.00295735 -0.0155049 -0.0153177 0.00723934 0.0270763 -0.00787856 -0.00707907 -0.00946726 0.0439975 -0.0146381 0.0171657 -0.00969924 0.0118344 -0.00976113 0.0063926 0.0161642 -0.0107185 0.0155479 -0.0165734 0.0121401 -0.0408459 0.00363958 -0.0110847 0.0199791 0.00728743 -0.0172855 0.0506389 0.0149847 -0.0466494 -0.015333 
0.0371719 -0.00730344 -0.0219879 0.0146265 -0.000741119 -0.027734 0.0110796 0.0260938 -0.0100941 0.0343127 0.0253664 -9.41737e-05 0.0242089 0.0266104 -0.0271895 -0.00175791 0.0144915 0.0193347 -0.0242103 -0.00516646 0.0509601 0.00239446 0.062035 0.0364432 -0.0090398 0.00109565 0.0168498 0.0025599 -0.00439041 -0.0400777 0.0403951 0.00138184 -0.0114516 -0.0123785 0.00955767 0.0335762 -0.00383697 0.0211071 0.0143471 0.00806101 0.00549972 -0.00771966 0.0162895 0.0285995 0.017935 -0.00901638 0.012139 0.0239961 -0.0123505 -0.00792985 -0.00850006 -0.012117 -0.0359707 0.00192688 -0.00142519 -0.0290908 0.00519612 0.00461409 -0.0283384 0.000517661 0.0203222 -0.024298 0.0412717 -0.021183 
-0.00960514 -0.00639546 0.00218872 -0.000134632 -0.0199678 0.0203308 0.00527966 -0.0262332 -0.0121234 0.0044095 -0.00769782 0.0592064 0.00402571 0.0188341 -0.00996584 0.0278317 0.0212947 0.00188339 -0.0269677 0.0128397 0.00320427 0.0380213 0.0253781 -0.014563 -0.0411904 -0.0312252 0.00841006 0.00526348 -0.00368966 -0.0129708 -0.00530042 -0.00117398 -0.0030862 -0.000351332 0.0325341 -0.00506751 0.0295952 -0.00111454 0.0182764 -0.011682 -0.0114394 0.0502776 -0.0187277 -0.0246231 -0.00587008 0.00774593 -0.015429 0.014679 -0.00708802 -0.0343778 0.0103148 0.00667279 0.00643382 -0.00977334 0.0114333 -0.0576711 0.000750392 0.0281927 -0.0122459 0.0157526 -0.0348269 0.00748427 0.00648122 0.00696123 
-0.0116268 -0.0254424 -0.0201762 -0.0245734 -0.000448462 0.0303277 -0.00594503 -0.0116415 0.00629939 0.00239113 0.00699069 -0.00678371 -0.0296666 0.00595891 -0.0054211 -0.00544048 -0.016869 -0.00349863 0.0258332 -0.00159041 0.013891 0.0146672 0.0214992 0.00383299 -0.00200945 -0.0152294 0.000582181 0.0138312 0.0156523 0.00536437 -0.0139248 0.0133561 0.0194422 -0.00179959 -0.0366659 -0.0180982 -0.017384 -0.00451336 0.0150343 0.0253199 0.0165905 -0.0243544 -0.0149221 0.0145284 -0.00942775 0.0225674 -0.0496625 -0.0170306 0.0239361 0.00184211 -0.0243043 0.00168181 -0.000676916 0.0308901 0.00821705 0.000487431 0.0120185 -0.0205812 -0.0156574 0.0184296 -0.0141863 0.000512033 0.00260409 -0.00879666 
0.017652 -0.00630127 0.0160393 -0.0138085 -0.00443135 -0.0200089 -0.0167107 0.0189927 -0.0276382 0.00599461 0.0377531 0.0320749 0.0268386 0.00961904 -0.0263418 -0.0183649 0.0227749 -0.0129677 0.00574726 -0.019248 -0.00432609 -0.00530135 0.00985328 -0.0170396 -0.00647493 -0.00819668 -0.000814026 0.0208953 -0.0215795 -0.0038998 0.00153135 -0.00461269 -0.00335082 -0.00743048 0.0156104 -0.0400578 -0.00640713 0.0102956 -0.035692 0.0129776 0.0329143 -0.00458696 0.00672458 -0.0123652 0.0481607 0.00771484 -0.0229216 -0.0108949 0.00336956 -0.025344 0.0188639 0.0102862 -0.0346284 -0.0112153 0.0170501 0.0275179 -0.018487 0.00517714 -0.00873972 0.0116589 0.0097529 0.00283098 -0.00793205 -0.000560453 
0.000413668 0.015354 -0.030124 0.0182138 -0.0124256 0.0223372 0.0157436 0.00985646 0.0339422 -0.00742571 -0.0153116 -0.0202572 0.0201529 -0.013532 -0.00170538 -0.0332354 -0.00325974 0.0199865 0.0112115 -0.0295882 -0.0111684 0.00322851 -0.0209237 -0.0014478 0.0278954 -0.0310731 0.0179619 0.030759 0.026431 -0.0159424 -0.00740194 0.0247585 0.0115986 0.00110074 0.0279989 -0.0177513 0.00934253 -0.00722257 0.00416303 0.00434095 -0.0227696 0.0345886 0.0423783 -0.00219867 -0.0432974 -0.000605047 0.0329907 -0.00352833 0.00340838 -0.0212569 -0.00789289 0.0159982 -0.00437343 -0.0176263 -0.0244011 -0.000767465 0.0324097 0.0114397 0.0212504 0.00512301 0.0138582 -0.00578531 -0.0202181 0.0150279 
-0.0271382 0.00502669 -0.0114209 1.91922e-05 0.0198699 -0.0289021 -0.00272494 -0.0135989 -0.000419139 0.0246557 0.0022775 -0.0360207 -0.023261 0.0285929 0.00740707 0.0113656 -0.011516 0.00996072 8.01465e-05 0.0244453 0.00799006 -0.0047038 -0.00859178 -0.012607 0.00221981 -0.0262629 -0.00756623 0.0244476 0.0151846 0.0283007 -0.00191623 0.000396867 0.0221856 0.0323183 0.00116325 -0.000304533 0.00730106 -0.00774451 0.00335123 0.0260187 -0.00858761 -0.0128314 0.00880223 0.00211976 -0.00467267 0.0401919 -0.0324473 -0.0214294 -0.0187473 0.0295297 -0.0191882 -0.0208841 -0.0281836 -0.0507409 -0.00409069 0.0315958 -0.00443342 -0.00583165 -0.0294082 -0.013489 -0.00473505 -0.0247832 0.0130332 0.00222077 
0.00344978 0.00459635 0.0317655 0.00365422 -0.0117856 -0.0344746 -0.00468955 0.0221656 0.0219023 0.0336304 0.00572753 0.0122607 0.00675573 0.020928 -0.00106188 -0.018829 -0.00575451 0.0108527 0.0023991 0.0052959 -0.0140386 0.00379133 0.0294175 -0.00142845 -0.00520309 -0.0261236 0.00248159 -0.000709499 -0.0374135 -0.0363326 0.00925851 -0.0394864 -0.0218829 -0.00171735 0.0392839 -0.0111418 0.0024802 -0.0332003 0.0347099 -0.0178849 0.0232445 -4.34998e-05 -0.00210692 -0.0257295 0.00390002 0.00588426 -0.015492 0.00298318 0.059204 0.0133969 0.0332269 0.00241725 0.00286239 -0.050664 -0.0038344 -0.00752614 -0.00891958 -0.02625 0.00210302 0.0100925 0.0178255 0.0137505 -0.000632926 -0.0390298 
0.00896844 -0.0176789 0.0144255 -0.0250791 -0.0283123 0.0156424 0.0189947 0.00940372 -0.000352352 -0.0385079 -0.0262869 -0.0365421 0.0183175 -0.0278106 0.000412029 -0.0158247 -0.0177413 -0.054783 0.0238049 -0.0441426 0.0277669 0.00949022 -0.00431959 -0.0362428 -0.0322731 0.0419652 -0.00430797 -0.00361601 0.0117514 -0.0103666 -0.0062283 0.049306 -0.0249442 0.000566367 0.0112094 -0.0372196 0.0224949 -0.00362846 -0.0282458 -0.00849152 -0.0207191 0.00591073 -0.00828065 0.0162749 0.0126814 -0.0136086 -0.0161064 0.0316556 0.000907287 -0.000998299 -0.0105632 -0.00516177 0.0177544 0.0194159 -0.0154247 -0.00821197 -0.0269777 -0.00965665 0.0340291 -0.00137171 0.009609 0.00251722 0.00296477 -0.012678 
0.0132369 0.0124767 -0.0186359 0.00620812 0.0235348 0.0221605 0.0101799 -0.0190154 0.0367496 -0.00964431 -0.0025665 0.0272235 0.028567 -0.0165776 0.0170416 0.00855116 -0.0157301 0.0474124 0.0287671 -0.0340308 0.0339783 0.0380425 -0.035627 0.00398936 0.00979785 0.0360104 0.0427191 -0.0399501 0.0296625 -0.0365984 0.0177339 0.0531112 0.0208734 -0.00873633 -0.0033846 -0.0236082 0.0238669 -0.0164282 0.00801486 0.017252 -0.00596531 -0.0105426 -0.05538 0.0338667 -0.00291601 0.0566548 0.00100447 -0.016371 0.00997332 0.0251178 0.00222023 0.0371504 0.0168941 0.00304453 0.0124759 0.0277183 -0.00643421 0.0500027 0.00129993 0.0327001 -0.0042588 -0.00797764 0.0101802 0.0377469 
0.0232572 0.00654065 0.0300095 0.0134326 -0.0074102 -0.00185457 -0.0293219 0.0561526 0.018472 -0.00140398 -0.0252095 -0.000305222 0.018721 0.0270503 -0.0100447 -0.0253759 -0.00897414 -0.013207 0.0357777 0.0499978 0.0305396 0.00841549 -0.017198 0.0407837 -0.00122239 -0.0164297 0.0154513 -0.0343203 -0.00756922 0.00764101 -0.0112173 0.0320432 -0.00549496 -0.0355394 -0.0240299 -0.0182857 0.00796277 -0.00301642 0.0391549 0.0153078 0.0450452 0.0130654 0.0414607 0.0333117 -0.0394851 0.00780546 -0.000347194 -0.00275092 -0.0133966 -0.0226567 -0.0210076 -0.0271476 -0.0116863 -0.00355429 0.00280522 0.013365 0.0169216 0.0547235 0.00683524 0.00954018 0.0407931 0.00634784 0.0400787 0.0183756 
-0.0366967 0.00297766 -0.030692 0.00296567 0.0315604 0.0100165 0.00525208 -0.032775 -0.00318536 -0.0108782 0.0245707 -0.00184187 0.0392296 0.0541498 -0.0150519 -0.0157208 0.01039 0.00699231 -0.00965238 -0.00766956 0.00563321 -0.0149969 -0.00985856 0.0212433 -0.00601935 0.036645 0.0305008 -0.0234008 -0.006872 0.00135255 -0.0113206 0.00571424 -0.0199346 -0.00134923 -0.0203976 0.0234808 0.014889 -8.00519e-05 0.0145583 0.0428673 -0.0313222 -0.018835 0.0303109 -0.0224651 0.0210424 -0.0180623 -0.0136017 0.00517712 0.0117769 0.000541528 -0.0118398 -0.00781726 0.0209237 0.00876234 -0.00974563 0.0182206 0.0192742 -0.0420469 -0.03627 0.00021149 -0.0160756 -0.012583 0.0145645 0.0100668 
0.0260115 -0.034967 -0.00548757 -0.000150042 -0.00219771 0.00421707 0.00765396 0.0344725 -0.0326694 0.0177711 0.0278662 0.0383268 0.00985531 0.00595481 0.00473728 0.00898147 0.0233043 -0.0171464 -0.000786127 0.0154823 0.00445182 0.0259742 0.00927265 -0.0141014 0.0396369 -0.00212052 -0.0037893 0.0284924 -0.0132218 -0.0165271 0.00654487 -0.0163925 -0.0159805 0.00355012 -0.0254742 0.00823692 0.0140825 -0.00523143 0.00883584 -0.0056255 -0.00743153 0.00924279 0.00654675 0.00472217 0.012574 -0.00811064 0.0062691 0.0231267 0.0316355 0.0323108 -6.82774e-05 0.0118261 -0.0158962 0.00102657 -0.000178766 -0.0425123 0.0075499 0.0136946 -0.00417461 -0.0200609 0.0201146 -0.0247664 0.000467374 -0.00695151 
-0.015031 -0.0373554 -0.018846 -0.0339806 -0.013889 0.0063223 0.00520638 0.0174796 -0.0131862 -7.983e-05 -0.0236915 0.0388087 -0.00766434 -0.0184049 0.0207459 0.00313546 0.00892269 -0.00665249 -0.00471285 0.00500726 0.02278 -0.0108141 0.0354012 -0.0170121 -0.0329773 -0.035305 0.00388679 -0.0143623 0.000762442 0.0199128 -0.00281744 -0.0224985 0.0140277 0.00517129 -0.00353744 -0.00880626 -0.0119704 -0.00350609 -0.0142069 -0.0124966 0.0195746 -0.00978414 0.000125975 0.0359793 0.00815233 -0.0281704 -0.0222554 0.00178504 0.00166669 0.0403131 -0.0276322 0.00621033 -0.00405909 -0.0137593 -0.0007217 0.0247435 0.00732814 -0.00835853 -0.0124719 -0.0256838 0.000873014 0.0172233 -0.0068928 0.0155427 
-0.0210623 -0.0267809 -0.00647408 0.0108504 -0.00177869 -0.0111301 -0.00828626 -0.00842622 0.00583091 -0.00281321 0.0184705 0.0108983 -0.00503693 0.00803957 -0.0257776 -0.0234498 0.00996185 -0.0276155 0.0142594 -0.00942658 0.00270887 0.0412097 -0.00731058 -0.01116 -0.0199353 0.0608741 0.0229842 0.00692205 -0.0246018 -0.0309556 0.0202558 0.0307574 -0.0102749 0.011863 0.00628036 0.00170002 0.0457144 0.013866 0.0123952 -0.00732644 0.0088927 -0.0121825 -0.0176901 -0.00900119 0.020456 -0.0129908 0.0182451 0.00676448 -0.00497382 0.000898058 -0.0349299 -6.49947e-05 0.0239018 -0.0203465 0.00549224 -0.0204128 0.00748294 0.013824 -0.0396457 0.0124731 0.00463579 -0.0215864 -0.0388956 -0.0150067 
0.0159507 0.0231496 0.0287906 -0.0290834 -0.00632394 -0.00684555 -0.0109845 0.0551842 -0.0151347 -0.0094039 0.0103412 0.00412811 -0.00685769 -0.00101126 0.0220549 0.0290059 -0.0225007 0.0028353 0.0040808 -0.00141787 -0.0126615 -0.0177214 -0.0437466 0.0184296 0.0178438 0.00040527 0.015595 -0.0128176 0.00666198 0.00307983 0.0325428 -0.0370657 0.0145007 0.00087715 -0.0103569 0.000854314 0.02333 -0.0110911 -0.0111554 0.00381674 -0.00439981 0.00817086 -0.0131009 -0.0162122 0.015107 0.0156869 0.0147762 -0.00952435 0.0437511 0.019758 0.0220946 -0.0215419 -0.00966716 -0.0134526 0.0105627 -0.0153265 0.00552091 0.00311174 0.0129561 0.0118781 0.00689141 -0.00031564 -0.00653198 -0.00684177 
-0.0565128 -0.0211309 -0.0235616 0.00281902 -0.0023329 0.0231508 -0.0325373 0.0129211 -0.0245748 0.00923881 -0.0161279 -0.018495 0.0127184 -0.00756803 0.00880678 -0.00863563 0.00162474 0.023086 0.0161484 0.00750761 0.00720503 -0.0406901 -0.0260942 0.0300941 0.0147925 -0.00222941 0.00737712 0.00105485 0.00877479 0.0149568 -0.0217226 0.0116805 0.000921388 -0.0115295 0.0132894 0.0379797 0.0127472 -0.0237731 -0.0128134 -0.000226039 0.0459534 0.0139604 0.00586726 -0.0355565 -0.0187005 0.0276669 0.0295768 -0.00695128 0.000275248 0.00481744 0.0109735 -0.00658687 0.0286547 -0.0144101 0.00617344 0.00601759 -0.00169136 -0.0176166 0.0204723 0.0395927 0.0142131 0.0167532 -0.0230016 -0.00451935 
0.0203079 -0.026306 0.0508257 -0.0192575 0.0155897 -0.0140356 -0.0179627 0.0271967 -0.0168903 -0.00576798 0.0202045 0.0356297 0.00527393 -0.0253582 0.0242043 0.0130526 -0.0289821 -0.0301868 -0.005153 0.00816036 -0.021517 -0.00710928 0.0373585 0.027187 0.022457 -0.0373119 -0.0147992 0.0181373 -0.00701076 -0.0126636 0.014951 0.0332912 -0.00519517 -0.0105892 -0.0209266 -0.00520244 -0.0346144 -0.0158285 -0.00162766 0.0151323 -0.0275361 -0.0274059 0.00591694 0.0213021 -0.000549636 -0.0120245 0.0148103 0.0248892 0.00882023 -0.00295937 0.00916191 0.0199666 -0.0016568 -0.0295505 -0.0128257 -0.0231412 0.0206928 -0.00877371 0.0112145 0.0235816 0.0128352 0.00404063 -2.54117e-05 -0.00179803 
-0.0269899 -0.0160851 -0.0198764 -0.0145936 -0.0271992 0.00888187 -0.00586525 0.0032026 -0.0372392 0.00517073 -0.0326264 0.0216149 0.0038541 0.0353902 0.0258015 -0.00607636 0.0199325 0.027081 -0.0266689 -0.023536 -0.00811072 0.0436923 0.00563616 0.0272945 0.0226726 -0.007793 0.00110243 -0.0154992 0.004325 0.00847219 -0.0074713 0.0165518 -0.0277537 -0.00712453 -0.00466286 0.00689902 -0.00143055 0.00598892 0.00614181 0.0331461 -0.0104927 -0.0203471 0.0390778 0.00380162 -0.0284045 0.030423 0.0178721 -0.00899921 0.0271623 0.00995361 0.0235082 -0.0240255 0.000836876 -0.0106007 0.0289183 -0.000262221 0.0238153 -0.0127119 -0.0146012 -0.00899874 0.0136387 -0.00337035 -0.00953953 0.0139339 
0.000235236 -0.0278184 0.0256322 -0.0134936 0.00631191 0.00756545 -0.0321813 -0.010158 0.00477159 0.02903 -0.00969422 -0.000318369 0.0132667 0.0181947 0.00489694 0.000881984 -0.0022971 -0.0176806 0.0144249 -0.0230357 -0.0106725 -0.00376351 -0.00342369 0.00329591 -0.0193553 -0.0196548 0.00313176 0.0214547 0.0101867 0.0336994 0.00973194 0.00931213 -0.0156817 0.0183272 -0.0329925 0.00439351 -0.0411715 0.0133525 0.00265281 0.00724158 -0.0181207 -0.019151 0.00174872 0.0286447 0.0237368 -0.00302269 0.00710351 0.00556395 0.0544883 -0.000937089 -0.0132671 -0.024423 0.0123435 0.0246567 -0.0361863 0.0138619 0.0103241 -0.0141849 -0.019594 -0.00451147 0.0182783 0.0427326 0.018213 0.00520844 
0.0228279 -0.0278136 0.00400575 -0.0110853 -0.00507346 0.00713982 -0.00124465 0.0261075 -0.0113765 0.00827405 0.016171 -0.0190318 8.9678e-05 -0.0220485 0.00660586 0.00667275 0.00482044 0.0121202 0.012508 0.0273006 0.0535323 -0.00474071 -0.0112331 -0.0356407 0.0160467 0.0236289 -0.0112622 0.0255018 -0.000647472 0.0125334 -0.0128378 0.0234197 -0.00372728 -0.0425319 -0.017988 -0.0132517 -0.00447898 0.0135723 -0.00939397 -0.00925978 0.0310874 -0.0213173 -0.00855278 0.0528548 -0.0138821 -0.0121032 0.00801683 -0.017397 0.0081977 0.0124824 -0.0514303 -0.0192903 -0.00751543 0.0305597 -0.0276822 -0.0129228 -0.00125646 0.036488 0.01385 -0.0107417 0.0168871 -0.0032805 -0.00572073 -0.00286213 
0.0203607 -0.00220075 -0.0195078 -0.011828 0.00665629 -0.00375933 -0.0111509 -0.00536344 0.00895847 0.0461822 0.0393433 0.00257467 0.0308337 -0.00933091 0.0248621 0.0268607 -0.0192449 0.0034404 -0.0149519 -0.00494739 0.0210338 -0.0270235 -0.0285519 0.0103836 0.00244589 0.000878695 0.000653885 0.0488653 0.00940719 0.0256236 0.0293199 0.0165552 -0.00596444 0.0237013 0.0276275 -0.0162701 -0.021424 -0.010311 0.00705801 0.0493462 -0.000278563 -0.0143683 0.00175619 0.0185553 0.0152736 0.00864842 -0.016385 0.0142438 0.0277206 -0.0119407 0.00401055 0.00128789 0.0250716 0.0107937 -0.0140731 -0.00295798 0.00736076 -0.00200355 -0.0206448 -0.0121405 0.0135521 0.0105794 -0.0307142 -0.0349771 
-0.0110444 0.0138947 -0.00232017 -0.0174272 0.0110627 0.00428876 0.0211024 0.012641 0.00644856 0.00529847 -0.0207801 -0.00131158 -0.0120474 -0.0167449 -0.030774 -0.0290846 0.0327879 -0.0165079 0.034476 -0.00920736 0.00639744 -0.0173797 0.008238 -0.0644833 0.0137739 0.00215413 0.0206335 0.0341815 -0.00094041 0.00104927 -0.0099726 -0.00930815 -0.007512 -0.0495415 -0.0286048 0.0187584 0.0164589 0.0303026 0.00716173 0.0035239 -0.0107104 0.0144394 0.0102545 -0.0207446 -0.00110551 -0.00556744 -0.0234631 0.000586714 -0.0131347 0.0389821 -0.00854432 -0.00511379 0.0339957 -0.0197272 0.0164564 -0.00275745 -0.00501694 0.00106451 -0.0408231 0.0140943 -0.00321048 -0.0295728 0.000511076 0.00677263 
-0.0170443 0.0247619 0.00586003 -0.0144043 -0.012141 -0.0138565 -0.0026439 -0.0250331 -0.00621834 -0.00662028 -0.0259853 0.0175475 0.00326747 -0.0163112 -0.0151658 -0.0378777 0.000818977 -0.00364807 -0.0111332 -0.0267896 0.0148111 -0.0259733 -0.00904603 0.00971726 -0.00325167 0.0138736 -0.00133128 0.00519131 -0.0353842 -0.0170688 0.0432157 0.0125162 0.0196233 -0.00160887 -0.0285314 0.0111275 0.0114071 0.0102774 -0.0462534 -0.00833854 0.0134795 -0.0331178 -0.0107523 0.0195679 -0.00338242 0.00129302 -0.00481199 -0.0209439 0.0570492 -0.0109902 0.00499704 -0.0119336 -0.0104091 -0.00329473 0.00600724 0.000457482 0.0266546 0.0292471 -0.0102356 0.017995 0.010695 -0.0020443 -0.000413936 -0.015928 
-0.00764911 -0.0344473 -0.015211 0.00588936 -0.0180966 0.0136167 -0.00694904 0.0130344 0.0308387 0.039636 -0.00781634 -0.00698342 -0.00957783 -0.00944063 -0.011826 0.00398929 -0.0112652 -0.0466075 0.00176655 0.00118451 0.00393943 0.0325002 0.0072446 -2.34923e-05 0.0312736 0.0211677 -0.00610936 0.0208152 -0.00976157 -0.022289 -0.0165515 0.0294964 -0.014344 0.00257975 -0.0180299 0.0268734 -0.0104167 -0.00542088 -0.0328788 0.0155455 0.00828087 0.0100781 -0.00299681 0.0343694 -0.00271171 0.0282035 0.0239614 0.0173334 -0.0170345 -0.000297661 -0.0141384 -0.0108166 0.0402015 0.00427946 -0.00657211 0.00949864 -0.00311025 -0.00249597 0.0334395 0.00199618 0.0301165 0.00847135 0.0142664 -0.0248549 
-0.0223477 0.00851702 -0.00261381 0.0184614 -0.0390427 0.0313598 -0.0499662 0.00286353 0.0126896 0.0142042 -0.00255693 -0.00191817 0.00807601 -0.012599 0.0212176 0.0500574 -0.0157608 0.0122576 -0.0205042 -0.00567629 -0.00135808 0.0012726 0.00999135 0.00771786 0.00802863 0.00452993 -0.0199257 0.0277183 -0.00104163 -0.0140963 -0.0103211 0.00172816 0.00742721 0.0220715 -0.0570283 0.00319734 -0.0098481 0.0322328 0.0142831 0.013618 0.0374628 -0.0101829 -0.0368852 0.00934743 0.015379 -0.0100177 0.00506145 -0.0245208 0.0258004 0.00811848 0.00139049 0.0377094 0.0351455 -0.0162774 0.0159671 0.010323 -0.0229564 -0.00904202 -0.0146895 0.02737 -0.00340875 -0.0160861 0.0231628 0.0329881 
0.00682838 0.00724735 -0.00442252 0.00309606 0.0107466 -0.0199023 0.0296958 -0.00217283 -0.0320912 -0.0109832 0.00502849 -0.0390222 -0.0502327 -0.0301634 0.0329098 -0.042082 -0.0207229 -0.0126811 -0.0103644 0.0104568 0.0238683 -0.0320455 0.022564 0.00984823 -0.0382362 0.0142092 0.00277091 0.0142097 0.0295266 0.0119645 0.0165944 -0.00214985 0.0298111 0.00693871 -0.0149864 0.0123396 -0.0184241 0.0152153 -0.0146457 -0.0270736 0.00320033 0.0100879 0.0160002 0.0021054 -0.0331452 0.0158276 -0.0283239 0.00703699 0.0130028 -0.0295351 -0.0113703 -0.0021919 -0.0129164 -0.0188367 -0.0181798 -0.0045008 0.0342394 0.00845064 0.0327217 -0.0227295 -0.00197641 -0.000174449 -0.0220553 -0.000567614 
0.0179804 0.00568102 0.0315312 0.0113986 0.0354238 -0.0153894 -0.0366504 0.00187047 -0.0111825 0.0468468 -0.00717882 0.00364355 0.0337945 0.0273661 0.000390715 0.00265121 0.0212468 0.0197958 0.00981615 -0.00672907 -0.0327543 -0.026925 -0.0176457 0.00810677 0.00693654 0.00585421 -0.0246453 -0.00780069 0.0209553 -0.00467599 0.00473984 -0.0271141 -0.0153628 -0.0211129 -0.0139559 0.00264907 0.035865 0.00425738 0.0325551 -0.00330724 -0.027762 -0.0144233 -0.0155295 0.0382227 -0.0297294 -0.0189476 -0.000198187 -0.0507237 -0.00933141 -0.0121055 -0.00882059 0.00677233 -0.00305051 0.00478185 0.00509075 0.0130405 -0.0395894 0.00273884 0.00563365 0.0139778 0.0120323 0.00729475 0.00488241 0.0120524 
0.0262774 -0.0134942 -0.0234193 -0.0237621 0.00428036 0.0399571 0.0250163 0.0137623 0.0380252 0.0233572 0.0298516 0.011193 -0.024541 0.023604 0.0114553 -0.0200663 0.0148264 -0.0115316 0.0295972 -0.0141051 0.0173276 -0.0461685 -0.0273763 0.00988546 0.000370064 -0.0204951 0.00263748 0.01286 -0.00209836 0.0205786 -0.00405895 0.0111138 0.0167303 -0.0227238 0.00735902 0.0135561 0.00152312 0.0250169 0.00723213 0.00513693 -0.039795 -0.00663755 -0.00629378 0.0120591 -0.0244838 0.0304387 -0.000553086 0.0235943 -0.00291088 -0.0109139 -0.0226194 -0.0124783 0.0378097 0.00309749 0.00808797 -0.0311189 -0.0117113 0.00439263 0.0081205 -0.0133482 0.00535584 0.0192029 -0.0104622 0.00961885 
-0.0307269 -0.0247867 -0.015833 -0.000397376 0.0157144 0.00249169 -7.55204e-05 -0.0138409 -0.0253484 0.00950995 -0.00171099 0.0140439 -0.0175049 0.0210237 0.00292371 0.0232338 -0.00791667 0.0257702 -0.0435229 0.00779433 -0.00586722 -0.00244583 -0.00626976 0.0181067 -0.0110616 -0.0029802 0.00368368 -0.0126243 0.0320802 -0.0113951 0.0221312 -0.00139102 -0.0347163 -0.0135414 0.0312527 -0.0159464 -0.0107501 0.00296778 -0.0134401 0.00776462 -0.0164809 0.00345122 0.0306199 -0.0241502 0.0258999 -0.000955808 -0.0240318 0.01743 0.0272234 0.015888 -0.0134504 0.00672134 0.0275285 0.0118651 -0.01766 0.0269547 0.0109399 -0.0335173 -0.0293897 -0.0092227 -0.0180306 -0.0166829 0.0101975 0.036437 
0.0118998 -0.0118051 0.0132638 0.000210713 0.0175845 -0.00706728 0.00782566 0.0238933 0.0235025 0.0287781 0.0351712 0.0145602 0.000351373 -0.00743964 0.00214943 -0.00121072 0.0167862 0.0188531 -0.052287 -0.000270231 0.0203682 -0.0303257 0.0336822 0.0317732 -0.0256661 0.0285487 0.00258719 -0.0476326 0.0178941 -0.0109252 0.00523398 -0.0125148 -0.0165171 0.0177339 0.0297014 0.0121269 -0.0167943 0.0350263 0.0135823 -0.0164188 -0.00466818 0.0343808 0.0112516 -0.0122744 0.0140701 0.0142705 -0.00672536 -0.00609538 0.000295277 0.0329131 -0.0191726 0.0197187 0.00151923 0.0268208 -0.00176596 -0.0128892 0.0276511 0.0217688 -0.0391835 -0.0155087 -0.0283654 -0.0109203 -0.0124872 -0.0174762 
0.00637618 0.0278516 0.0223078 0.0244083 0.00416641 -0.010003 0.00949898 -0.0123534 -0.0111106 0.00419427 -0.00712048 0.00248766 -0.0103911 0.0285559 0.0226685 0.0210743 -0.00967556 0.0114887 -0.0217072 -0.00208279 0.00693166 0.0304112 0.0174622 -0.0150305 0.0181917 0.00841065 -0.0338412 0.0137722 0.00799163 0.0126907 -0.00412433 -0.0167274 -0.00361057 -0.00232615 0.0146682 0.00886247 -0.0328875 0.00535813 -0.0201065 -0.00366412 -0.00327556 -0.0116767 -0.00228876 0.0140905 -0.028487 0.0282026 0.0321499 -0.0011589 0.0202967 -0.00737748 0.0164938 -0.00274321 0.0324481 -0.0308128 0.0124796 -0.0083998 0.0151695 0.0116967 0.0565737 0.0055307 -0.00354531 0.0551253 -0.0309323 -0.0730215 
0.00750427 -0.00842417 -0.0110563 -0.0279189 -0.029536 -0.063371 -0.00457599 -0.0103297 0.0197472 0.0261879 0.00863962 0.00971979 0.00355838 -0.0141852 -0.0174251 -0.000302835 0.033006 0.00536179 -0.0220374 -0.00922554 -0.0189639 -0.00820413 -0.0148049 -0.00224918 0.0309192 -0.00357511 -0.0257819 -0.00260077 0.000785935 -0.00780903 -0.043326 0.0220697 0.00908694 -0.000724469 0.00258331 -0.0116417 -0.00579863 -0.00203767 -0.011625 0.00497266 0.0323549 0.0281015 -0.000775996 0.006357 0.0207934 0.00236183 0.0286357 -0.0178823 0.0155211 0.0034989 -0.00357415 -0.0110306 -0.027386 -0.011868 0.0260053 0.0261884 0.0208767 0.00689312 -0.00537555 0.0390651 0.0152649 0.0194262 -0.0160773 0.0324775 
0.0146988 0.0331622 0.0182417 0.00381525 0.0086767 0.0104279 0.012073 -0.000372334 0.0110479 0.0158598 -0.00790858 0.00732661 -0.0129656 0.053334 0.0421662 0.0214454 -0.00598423 0.033946 -0.0275862 -0.0203952 0.000192916 0.0219502 -0.0341575 0.011093 0.0249901 0.0121825 -0.0223979 0.0046927 -0.0104227 -0.0191729 0.00558963 -0.00996647 0.0338127 0.026221 -0.024451 0.00554863 0.0084858 0.0193219 -0.00182996 0.0121702 0.0315793 -0.0490673 -0.0115647 -0.0169773 -0.0330699 -0.0175013 -0.0041468 0.0196754 0.0117182 0.0104193 0.0113205 -0.00195648 -0.00241033 0.0118823 0.0261638 0.012026 0.00557364 -0.0187004 0.0334052 -0.00215888 -0.027241 0.0252897 0.00681094 -0.00203478 
0.0132156 0.000615547 -0.0162745 -0.0021683 -0.0115113 -0.0241141 0.00481548 0.0052916 -0.0117058 -0.05649 -0.0192249 0.0144961 0.0150567 -0.00774816 -0.00879402 -0.0445776 0.00725916 -0.0243001 -0.0227086 -0.0263603 -0.00238957 -0.0159071 0.0191471 -0.0229902 0.0272156 0.0291811 -0.0057171 0.00998422 -0.0255462 -0.0279057 -0.017212 -0.00488835 -0.000392551 0.00677353 -0.0105018 -0.0589794 -0.0214886 -0.000350075 -0.0180835 0.0158924 -0.0345976 -0.00526934 -0.00860808 0.00651557 -0.0154591 -0.00267973 0.0297046 -0.00339132 -0.035737 0.00401562 0.0179152 0.0131236 0.0238738 0.00964235 0.0456849 -0.0228966 -0.0371877 0.0176936 0.00917764 0.0176196 -0.00925816 -0.0172801 -0.0271138 0.00253776 
0.010368 -0.0131152 0.0183929 -0.0171519 0.0086359 0.0035416 -0.00757282 -0.00409525 0.015692 0.0146015 -0.0206257 0.00511963 0.0125159 -0.00182257 -0.00347961 0.0133665 -0.0203977 0.0375668 0.0132431 0.00101343 0.0138599 -0.0175047 -0.0241101 -0.0140934 -0.0272634 -0.0385736 0.0325883 -0.00157619 -0.00633195 -0.0105748 -0.0264883 0.0251285 -0.00413847 -0.024982 -0.00925485 -0.0125977 0.0286533 -0.0071378 -0.0108685 -0.00747477 -0.0110384 -0.0117569 -0.0121653 -0.00678883 0.00947129 0.0386629 -0.0233157 -0.0167159 0.01001 -0.0196748 0.00848316 -0.0158198 0.00219665 -0.00292451 -0.0064884 -0.0256248 0.0210607 0.00924014 0.00854949 -0.00592744 0.0139565 0.0106858 -0.0242188 0.0163429 
-0.0192237 -0.00579485 -0.020175 0.00282051 -0.0411545 -0.0108783 -0.0040091 -0.0341083 0.0015109 0.0201481 0.0315453 -0.0206469 0.00172963 -0.0221444 0.00360697 -0.0558694 -0.0265346 0.0378134 0.00795721 -0.014087 0.0056639 0.00312142 0.0214644 0.0158105 -0.00648673 0.0315057 -0.000184317 0.0248866 -0.0225393 -0.0119467 -0.00390612 -0.0364453 0.00459401 0.0143753 0.0237055 -0.00693209 0.0139264 -0.00380589 -0.0328766 0.0458246 -0.0130175 -0.0472652 0.01347 0.0139726 -0.0181019 0.00982512 -0.00760537 0.020233 -0.0210329 -0.00937822 -0.0118111 -0.0167148 -0.00390886 0.0179155 -0.00767519 0.033548 0.00548202 0.0184111 -0.00106971 0.0173538 -0.0196321 0.00837804 0.00559362 -0.00128849 
0.00794123 -0.00459488 0.0194318 -0.0212833 -0.00991184 0.00966021 0.00047698 0.0352742 0.0236637 -0.00499324 -0.0215688 0.0155322 0.00411882 0.0162538 0.00667117 0.00911133 -0.0260053 -0.0184049 -0.0296936 0.0351238 -0.0192457 -0.00509537 0.0166532 0.00705272 -0.00457206 -0.039978 0.0258074 -0.0481105 -0.0175302 -0.0171291 -0.0165421 -0.0273227 0.0012869 -0.00583831 -0.0125427 -0.0110414 0.00345696 -0.0149422 0.0333599 -0.00455391 -0.0381249 0.0179904 -0.0224295 0.0114374 5.07845e-05 0.00600568 0.0387756 0.00203645 -0.0314243 0.00146925 0.0034349 0.00699313 0.0146353 -0.0111653 -0.0406889 0.000628467 -0.0184579 -0.0221124 0.00150491 0.0194686 -0.0273725 0.013016 -0.0151615 0.0343434 
0.00417266 0.00505029 0.0134061 -0.0176001 -0.0039003 0.0309256 0.0118586 0.015099 0.020958 -0.0163606 0.0338004 -0.0458021 -0.0592473 -0.0226291 -0.0223322 -0.0171528 0.014901 -0.0216809 0.00613298 -0.0262941 0.0192981 -0.00686036 -0.0111792 -0.00530148 0.00274347 0.0128568 -0.00559798 0.0388435 -0.00525499 0.0316076 -0.00712601 0.0152967 -0.00526561 -0.00348641 -0.00566609 0.00376658 0.000168554 0.0322252 -0.0123046 -0.00116456 0.00717546 0.00815135 -0.00401889 -0.021274 0.013554 0.0338627 0.0165136 0.0210055 -0.00570778 0.00476503 -0.0171459 0.0164091 -0.00305139 -0.024666 0.00418137 0.0196909 -0.0609127 -0.00314148 -0.0399285 -0.0229212 -0.0342254 -0.00651003 -0.0211302 -0.0408157 
0.0137006 0.0317434 0.0188608 0.0267484 0.0125383 0.000123471 -0.0161384 -0.028099 -0.0129806 0.0151184 -0.00584615 -0.0208263 0.0156125 0.0466887 -0.058974 -0.0405381 -0.03821 0.0103097 0.00983984 -0.0259377 0.0222369 0.00449918 -0.0183857 -0.0114745 0.00583733 -0.000785317 -0.0173012 -0.0159648 -0.0268899 -0.0125379 -0.0181607 -0.0030172 0.00340746 0.0118662 -0.0105624 0.0127021 -0.0236816 -0.00666521 -0.0207552 0.0092656 -0.0155696 0.00963851 0.0114099 0.0187287 -0.000861051 0.0222649 0.00511539 -0.00532799 -0.0416215 0.00806761 0.00324916 -0.00756728 0.0206699 -0.000403783 -0.008948 -0.0155965 -0.0118928 -0.018909 0.0138417 0.019111 -0.00463552 -0.0241263 0.000253862 0.0233625 
0.014126 -0.0191567 -0.00471142 -0.00285722 -0.00479671 -0.000229511 0.0237664 -1.81611e-05 -0.000466579 0.0189418 0.0117728 -0.0197694 -0.000153952 0.00815374 -0.0063265 0.00382971 -0.00570216 -0.0221534 -0.0131085 -0.0444828 0.00360986 -0.0194188 -0.0358323 -0.0014519 -0.00551604 0.0193966 -0.00532082 -0.00961359 -0.0206015 -0.0260983 0.0143881 0.0222765 -0.00499328 -0.00302462 0.0412874 0.00458572 0.0363358 0.000747823 -0.0103118 -0.00169137 -0.00645898 -0.00399806 -4.23933e-05 0.0231762 0.0189107 0.0383904 -0.00813537 -0.0191055 0.0191082 0.00559339 -0.0294463 -0.0373201 -0.0160741 0.00923817 -0.0605434 -0.0406507 -0.0172581 -0.0204518 -0.00901759 0.0122091 -0.014877 0.023866 0.0142493 0.0212596 
-0.0125367 0.000592779 0.00514353 -0.0259737 -0.0350752 -0.00916243 0.0024826 -0.0010073 0.0299761 0.0195892 -0.0277067 -0.013822 0.0216562 -0.01031 -0.0117036 0.00880946 0.0304043 -0.0193712 -0.00705516 -0.00578295 0.0257459 0.0253734 -0.0326576 0.0226671 -0.016965 0.00641631 -0.00728739 -0.000263746 -0.00933713 0.00390771 0.0253144 0.00857798 -0.00540693 -0.0197907 0.022741 -0.0328379 -0.0127029 -0.0240619 -0.0143235 -0.00391812 0.00232526 -0.0248271 0.0140386 -0.0162991 -0.00318276 -0.011836 -0.033855 -0.000894732 -0.012504 -0.00447638 0.00233978 -0.00381778 -0.001497 -0.0296557 -0.00193622 0.0120841 0.0444586 0.00703484 -0.0438133 -0.000223651 0.00803756 -0.00307158 -0.00570225 0.0122968 
0.0117756 -0.00165138 0.0138224 0.00204706 0.00903247 0.0313573 -0.00640174 -0.0171792 -0.00317965 -0.0073127 -0.00857112 0.0387238 0.00314336 -0.0099304 0.000809166 -0.00303286 -0.0181081 0.0153424 0.0059082 -0.00952056 -0.016411 -0.0169035 -0.0144874 -0.016479 0.0278306 0.00101909 0.0106983 -0.0243099 -0.0188782 -0.0027352 0.0131187 -0.00585447 0.00844904 -0.00454713 0.0181338 0.00125276 -0.0241207 -0.00965005 0.0193127 -0.0204665 0.0248202 0.0054322 -0.0307713 -0.00969579 0.0274213 -0.0133542 -0.023414 -0.0157165 -0.0250657 0.0350442 0.0104239 -0.000726649 0.000480304 0.0046593 -0.00932011 -0.0470795 0.0434179 -0.0204804 -0.0191757 -0.00141095 0.0137152 0.0151269 -0.00720189 0.00908202 
-0.0424737 0.00866008 -0.00470224 0.0165502 -0.0342698 0.00103701 0.0204916 0.0207029 0.0351481 0.0273946 -0.0253445 0.00206189 -0.011401 0.034216 -0.0170817 -0.0116876 0.00180901 -0.00452605 -0.00400867 -0.0122031 -0.00571282 0.0114355 -0.0102502 0.0107371 0.0241014 0.0119265 -0.0025149 -0.0357414 0.0274329 -0.0036545 0.00141174 0.00736069 0.00338836 0.0278344 0.00225083 -0.0206484 0.00252859 0.0118479 -0.00828863 -0.0255094 0.00854011 -0.022954 -0.056645 0.0214601 0.0279109 0.0184029 -0.0163174 0.00160255 0.000674531 0.0191387 0.0206321 0.021252 0.0434511 0.0142999 -0.0121635 0.0150062 0.0142118 -0.00631097 -0.0142202 -0.0206928 -0.00771421 -0.0114845 0.00933307 0.0178223 
-0.033347 0.0229251 -0.00731775 0.00159352 0.00946381 0.00194901 0.0037334 0.0412275 -0.00123357 -0.0165249 0.0106931 -0.0167301 0.0228708 -0.006772 -0.0212855 -0.00110488 -0.0112326 -0.005235 -0.0490809 -0.0149618 -0.00644985 -0.00141336 -0.0313479 0.0234491 0.00287433 -0.0225265 -0.0357771 0.0142208 -0.00271741 -0.0125332 -0.0116671 0.00252737 -0.0122272 0.00291923 0.0178887 0.0164999 -0.0168393 0.0438358 -0.0331259 -0.0118745 -0.00162357 -4.7008e-05 0.0149415 -0.00311802 -0.0236518 0.0515222 -0.0143651 0.0103038 -0.00168404 0.00579635 0.00930949 -0.00451366 -0.00940477 0.00850946 -0.0352318 0.00657738 0.0120484 -0.0114457 -0.0313436 0.0170086 -0.002435 0.0219123 0.0145345 0.0163382 
-0.0283705 -0.0303485 0.0116559 0.0168042 0.020985 -0.0175397 -0.0244555 -0.00564138 -0.00173228 0.00200112 -0.0106731 0.0146645 0.0230398 -0.0276802 0.0337621 0.0161952 0.0261979 -0.00808925 -0.00224015 -0.0221841 -0.032385 0.0176005 0.0148371 0.0343044 0.033885 -0.0242574 0.0154524 -0.031232 -0.0299772 0.0191818 0.0111017 0.00997997 -0.0205917 0.0138415 -0.00865499 -0.0252083 0.00755673 0.0255006 -0.0100433 0.0243107 -0.00130526 0.0337317 -0.00990073 -0.0199645 -0.00950972 0.053159 -0.0213547 0.0127541 0.039567 -0.039781 -0.0183582 -0.00465498 -0.00497433 0.00130228 0.010589 -0.0405448 -0.034152 0.0191801 -0.00851788 0.0110544 0.00874967 -0.00311345 -0.0261874 0.00373526 
0.0124079 -0.0202279 0.0208911 -0.0287324 -0.00531222 -0.0242593 0.0219268 0.0180913 0.011871 -0.0184891 -0.00218076 0.0184512 0.01656 0.0331148 -0.0166097 -0.0131333 0.00310082 0.0376535 0.000523493 -0.0110955 0.00662921 0.0215217 -0.0241365 -0.0387982 0.00419225 0.0291678 -0.0387309 0.00709104 0.0192144 0.002004 -0.007001 0.00747119 0.00246803 -0.00424385 -0.00132829 -0.0267217 -0.00769767 0.0329032 0.0198904 0.0207052 0.0218015 -0.0185353 -0.00823385 0.0172081 -0.0151897 -0.0248703 0.026197 0.00271905 -0.0317707 0.0521795 -0.0158482 -0.00315634 -0.0655692 0.0300392 0.00297965 -0.00159377 0.00483174 0.00480733 -0.0101101 -0.029933 0.0213643 -0.0595266 0.00206003 -0.00412318 
-0.00724215 -0.00211666 -0.0192117 -0.0118024 0.024373 -0.000489661 0.0213604 -0.0447873 -0.0152449 0.0193464 -0.0439129 -0.0112266 0.013208 -0.00917601 0.0114216 -0.0279458 -0.0385365 0.00983974 -0.0265067 -0.012649 0.00399092 0.0295937 0.0313604 -0.00480867 -0.00739181 -0.054566 -0.0154252 0.0174547 0.00905052 0.0161748 0.00451166 -0.0227789 -0.00151867 0.00251038 0.037611 0.00304048 -0.00681586 -0.00509385 0.0187347 -0.0121432 0.0158724 0.0254581 0.00412146 0.0322629 0.00551453 -0.00869166 0.0405884 0.0101165 0.0194312 0.00813021 0.0380541 -0.00196211 0.0126739 -0.00372455 -0.0093471 -0.00274665 -0.0107557 -0.0462938 -0.0476242 -0.00878731 -0.00251765 -0.0111637 -0.0267196 0.0204271 
0.0114307 -0.0165973 -0.00610156 0.0318609 -0.0143583 0.0186392 -0.00783727 0.00208423 -0.0053917 0.00163762 -0.00715238 -0.000318362 0.00911203 0.00688535 0.0149269 0.00296378 0.00611892 0.0380279 0.00111508 -0.0256198 0.0260518 0.0236697 0.0024679 0.011271 0.0124074 0.0117762 0.0114749 -0.000507167 -0.0243627 0.010346 -0.0163342 -0.00456788 -0.00725307 -0.00281249 0.0112243 0.00786985 -0.0213898 0.00295136 0.00997051 -0.029331 0.0144713 0.0164704 0.0154912 0.0156318 -0.0157762 0.00628244 0.0236521 -0.0251468 0.00153123 0.016709 0.0223991 -0.018846 0.00357581 0.000546524 -0.0181408 -0.00614966 0.00564053 0.00837647 -0.00967562 -0.00526393 -0.021599 -0.0248497 -0.00277298 0.0314978 
0.00889329 0.00143246 -0.0100747 -0.0131379 -0.003589 -0.0130483 0.0387006 0.0380153 -0.0138674 0.0142648 -0.0120714 -0.00429125 -0.011588 0.0120675 0.0345294 0.0194752 -0.0223803 0.0244345 -0.000249125 0.0140525 0.029411 -0.0219755 -0.00171691 0.000132646 0.00357357 0.0064278 -0.0141696 0.00326148 0.0126933 0.00523137 0.0485643 -0.0102221 -0.0196816 0.0108898 -0.00892217 -0.0298265 0.022322 -0.0238865 0.00481058 0.000890195 -0.0132271 0.0147072 0.00919895 0.023123 -0.0119053 0.0211954 -0.0499334 -0.0210535 -0.0164223 0.0257102 0.00384591 -0.0140769 -0.0129815 -0.0211083 -0.0142192 -0.0128721 -0.0221454 -0.036686 -0.0474137 0.0514235 -0.0013339 0.00380351 0.00537681 0.0109336 
-0.00321778 0.012591 -0.014262 0.0123571 0.0123908 -0.00636894 0.0142303 -0.0177867 0.00742666 -0.00253463 -0.0124423 0.00366231 -0.0200342 -0.00249891 -0.0201843 0.00123908 0.00512021 0.0299702 -0.0145589 -0.00261416 0.0320229 0.0266873 -0.0219149 0.0362057 0.00645215 -0.0289631 -0.00101247 -0.00869612 -0.000352887 0.0201668 -0.012397 0.0187165 -0.0110827 -0.00161022 -0.0190416 -0.0293627 0.0137317 -0.00252641 0.0370415 0.0223433 0.0129515 0.00233835 -0.0133783 -0.0112908 -0.0208024 0.0125202 -0.00113762 -0.00336289 0.013355 -0.0114436 -0.00928255 -0.000894896 0.0300486 0.012544 -0.0134402 0.0190801 -0.0248271 0.0207349 -0.00337234 0.0351606 0.0136604 -0.00262806 -0.00369948 -0.0297188 
-0.00123774 -0.0123428 0.00598534 0.0232659 -0.0299101 0.00491076 -0.00857433 0.0235232 0.0146571 -0.0212233 0.0148135 0.024813 0.0117908 0.00057587 0.0147247 0.0172198 -0.00334976 0.0258379 -0.0077983 0.00559995 -0.0116502 0.000877432 -0.0300923 -0.0340956 0.00688331 -0.0255809 0.0114961 0.0100742 -0.00107332 -0.0284343 0.0367249 0.0277484 -0.0141868 -0.0124203 -0.0321996 0.0321985 -0.00338235 -0.00532065 0.0130002 0.0218823 -0.0111655 0.00316039 -0.0356707 0.00521777 0.0247129 -0.016964 -0.0228487 0.00209057 -0.0241317 -0.0378727 0.0477604 -0.00609385 0.025909 -0.0249214 0.017757 0.00535736 0.0216506 -0.00773287 0.00885582 0.0180751 -0.0216429 -0.0207677 0.0129843 0.0108149 
-0.0150976 -0.0227429 0.0303543 -0.0283475 0.00622008 0.00452556 0.0117822 0.0183215 -0.00912175 -0.00397108 -0.0187922 0.00164413 0.0151762 0.00423507 -0.0278044 -0.0125339 -0.0141903 -0.00298619 -0.0172121 0.00289515 -0.0467537 -0.00866198 -0.0235752 -0.00519281 0.0066852 -0.012708 -0.00210698 0.0156203 0.00383271 -0.00354041 -0.0463516 -0.0196367 0.0176581 -0.0289728 -0.0123909 0.015613 -0.020688 -0.0443166 -0.030358 -0.021005 -0.0238419 -0.00729714 -0.0183773 0.024925 -0.0201419 0.00221232 0.0105547 -0.0247366 0.0180812 0.0020821 -0.0288917 -0.00635553 0.0108379 -0.0264954 -0.000357335 0.0127981 -0.021981 -0.0211811 0.00885217 0.00627293 0.0271123 -0.0248904 0.0398635 -0.0211901 
0.0128635 -0.0111124 0.0168538 -0.00248486 0.00442075 -0.00628437 0.00723248 0.00060698 0.00648801 0.0279455 -0.0214044 -0.0314936 0.00852129 -0.00402948 -0.0189746 0.0181206 -0.0248166 -0.0215418 -0.00487096 0.00478841 -0.0333556 0.00493462 0.0775754 0.0101437 -0.0142255 0.00486253 0.0188146 0.0101494 -0.00660204 -0.00937232 0.00850687 0.0195751 0.038596 -0.0348574 0.0264145 -0.0142689 -0.0458854 0.00838652 -0.00294232 -0.0572955 0.033305 0.000488153 -0.0183889 0.0196334 -0.0077569 -0.0233215 0.0240334 -0.0342659 0.0313342 -0.0100181 -0.00360454 0.0246508 -0.0280954 -0.00938 -0.000814011 0.00600576 -0.0291827 -0.0185759 0.0286583 0.0132728 0.00575604 0.0162545 0.00173565 -0.0133351 
0.0345541 0.0161023 0.0177036 0.0171543 0.0118999 -0.0102849 0.01756 -0.0117749 -0.023533 0.00687547 0.0249737 0.0132086 0.00680149 -0.011851 0.0300009 0.0303464 0.0168626 -0.028125 0.012676 0.0181334 -0.003269 -0.0236181 -0.0058793 0.00279763 0.00655346 -0.015957 -0.00231639 -0.00601019 -0.0139503 -0.0315903 0.00709814 0.0116088 0.0187678 0.0202695 0.0459277 -0.00356148 0.0238439 0.028612 0.0170832 -0.0409936 0.00462629 -0.0222461 -0.0153538 0.04147 -0.0102599 -0.0266247 -0.0543746 0.0175477 0.0171736 0.0250498 0.00934109 0.00450595 -0.0173494 -0.00440862 -0.0265399 -0.016896 -0.00530607 -0.014553 0.02434 0.0242176 0.009536 0.0240255 0.016059 0.0135091 
0.0246396 -0.0252314 -0.0273733 0.015594 -0.00449916 -0.0430373 0.014638 0.0366011 -0.0110313 -0.00162542 -0.000321962 0.00922185 0.0139595 0.00693468 0.0244013 0.0111228 -0.0253483 -0.0107133 -0.0255581 -0.018328 -0.0276375 0.0379445 0.00338562 -0.0357463 -0.0364936 -0.00857802 -0.00108462 0.0189793 -0.0194044 -0.0229565 0.0226237 -0.0252771 0.00584066 0.00319005 0.0252022 -0.00327246 -0.0318422 0.0107806 -0.0292777 -0.0125098 0.0313214 -0.00543006 -0.0330482 -0.046416 0.036124 -0.00348444 0.0074324 0.00320561 0.0101146 -0.000601573 -0.0256468 0.01171 0.0114972 -0.000780067 0.0369526 0.000130506 0.000536259 0.0171182 -0.0103591 0.0117076 -0.0130898 -0.0116801 -0.00523666 -0.0215944 
-0.00534585 0.00557131 -0.00824493 0.00173985 -0.00105034 -0.00549751 -0.00942501 -0.0123843 -0.00345366 -0.0131518 0.00904497 0.03033 0.00187026 -0.00660218 0.0173702 0.0298993 0.012865 0.0389981 -0.0041484 0.0159686 -0.0304802 -0.00507205 0.00818214 -0.0317249 -0.0257792 -0.00576186 0.0253482 0.0376725 -0.0901835 -0.0350495 -0.0277323 0.0089537 0.0445798 0.0168856 0.0218917 0.00367782 0.00742241 -0.0163758 0.0222492 -0.0188276 0.0303828 0.0292364 0.0364442 0.0317013 0.026044 0.0162528 0.0162434 -0.00914355 0.0102052 0.013796 -0.014537 -0.0263929 -0.0419334 0.012375 -0.00992382 -0.0125581 0.00423349 0.00181696 0.0208323 -0.011186 0.00995687 0.00947716 0.0129949 0.0231082 
-0.0175303 0.00393747 0.0399391 -0.00451341 0.00588823 -0.0170448 -0.00483238 -0.00757206 0.0109711 -0.00686701 0.048183 -0.0175615 -0.00084973 0.0190097 0.0239057 0.0160792 0.0256346 -0.0119656 -0.0121691 0.025308 0.0182787 -0.0115527 -0.0276926 0.00594572 0.011253 -0.00617252 -0.0114071 -0.00647805 0.0141772 0.024725 -0.0198381 -0.00396299 0.0221051 -0.0133278 -0.0196861 0.0133645 -0.0195391 -0.0064711 0.00674893 0.0274819 0.0330498 -0.0270091 0.000431872 -0.00474487 0.00813279 -0.000669498 0.0357993 0.0197688 -0.0144017 -0.0287674 -0.0179417 -0.0119222 -0.0117548 0.011495 -0.0171631 -0.0106219 -0.0119003 -0.0262733 0.0283723 0.00536529 -0.0273851 0.00766471 -0.0207341 0.0101883 
0.0177896 -0.0322524 -0.0131903 -0.00879619 0.0106464 0.0077515 0.0180265 0.00120603 -0.0189873 -0.00480554 -0.00329628 0.00701926 -0.0126478 0.0258438 -0.0338541 -0.00166091 -0.0115672 0.0119857 0.00424264 0.00493674 0.00805132 -0.0174015 0.00684147 0.00383101 0.0180298 -0.0218429 -0.0150922 0.0158568 -0.0146667 -0.0547362 -0.00899328 -0.0393113 0.0235624 -0.00633956 -0.0214769 -0.0107513 -0.0424839 -0.0212683 0.0199803 0.00290661 -0.0538443 0.0149374 0.0393365 0.00445982 0.0301619 0.0135004 -0.00597398 -0.0194802 0.0089498 -0.00726478 0.0155404 0.0135096 -0.0227861 0.0155684 0.00135289 -0.00551896 -0.0136626 -0.0360383 0.0263822 0.0622702 -0.0190686 -0.0263506 -0.00209675 -0.00799771 
-0.0320435 0.0235764 -0.0279828 0.00434992 0.0309514 -0.00190808 -0.0208829 -0.00123417 -0.0218709 -0.00969103 0.0199918 0.0110826 -0.0134284 -0.0052326 0.00951044 -0.00434264 0.0137485 0.032576 0.0105641 0.0151445 -0.00391175 -0.00877961 0.0047765 -0.00756237 -0.000728341 0.0323935 0.0368526 -0.0306663 0.0324897 0.037027 -0.0223752 0.0168244 0.0225289 -0.00849444 -0.00712692 -0.0264236 -0.000675839 -0.0258052 -0.0280036 -0.00652948 0.0251107 0.0182172 0.0111837 0.00477389 0.0363791 -0.00152565 0.0492632 0.00232462 -0.0293057 -0.00737494 -0.0130711 0.00212164 0.0138234 -0.0218844 0.00646455 -0.00609238 0.00311108 -0.000532345 0.00910421 0.0237828 -0.0132076 0.000440719 0.0219481 0.0073395 
-7.59545e-07 -0.0355248 0.0161195 -0.00702545 0.00990832 0.0318562 -0.00653326 0.0341295 0.00885624 0.00306239 -0.0267985 0.00591152 -0.014789 -0.0175232 0.0116074 0.0170545 -0.0297313 -0.0237521 0.0208771 0.0418832 0.0193084 -0.000961469 0.0187205 0.0351599 -0.0238632 0.0252142 -0.00714848 -0.00816724 0.00728143 -0.00842232 0.045264 -0.0338929 -0.00459062 0.00453217 0.000114649 -0.00365098 0.0144597 -0.0226608 0.0121871 -0.00389116 -0.00185887 -0.00997817 -0.0298892 -0.0482187 -0.0213939 0.00403075 -0.00267623 0.0146847 0.0108782 0.00811636 -0.018033 -0.0275459 0.013711 -0.0174513 -0.000884201 -0.0121747 0.0163983 0.00534586 -0.0274273 0.00312452 -0.00104075 -0.022505 -0.0375388 -0.00204821 
0.00835537 0.00921975 -0.00604402 0.0114907 -0.00217995 0.0125769 -0.0152769 0.0176432 0.0282749 0.00810273 0.036437 0.00823772 -0.0174941 0.00556922 -0.0271122 0.00039818 -0.0133567 0.0182054 0.051386 0.0202111 -0.00647102 -0.00534279 0.0498114 0.0080817 0.0311413 -0.00100514 -0.0206664 0.0195825 0.00927712 0.0264902 0.0238736 -0.00880741 -0.0273712 0.0140751 0.0351427 0.0241971 -0.0138638 -0.0156741 -0.0273253 -0.019578 0.00162905 -0.00330048 -0.0159363 0.0166799 -0.0214897 0.0166857 -0.0164478 -0.0289186 0.0274035 -0.000750568 -0.00335886 0.0180693 0.0318322 0.00859981 -0.0184924 -0.00809987 -0.0215733 -0.0184637 -0.0356137 0.0120405 0.0011111 0.0257298 0.0178021 0.0343936 
-0.0553204 0.0482965 0.00638523 0.00296252 0.00670621 -0.00231552 0.00320099 0.00728134 0.00917647 -0.00883938 0.0212742 -0.0257648 0.0195965 -0.0105072 -0.0124838 -0.00279128 0.0139163 -0.0160525 0.00663762 0.00252496 -0.00582884 0.0147225 0.00139319 0.0280845 0.000818165 -0.0340113 -0.0160298 0.0313251 -0.00985172 6.11204e-05 0.00391255 0.00425351 0.00502522 0.0354953 -0.0258754 0.041637 0.0153136 0.0292127 -0.00203649 -0.000889843 0.0223535 -0.012619 -0.029591 0.00724919 0.0133915 -0.0258563 -0.0302688 0.01589 -0.00611025 0.0411251 -0.00586668 0.00285385 0.0085668 -0.00764008 0.0143958 0.0157381 -0.00378289 -7.1409e-06 -0.0178748 0.0120143 -0.000890567 0.0337759 -0.0309842 -0.056525 
0.0167845 0.00404969 -0.0215684 0.0127295 0.0338702 -0.00314144 -0.0119071 0.00357235 -0.0319193 0.0428614 -0.0117072 -0.00974639 0.0181039 -0.0418737 -0.0276425 -0.0144287 -0.00967839 -0.0401832 -0.00268683 -0.0210478 -0.042751 0.0186382 -0.00305872 -0.0130352 0.012351 0.00489252 -0.00427073 0.00840937 -0.0215395 -0.0257201 0.0104313 0.0225353 -0.0147577 0.008597 -0.000352631 0.00481978 -0.0149004 -0.0355089 -0.00695682 0.0251248 0.01609 0.0036344 -0.00351444 -0.0219336 -0.00242117 0.0102568 -0.00076986 -0.00478465 -0.0411688 -0.0591638 -0.00236956 -0.00538456 -0.00473409 -0.0217594 -0.0347096 -0.0333135 -0.0294472 0.0268085 -0.0164418 0.0109338 0.0122384 0.00334494 0.0221943 0.00348742 
0.00403924 -0.00506146 -0.0236146 0.0355275 0.00681395 -0.00782209 -0.0275433 -0.00788375 0.0250285 0.00940256 -0.0229405 -0.0127858 -0.00237381 -0.0267259 0.00268665 0.03271 -0.00427952 0.0113938 -0.0168615 0.00757904 -0.0233919 -0.0130982 -0.01712 0.0171803 0.00858947 -0.0193982 0.00653137 -0.025112 -0.0408532 0.0303219 0.00155357 0.0083962 0.0216597 -0.00638847 0.00859825 0.0207165 0.0232388 -0.00227179 -0.0139954 -0.0308549 0.00931901 0.0294468 -0.058859 -0.0122635 0.0292891 -0.00892757 -0.0187929 -0.0201685 0.0243192 0.00586984 -0.00304151 0.0104823 -0.0020976 -0.00252472 -0.00657897 -0.0194158 -0.00673485 -0.0150172 -0.00227721 0.0299513 0.00313749 0.00929469 0.0258166 0.004138 
-0.0141255 0.0105202 -0.00223736 0.0166348 0.0301246 -0.0227353 0.00931663 -0.0262492 0.0120901 0.0183004 -0.0356514 -0.0240865 0.00708526 0.0177609 -0.0321993 -0.0338554 0.00393634 -0.0170767 -0.043641 -0.0231918 0.0184511 -0.0207238 0.0464545 0.00206021 0.0350884 -0.0117905 0.0299767 -0.00980266 -0.00685467 -0.00308137 0.00514974 0.00506333 0.00809005 -0.0136521 -0.0503019 0.00745535 -0.00305731 -0.00196896 0.0283875 -0.0237589 0.0162826 -0.00862479 0.0242708 0.00938394 -0.0126065 0.0320998 -0.0264809 -0.00227449 0.0294214 -0.0106252 0.014379 -0.00872116 -0.0015271 0.00180991 0.0251286 -0.00824994 0.0215256 0.0320288 -0.0224733 -0.014361 0.0110486 -0.0155588 0.0404755 -0.0247313 
-0.00265623 -0.00277272 -0.0032441 -0.0177114 -0.000502247 0.0279435 0.00371434 -0.0130376 0.00375883 -0.0303686 -0.0179622 0.0347983 -0.00274766 0.0106521 0.0215181 0.0173061 -0.0197527 0.0243805 -0.00193561 0.0131334 0.0327215 0.0476122 0.0467973 -0.0332171 0.00566149 0.0468084 -0.0216646 -0.0132236 0.0433449 0.0324183 -0.0266332 0.00800524 -0.0355078 0.000446495 0.000318405 0.00169644 -0.0136258 0.0148706 0.0336302 -0.0116823 -0.0221039 0.0136864 -0.0195879 0.037333 0.0118662 -0.0112636 -0.00527414 0.000956816 0.00753885 0.00160713 -0.0107235 0.0241537 -0.0165524 -0.00296833 0.0234076 -0.00316229 0.00569899 0.0322048 0.0240384 -0.0320939 0.00545548 0.00931276 -0.012341 -0.00337049 
0.0132531 -0.042259 0.0162945 -0.0133474 -0.0088555 -0.0170337 0.0308125 -0.0268189 -0.0187482 0.0149911 -0.0213922 -0.0410498 0.0180412 -0.0526776 -0.00787265 0.0161215 0.0325523 -0.0104117 0.00623269 0.00300436 0.00528628 0.0153384 0.0146309 -0.0166558 -0.00685552 0.0131197 0.0169554 0.00626205 0.0267875 0.0121547 -0.0172769 -0.0122333 -0.0125298 0.00233618 0.0007675 -0.0207905 -0.0433447 0.00176895 -0.00661212 -0.00799641 -0.0162943 0.000703214 -0.00348874 0.00493782 0.0297398 0.00706792 0.0482826 0.0139275 0.0198838 -0.0268487 -0.00326398 0.00607216 -0.00720949 -0.0219033 0.00884017 -0.0257479 0.0190261 0.00912031 0.00994592 0.010057 -0.0180582 -0.00661598 -0.0230076 0.0110241 
-0.007341 -0.0089764 0.0124612 -0.0120653 -0.0347458 0.000830301 0.00936392 -0.00626419 0.0133145 -0.00771343 -0.0108493 -0.0069592 -0.0148299 0.00911605 0.00325491 -0.0223257 0.0138503 0.00829555 -0.0305879 0.00922573 -0.0434362 0.0155499 -0.00406909 0.0269818 -0.0433089 -0.0142094 0.0299666 -0.00566012 0.000127084 0.0254662 0.00322897 -0.0191032 0.00867012 0.00849678 0.00869549 -0.053707 0.0065767 0.0412817 0.0189375 0.0107417 0.00997736 -0.00657364 -0.0150799 0.0221906 -0.0265356 0.00496265 0.00763364 0.00143994 -0.0148427 -0.0139666 -0.0381268 -0.0263158 0.0175387 0.00648366 -0.0504975 -0.0352059 0.0148791 -4.41447e-05 -0.0106574 0.00682662 -0.00918253 0.013791 0.0169159 0.0446104 
-0.0162728 -0.0398129 0.0287539 -0.00516419 0.00208098 -0.0272262 0.00418915 0.009353 -0.00895304 -0.053359 0.0134477 -0.0108845 0.0070164 -0.00883298 0.0137007 -0.043097 -0.0241181 -0.0216509 0.0138436 -0.00572222 -0.0269083 0.0487729 -0.0172678 0.00503114 0.00420783 -0.00961863 -0.0106885 -0.0144551 -0.0144605 0.00303117 0.0114698 0.00954809 0.0244811 0.00261003 -0.00241 0.0128868 -0.0170035 -0.0107355 0.0438971 -0.0260396 -0.0201891 -0.00962602 -0.018287 -0.00012579 -0.0177157 0.00633276 0.0195922 0.0320299 -0.0420981 0.0120171 -0.0118908 0.0102498 0.0255775 0.00449598 0.0528315 -0.00298056 -0.0293455 -0.0179319 0.0376715 0.00258167 0.00549742 -0.01677 0.0280873 0.0040607 
-0.00602648 -0.00238441 0.00365556 -0.0372966 0.0143418 -0.0374031 -0.0228288 0.0143535 -0.00528842 0.0260714 0.00410142 0.025188 -0.00964494 0.00285871 -0.0144042 0.00660181 -0.00124811 0.00202693 0.00988348 0.0067147 -0.0224558 0.01549 -0.0129341 -0.0186067 0.0127458 -0.00306358 0.010295 0.0154312 -0.0104922 0.00564853 0.000501131 -0.0128712 0.00596234 0.00304859 0.00307101 -0.0317542 0.00167692 0.0181915 -0.00906214 0.0197859 0.0542826 -0.00424928 0.0052666 0.00291837 0.0243194 0.00953382 0.00773458 0.000254275 0.0217582 -0.00538619 0.0151243 0.0355591 0.0222356 0.0112801 -0.0127937 0.0112036 -0.00989263 -0.0111439 -0.0264782 -0.0416187 -0.00273083 0.00891407 0.00395368 -0.0478144 
-0.0459188 0.0137515 0.0110331 -8.64072e-05 0.000971156 0.0222689 -0.00380504 0.0248497 0.0051173 -0.00425799 0.0124306 -0.00137878 -0.0321809 0.0027601 0.00155299 -0.00361499 -0.0112087 0.0307304 -0.021433 -0.00827176 0.000363614 0.0259893 0.00880064 0.00755544 0.0353595 0.0122584 -0.00786008 0.0212445 0.0250459 -0.0307764 -0.00319044 -0.0277261 -0.00709927 -0.00193875 0.00717011 0.0139549 0.00185066 0.0348172 0.0023998 -0.0297057 0.0441467 0.00107685 0.0143063 -0.00909598 0.0055004 0.00992323 0.00652409 0.0030524 -0.00664341 0.000392479 0.0232943 -0.00915595 -0.00889719 0.0128568 0.0025612 -0.0170644 0.0183666 0.0187262 0.0206446 0.00847589 -0.0119809 0.0345646 -0.0163 -0.0209249 
-0.000970053 -0.00905692 -0.0503284 -0.0310882 0.00732647 -0.0029026 0.0180281 -0.00564306 0.0255128 0.0173585 -0.0119511 0.0378486 -0.0327324 0.028319 -0.00859273 -0.0273941 0.0293389 0.0169942 -0.00905085 -0.00226905 -0.00231728 -0.0103035 -0.00791566 -0.0477394 0.033886 -0.0364211 -0.030322 -0.0110659 0.0353498 0.0040903 -0.0171595 0.03966 -0.00239733 -0.00605805 0.0288775 -0.0110067 0.0278954 -0.018084 0.0125907 0.00278809 0.0227746 -0.018565 0.0192512 -0.0157816 -0.0301124 0.0249131 -0.0148419 0.0090315 -0.000465101 0.018121 0.0202555 0.0414634 -0.00579761 0.00664186 -0.0143846 -0.0168144 0.00225933 0.0224325 -0.0491739 0.0204112 0.00142565 -0.017693 0.00107926 0.01184 
0.0162115 0.0124973 -0.0130069 0.00583905 -0.00120603 0.00115052 -0.0446339 -0.00975823 0.0109082 0.0160015 -0.0157031 -0.0207494 -0.00661293 -0.00364049 -0.00763796 0.015557 0.0166359 -0.0169648 -0.00500272 0.0268725 0.0486744 -0.000118618 0.0134837 -0.0173992 0.0246411 0.0220551 0.00471275 0.00413817 0.0117214 0.0206437 -0.00509839 0.00622638 -0.00913026 0.00576466 0.0133702 0.0160522 -0.00419661 -0.00223409 -0.0302028 0.0103233 0.0016727 0.0131359 0.000343736 0.0192587 -0.035246 0.00441076 0.0395476 -0.00931167 -0.0205502 -0.0223086 -0.0204448 -0.00447934 -0.0191674 0.0160404 -0.00276412 0.0334771 0.000996228 0.010317 0.00197098 0.00200015 -0.00164913 -0.0309239 0.0128713 -0.0238952 
0.0023892 0.00399597 0.0137065 -0.0118072 -0.0235098 0.0192804 0.00323984 -0.0428474 -0.0120634 -0.0235338 0.03355 -0.00371508 -0.00398046 -0.0262383 -0.00220935 -0.00680374 -0.0129924 0.00459056 0.00214415 -0.0217809 0.00429788 0.00844346 0.0574199 -0.0230088 -0.00414476 0.00337027 -0.0125418 0.00766484 0.0420856 -0.0101647 -0.00794675 -0.015406 -0.0195085 0.0187162 0.0199996 0.00299677 0.0156705 -0.00882656 0.0102234 0.00339357 0.0179411 -0.0274496 0.0526147 0.0105432 0.0327794 -0.0130852 0.0149377 -0.00430169 -0.00900955 0.034201 0.0128385 -0.0036874 0.0299692 -0.0320929 0.0598048 -0.0185294 0.00540279 -0.00656407 -0.0207096 0.00536468 -0.0289967 0.00692737 -0.0161412 0.0129908 
-0.00564612 -0.00860624 -0.0105235 -0.0015768 0.0184097 -0.026104 -0.00288616 0.00235221 0.0107974 -0.036239 -0.010767 0.0194655 -0.0264007 -0.0088576 0.0123626 -0.0156451 0.0372285 -0.0287735 0.0167024 -0.0469288 0.000703395 -0.0146626 0.0139346 -0.0242246 0.0133298 0.0298504 -0.0137254 -0.0202356 -0.0098869 0.0319267 -0.00985658 0.0287409 0.0107658 -0.0147797 0.00619315 0.00997677 0.00670044 0.0288546 0.0313148 -0.0486587 0.0167386 -0.00693413 -0.00523059 -0.00348499 0.00415289 0.00855759 0.0104926 0.0180565 -0.0127908 -0.00173055 0.0296786 0.00768583 0.00166392 -0.00964321 0.0180268 -0.0346258 0.0110159 -0.00693278 -0.0393227 -0.0013504 -0.0332522 -0.00343479 0.0365325 -0.029897 
-0.0267222 0.0145138 -0.00975416 -0.0286827 0.00999543 0.01134 0.000263321 0.00227243 0.0061892 -0.00993987 -0.00018818 -0.0248889 0.00637692 -0.0275433 -0.00169457 0.0267971 -0.0484982 -0.0103243 0.00926181 0.0203553 0.00168315 -0.0153737 -0.00412486 0.00645739 0.0149144 0.0053237 -0.0410087 -0.0292141 -0.0694047 0.00375217 0.00583484 -0.00348748 -0.027548 -0.0316266 0.00257271 0.0399843 -0.0145274 -0.0360879 -0.0167786 0.018493 -0.0181563 -0.0128801 0.00846894 0.036289 0.0253719 0.0192117 -0.000240632 0.0307568 0.0210963 -0.0483023 0.0163809 0.0249756 -0.00346792 -0.0233052 0.00540711 0.0164978 0.0137305 -0.0207943 -0.0270982 -0.042348 0.00736288 -0.00868919 -0.0170344 -0.00443146 
0.00633531 0.00396955 0.010505 0.038508 0.0211889 -0.0168404 -0.0303947 0.0144472 -0.0303978 -0.00713189 -0.030169 -0.013499 0.00812404 -0.0106685 -0.00164558 0.00432402 0.0492898 0.00435 -0.000625396 0.00211108 0.000828992 0.0124429 -0.00453649 -0.00166376 -0.014931 -0.00830173 -0.00648106 -0.0025065 -0.0367847 0.0203488 -0.00936022 0.0336426 -0.0133428 -0.00708282 -0.0300028 -0.0205248 0.00994976 -0.0334742 0.000851156 -0.015131 0.00496078 -0.00701897 -0.0104762 0.00240198 0.0118893 -0.0205649 -0.00872183 -0.0236269 0.0079734 -0.00865954 -0.0303974 -0.00879774 -0.0131893 0.0222886 0.00177693 0.0264135 -0.0100337 0.0254708 -0.000410109 -0.0110066 0.0108284 0.00568324 -0.00629604 -0.0130925 
0.00289171 -0.0146328 0.0647565 0.0144965 0.0156964 0.00652166 -0.0115486 -0.00948077 0.0215599 0.00458067 -0.00828349 0.025503 -0.0254688 0.00209809 -0.0242942 0.00733201 0.00670167 -0.00671671 -0.024751 0.0104178 0.00720813 0.0489502 -0.00922387 0.025144 -0.0330676 0.0290384 0.023661 0.0374202 0.0287034 -0.0121114 -0.0462066 -0.0292079 -0.0199079 -0.00462584 0.0170202 -0.0453066 -0.0279717 0.00779817 0.00176215 -0.00546085 0.00200635 0.00591535 0.0334549 0.0128043 -0.0185589 0.00631498 -0.0207992 -0.0400093 0.00164933 -0.00820225 0.0249546 0.0103321 -0.0182529 -0.0131391 0.00824178 -0.00884759 0.0111059 -0.00746676 -0.0133493 -0.0227467 -0.00345848 0.0127043 -0.00423061 -0.0272673 
-0.0102313 0.00404022 0.00391984 -0.000961907 -0.00688381 0.000434271 -0.0151249 -0.0297776 -0.0305623 0.0114786 0.013958 -0.0100783 -0.0122886 0.0217306 0.0120807 -0.0177522 -0.00497736 -0.0255882 -0.0458367 -0.0122273 0.00588908 -0.00406712 -0.0144287 -0.0162523 0.0193014 0.0135996 0.00849693 -0.016629 -0.0361266 -0.00335977 -0.0245065 0.0119095 0.00215397 -0.0101504 -0.0257347 -0.0225572 0.0343552 0.0361627 0.00931821 -0.00955559 -0.00605813 0.0207083 -0.00750321 -0.0112364 0.00318507 -0.00503987 0.0125344 0.0243483 0.00913993 -0.00434636 -0.00359747 0.027422 -0.0131449 0.0159039 0.0191482 -0.00886761 0.0321416 -0.00115939 0.0146692 -0.0133261 -0.000161782 -0.0139187 -0.00644664 -0.0195748 
-0.0137384 0.00704473 0.00571739 0.0303069 0.00447601 -0.00139236 -0.00510538 0.00896887 -0.000394404 -0.0256904 -0.0126756 0.0210111 0.0104558 -0.0102874 0.0173707 -0.004009 0.0182472 -0.0106962 0.00668123 -0.00618567 0.0179843 0.0521717 -0.00265167 -0.0480296 0.0106892 -0.00487399 -0.0186124 -0.00140117 -0.0207318 -0.015757 0.0334648 0.0224593 -0.0165289 0.00453773 -0.0312276 0.00628923 0.0141798 0.00325888 -0.018911 0.0123381 0.0294819 0.0166061 -0.017639 0.0275641 0.00798807 -0.0161676 0.0333773 -0.00428068 0.0122555 -0.0177103 0.0210211 -0.00610515 0.00940611 -0.024171 -0.0134168 0.005664 -0.00558057 -0.00125797 -0.0249588 -0.026513 -0.0144341 -0.0124957 -0.0157994 0.0439437 
0.00395106 0.0292955 0.00900992 -0.00692371 0.0120718 0.000340195 0.0144278 0.00012046 -0.00296597 -0.00379455 -0.0213086 -0.0235875 0.0168142 -0.0146684 0.00906121 -0.0171478 0.0273124 0.0069302 0.00252274 -0.013332 0.0114621 -0.0297574 -0.00100873 -0.014113 0.00904011 0.00453136 -0.00541587 0.039636 0.0206458 0.0153337 -0.0051871 0.0215279 0.00290604 -0.0223731 0.0117129 0.0101792 -0.0332738 -0.0106148 -0.0214761 -0.00117371 0.0105266 -0.028619 0.00301528 0.000377836 -0.0281597 0.0212238 0.0346528 -0.0124078 -0.00730205 -0.00514339 0.0179723 -0.0299677 0.00817432 0.0242507 -0.0131129 0.000736773 -0.00468819 -0.00710757 0.0350998 -0.00201537 0.0395151 -0.00204634 0.0158482 -0.0152982 
0.000393847 0.0059971 0.00962479 -0.0400613 0.00519675 -0.00539382 0.000577507 0.0130855 0.000476783 0.0125979 -0.00878323 -0.0100429 0.0094051 0.00717735 0.0159748 0.0158272 -0.0158761 -0.0177667 0.000667719 -0.0335354 0.0217694 -0.00871011 -0.00786141 0.0131261 0.000789477 0.0398779 -0.00497682 0.0277074 0.00956602 -0.0097795 -0.00054235 -0.00597461 -0.0116606 -0.0344106 0.00946161 -0.0163517 -0.0346695 -0.0152363 0.0281935 -0.0134601 0.0208965 -0.000433944 0.00350454 0.010803 -0.00534082 -0.00927756 0.0294252 0.000481378 -0.00939663 0.0218554 -0.000814284 0.00581967 -0.0104989 -0.0305304 -0.00961353 -0.011013 -0.0241593 0.0254061 -0.0321534 0.00922739 -0.0218045 -0.008635 -0.0104137 -0.00589337 
0.0352031 0.00383256 0.0116127 -0.0100807 0.000227055 -0.00343575 -0.0351264 0.0360732 0.00167832 0.0079158 0.0141226 -0.0238623 0.038672 0.0200691 0.00300052 -0.00555076 -0.00537946 0.0273126 0.0427859 -0.0197546 0.0214764 -0.0390155 0.00966495 0.0453131 0.000285975 0.00192797 0.000655027 0.0106997 -0.0359117 0.0133101 -0.00201302 -0.00226099 -0.00713301 -0.0129032 -0.045127 0.0188311 -0.0063119 -0.0126075 0.0110972 0.0276036 -0.041157 -0.0260407 -0.0213293 -0.0202675 -0.0504633 0.0132274 0.00921473 -0.0229745 0.0106813 0.0302836 -0.0318972 0.0246714 -0.00654125 -0.00982521 -0.0108798 0.00453766 0.00856831 0.0206111 -0.00884853 -0.0151226 -0.0158819 -0.0205 0.00701459 0.00343555 
0.0111124 0.0201057 -0.0104883 -0.0137062 0.0194803 0.0145919 -0.0100177 0.022248 -0.0464255 0.0154018 0.00441729 -0.0105526 -0.00337733 -0.0185764 0.00546687 0.0327049 0.00591232 -0.00761969 -0.0246741 -0.0257825 -0.0142562 -0.0169173 -0.0146852 0.0203848 0.00394464 -0.0110253 -0.00300906 -0.0381728 -0.00999851 -0.00993061 -0.0184036 0.0134098 0.0335415 0.0288663 -0.00449515 0.00264803 -0.00519522 -0.0145791 0.0111822 -0.0301712 0.00615468 -0.0139007 0.0225025 -0.00148437 0.0144022 -0.0295782 0.00199442 0.000478044 0.00273838 -0.0302763 -0.0197787 -0.0398885 0.0249513 0.010134 0.0205483 -0.0150555 0.00195818 0.0129558 -0.00377245 0.00420026 0.0133524 -0.0291045 0.00223504 0.0168876 
0.0344405 -0.0310705 0.00716414 0.00286404 0.0186202 0.00179076 -0.00875085 -0.043759 -0.00668575 -0.00979082 0.0175105 0.0392891 0.0452955 0.0175857 0.00456306 0.0319255 0.00965041 0.00463542 -0.0346896 -0.00463423 -0.00378858 0.0141655 -0.00632445 0.0105589 0.00254579 0.00662882 -0.0179454 -0.0169034 -0.0385568 0.00242347 0.00660797 -0.013177 0.0111682 -0.00886625 -0.0025463 0.0142806 0.0259675 0.0124876 0.0258776 -0.00474043 0.0118525 -0.0311456 -0.0211589 0.0320355 -0.020059 -0.0489029 -0.00345558 0.00464838 0.0380255 -0.0183588 0.00893781 0.00857535 0.00600165 0.0175079 -0.00587054 0.0112256 -0.0144135 -0.00926918 -0.0151592 -0.00996894 -0.0149183 -0.0134751 -5.37706e-05 -0.0396032 
0.0103796 0.0401417 0.017213 0.0114234 0.0174857 0.0210504 0.0181674 -0.0311089 -0.00249704 0.0194468 0.00984377 -0.0272797 0.0287446 -0.0187799 0.00285002 -0.0185906 0.0279009 0.0373783 0.00330386 -0.00332452 -0.0131882 0.012391 0.0146249 0.0145525 -0.0187991 -0.0055867 0.0100817 -0.0229265 -0.00264073 0.00189551 0.0266957 -0.0048423 0.0335577 0.020579 0.00539516 -0.0265687 -0.0114085 0.0132962 0.00187983 -0.0132815 -0.00241266 0.0120653 -0.0242058 -0.0264663 0.0172519 -0.0116226 0.0135617 -0.0345738 0.0152012 0.032534 0.00320653 0.0179771 -0.00499681 0.0260562 0.0232254 -0.0239728 -0.00163718 0.000413978 0.00986245 -0.0154177 -0.0217786 -0.0289752 0.0246831 0.00163903 
-0.0178916 -0.0240925 -0.0261307 0.0533662 0.040874 0.0122022 0.0307899 -0.0253396 -0.0324786 0.0173872 0.00497767 0.00255805 -0.00763199 0.0235629 -0.00753084 0.0216739 0.0145316 -0.00790187 0.0182586 0.00216174 -0.040325 -0.0158436 -0.0436448 -0.00374338 0.025402 -0.00423946 0.0222202 0.0355899 0.0230523 -0.000671565 0.0130654 -0.0196457 0.0128101 0.0120021 -0.0113285 0.0338733 0.00695849 -0.0299166 0.00292556 -0.0149022 0.00149099 -0.00864168 0.00922788 0.00131938 -0.00289719 0.0393813 0.00644157 0.00281105 -0.0106799 0.0204888 -0.0245242 0.0537826 -0.0265386 -0.0158375 -0.0180771 -0.00711663 0.0217739 0.00392448 0.0328116 -0.0357324 0.027616 0.00300289 -0.00567527 0.0363899 
-0.0345723 -0.0363595 0.0276595 -0.00463528 0.0234576 -0.00389483 0.0335568 -0.0128761 -0.00354591 -0.00204436 -0.019254 -0.0525394 -0.0018526 -0.0091258 6.4581e-05 -0.0120959 -2.63364e-05 0.0166916 0.00064417 -0.0024163 -0.000800545 0.0210705 -0.0148257 -0.0280989 -0.0363556 0.00172912 0.0381418 -0.0245912 -0.0174676 0.00771923 0.0165458 -0.0400161 -0.0177198 -0.0111611 -0.018434 -0.00681385 0.0151363 -0.0201713 -0.0183718 -0.0190241 0.0504406 0.0292048 -0.0137263 -0.011781 -0.0384217 0.00731957 0.0196296 -0.0108385 0.0127052 -0.0205798 -0.000360955 0.00145313 0.000184753 -0.00727705 -0.0315032 -0.0207986 -0.0171526 -0.00523901 -0.0276252 -0.00335924 -0.000401113 0.00155434 -0.0113745 -0.0151984 
-0.0420024 0.010783 -0.00215307 -0.0110335 -0.0124184 -0.00261399 0.0166849 0.00320664 -0.00297817 0.039508 0.00414295 0.00866112 -0.013953 -0.011873 0.0157556 0.0226579 -0.0405579 0.0259888 0.0144656 0.000714359 -0.00279155 -0.0151658 -0.00607274 0.00377625 0.0141914 0.0511712 0.00817288 -0.0191469 -0.0370868 0.0151288 -0.00492344 -0.00509813 -0.00733561 -0.0222159 0.0202817 0.0272224 -0.0571127 -0.00374072 -0.0056017 -0.0117792 0.0275676 -0.00316617 -0.000629413 0.00382848 0.00394556 0.00777882 -0.00904501 -0.0114293 0.0234835 -0.00594515 -0.0307491 -0.0131035 0.00296257 -0.0205976 -0.00812094 -0.0180897 -0.00827725 0.0330852 0.00479491 0.00599234 -0.0119292 -0.0234357 0.031117 -0.0131755 
-0.000577329 -0.00966062 -0.0196095 -0.0304048 -0.0032608 0.0108267 0.0179161 0.00235293 -0.0206934 0.0033497 0.0010726 0.00341488 -0.0072636 0.00449106 -0.00688054 -0.0188686 -0.0545613 -0.0339333 0.00140696 0.0254813 -0.00928837 -0.047035 -0.00793654 -0.0110331 0.0699508 0.052181 0.0139668 -0.0258782 -0.0222717 -0.0125295 -0.0426076 0.0147163 0.00861166 -0.00539377 -0.00456374 -0.0291401 -0.0391478 0.00667903 -0.00908007 -0.00973289 -0.0175902 0.0103649 -0.000145912 0.036013 -0.00750782 0.0228144 0.0213897 0.00661343 -0.0172073 -0.0112693 -0.00153537 -0.00648229 -0.010808 -0.014036 0.00620139 0.0273587 0.0335504 0.0136014 -0.0189992 0.0218366 0.00632117 0.00816227 -0.0385277 -0.0149396 
0.0360527 0.0137237 0.00717674 -0.0225733 -0.0213482 0.0305009 0.000954185 0.00355742 -0.0321057 0.0238165 0.0231443 -0.0200919 0.00591389 -0.0154164 -0.00811312 0.00191265 0.00715616 -0.0272939 0.0203649 0.0216155 0.0211678 -0.00882834 -0.0258248 0.00593325 -0.0133426 -0.0284211 -0.0291344 0.00491938 -0.0129543 -0.017034 -0.00105319 -0.00394822 -0.0459421 -0.0194819 0.013509 0.0415065 0.0365801 0.0383964 -0.0423346 -0.00509296 0.00902923 0.00391233 -0.0239917 -0.0274042 0.0196697 -0.00211113 -0.00260371 -0.00918136 -0.00431977 0.013521 0.0369621 0.0136696 0.00780314 -0.0306515 0.0150479 0.022108 -0.0127364 -0.00291649 0.0193604 -0.0272197 -0.0160216 0.036989 -0.00112251 -0.00345618 
0.00825109 0.000962515 0.00129811 0.0128858 0.0167468 0.00443276 -0.0208396 -0.0445357 0.00716166 0.00873322 0.0237659 -0.02676 0.0361235 0.0434853 0.00824536 0.0117492 0.00184239 -0.00458205 -0.0248363 0.0147425 -0.0113821 -0.0268253 -0.0207011 0.00660566 0.0141479 0.0167587 0.0233174 -0.00486374 -0.019147 -0.00914606 0.0140474 0.0391647 0.0192659 0.0243649 0.00160733 -0.0135948 -0.00971724 0.0349337 -0.0333324 -0.00103791 -0.00565433 -0.00891156 0.0119098 -0.00992796 -0.0125269 -0.0159344 -0.00308431 -0.013469 -0.00572664 0.0115319 0.0109021 0.0147454 -0.0319553 -0.00667164 0.00894797 -0.0184837 -0.0224352 0.0151363 -0.0580627 0.0102114 0.00420464 0.0072546 -0.0243097 0.00334786 
-0.0193042 -0.0026523 0.0195008 -0.00813773 -0.0216116 0.0142423 -0.013866 -0.0163339 -0.0275902 0.00161141 -0.00139172 -0.0161992 0.00569921 -0.0271817 -0.0118216 -0.000266642 0.0317118 -0.0119065 -0.00974356 0.000844386 -0.0122931 -0.00953712 0.00744561 -0.00441566 0.0344141 -0.00308588 0.0231435 -0.0164995 -0.00274927 0.00159713 -0.008039 -0.0300236 0.0119954 -0.00858778 -0.0357551 -0.00656043 -0.0300011 0.0148727 0.00599901 0.00102048 0.0298827 -0.0104572 0.00729544 -0.00010708 0.0261457 -0.0153941 -0.0153776 -0.0221323 -0.00159644 -0.0108806 0.0366168 -0.0140777 0.0114717 -0.0336336 -0.0143095 0.000716712 -0.0278535 0.0127347 -0.03065 -0.0112961 -0.0174653 -0.00623352 -0.00812475 0.0107108 
0.0321867 0.0541853 0.0139193 0.0499655 -0.00647594 -0.00158376 -0.0325695 0.0181224 0.010055 -0.0327769 0.00764253 0.0375356 0.00597891 -0.0106419 -0.0158489 -0.0324751 0.00837829 -0.00595983 0.0211092 0.0143834 0.0365757 -0.0145352 0.0208591 -0.0314197 -0.0116802 -0.00822227 -0.00990662 0.0191706 -0.0122107 0.0268746 0.00371547 0.0153977 -0.00166638 -0.02897 -0.000777726 0.0146226 0.0136251 0.0114701 0.0301379 0.013012 0.0112141 -0.0268293 0.000645254 -0.00646026 0.0295303 -0.0307518 0.00896809 -0.0136699 -0.0194609 -0.0184276 -0.0497514 0.00755494 0.00891393 0.0160067 -0.0137701 -0.0185609 -0.00268567 0.0381114 -0.0254721 -0.0170908 0.0149093 -0.0117046 0.00984015 0.0375889 
-0.0240843 0.0124072 -0.0341718 -0.0214225 -0.00865135 0.0127552 -0.0186741 0.000324119 0.0260176 0.000983721 0.00263712 0.0245321 -0.00634364 -0.0125514 0.0115198 0.0256729 -0.00285137 0.0215653 -0.017719 -0.0091899 0.00670506 -0.041888 0.00660848 -0.0130409 0.0127821 -0.0546831 0.0125484 0.0183358 0.0281399 0.00736294 0.00114425 -0.0304896 -0.016355 -0.00451626 0.00223441 -0.0213901 -0.0399692 -0.0247976 0.00209173 -0.00864475 0.0218748 -0.0343169 0.0252785 -0.0042626 0.00814317 -0.0317666 -4.24701e-05 0.00733399 -0.00602692 -0.0317422 -0.0346316 0.0258679 0.0388567 0.0117134 0.0213126 0.00923 0.00947493 -0.00714963 -0.0186328 -0.00773903 0.0180224 -0.0184736 0.0164003 -0.00509767 
0.00481533 -0.0170777 -0.0065298 0.00688526 -0.00191525 -0.0220714 0.00139251 0.0208346 -0.0297726 0.0224919 -0.0268165 -0.0069119 0.0399034 0.0295879 -0.0265679 0.0163509 0.012129 -0.00601367 0.00621689 0.0139747 -0.0215554 0.0280223 0.0306309 0.0250106 -0.0118001 -0.00537711 -0.0254147 -0.00114752 0.00527208 -0.00710333 0.0267201 0.00497855 -0.0188445 -0.0288577 0.0273466 -0.00883605 0.00185337 0.0160215 0.00771268 -0.00861689 -0.0246937 -0.0101046 0.0251589 -0.016972 0.00692062 0.0159749 -0.00157331 0.0136563 -0.0360878 -0.0225209 -0.0173907 -0.00881681 -0.0114454 0.00191645 0.0244119 -0.00460917 -0.0217701 0.0217528 0.00208153 -0.0291509 -0.00815954 0.017491 -0.0231562 -0.0324007 
0.0123714 -0.0020592 0.00320986 0.0193063 0.00285371 0.0363293 -0.00878512 0.00556216 -0.0386471 -0.00358552 0.00996957 0.0123069 -0.0138968 0.0141368 0.0389917 0.0337744 0.0388599 0.0122418 0.00238566 0.0191148 -0.0155105 0.0174058 -0.0366111 -0.00320967 0.00263463 -0.0154446 -0.00624997 -0.00757893 0.00347929 0.00610308 0.00856381 0.0171949 0.0599486 -0.0191117 0.0147181 0.0298219 -0.0429492 0.0291344 -0.0148109 0.000880837 -0.024584 0.000566772 0.0183399 -0.0356215 -0.00177467 -0.00966813 -0.0162518 -0.0241275 -0.00215914 0.00849371 0.00441264 0.00350816 0.0268922 0.046902 0.00161042 -0.0313672 -0.00994708 -0.0255007 0.00834505 -0.000337111 -0.0290632 -0.0306791 0.0108115 -0.037659 
0.0223802 -0.0044326 -0.0177284 -0.0238236 0.0315506 -0.0214868 -0.0211242 -0.0225399 -0.0450561 -0.00229583 0.0372518 0.00100934 -0.0324763 0.0423477 -0.0151362 -0.00374155 0.000487088 0.0186438 0.0411467 -0.0187931 -0.0035725 0.0119806 0.00153719 0.0134647 0.0204717 -0.0183352 -0.0119105 -0.0149395 0.0204783 -0.0219806 0.00474713 0.055166 -0.0135013 0.00724845 0.000641931 0.0159586 -0.026179 0.0139789 0.00265488 0.0398425 -0.00299995 0.00788447 0.0311821 0.0050496 -0.0463347 -0.000620327 -0.0250762 -0.0372345 -0.0104164 0.0052564 -0.00574117 0.00751414 -0.00882609 -0.00961007 0.0262504 -0.0165652 -0.0491496 0.00635192 -0.00781615 0.0279114 -0.0553492 -0.00696632 -0.0229036 0.0179312 
-0.00233394 -0.0128899 0.0607103 0.0157993 0.0101375 0.0404091 -0.0179423 0.021141 0.0053896 -0.00705125 0.00701457 0.000399079 -0.0163664 -0.0137061 0.0219969 -0.0302746 -0.0303008 -0.0183661 0.0296869 0.00360282 0.0102552 0.00352282 -0.00185843 0.0364681 -0.032201 0.0184302 0.0325608 -0.000860048 -0.0151951 -0.0192045 -0.0149626 0.0323744 -0.00238151 0.0204038 0.00101076 -0.00294831 0.00639187 -0.0216979 -0.00273925 -0.0266498 -0.0294315 -0.0317523 0.0138553 -0.0286858 -0.00813024 0.0609 -0.0163587 -0.0105211 0.0115344 0.0255838 0.0198702 -0.00178127 -0.016724 -0.0196346 0.0219461 0.00831329 0.0123464 -0.00564942 -0.0304197 -0.0106161 0.0243122 0.0107623 0.0290871 -0.00603198 
0.000677362 0.0168259 -0.0233094 0.00468016 0.0313317 0.026144 0.032963 0.00621354 -0.00416425 -0.031759 0.0176112 0.0209078 0.0189906 -0.00517353 0.0205594 0.00419643 0.0217935 0.00706312 -0.00286711 0.0123326 0.0238394 -0.0379478 -0.0166678 0.00974523 -0.00288572 0.0094762 -0.0123854 -0.0118927 0.0137053 -0.0521156 -0.0118201 -0.0217103 0.033592 -0.002188 0.0124513 -0.0227331 0.00490681 0.0184504 -0.00269305 0.0122308 -0.00954882 0.0416016 -0.0134361 -0.0112102 -0.0122147 -0.0120291 -0.0382452 0.0398205 -0.00758276 -0.0138307 0.0159825 0.0219651 -0.00532597 -0.00384137 -0.000274355 0.012393 0.000121851 0.0038765 -0.0147749 -0.0225039 -0.0177726 -0.0185767 0.037416 -0.00304169 
-0.0030031 -0.0400445 -0.00500946 -0.00074799 0.0319863 0.00132385 -0.0130675 -0.00461648 -0.0195988 -0.00800258 -0.009274 0.0113939 -0.00723672 -0.0103655 -0.00632465 -0.00776841 -0.0366254 -0.00227466 -0.0261516 0.0231648 -0.00254794 -0.00309213 -0.00956823 0.0132056 -0.00638283 0.00768679 -0.0211196 0.0418582 0.0282237 0.025636 -0.0374972 -0.00578546 0.0333379 -0.0219259 0.0316422 -0.010394 -0.0105712 0.000341166 0.0181406 0.00400022 0.0194842 -0.000388678 0.0411171 -0.00928755 0.00510316 0.0433776 0.00416885 0.0158713 0.0185687 0.0369805 0.00517926 0.0221414 0.0264955 -0.0116664 -0.01792 0.0371382 -0.00725052 0.0180794 -0.00760076 -0.0264036 -0.0524939 0.0106322 -0.0120907 -0.0409196 
0.00890039 0.0121402 0.0103531 -0.0216157 -0.0393201 0.0260966 0.0140275 -0.016551 0.00418428 0.012777 -0.0200029 -0.00972103 -0.0200154 0.0171507 -0.0127554 0.0195198 -0.0203225 0.0152357 -0.0189986 0.0287424 -0.00579518 0.0261344 0.00533929 0.00822035 -0.0148046 0.0167465 -0.0196936 0.00451833 -0.0207427 0.0136434 0.0236724 0.00885003 0.00702585 -0.011259 -0.0250008 -0.0160292 -0.0164317 -0.000721617 -0.00377454 -0.0329128 0.00182588 0.018625 -0.0151308 -0.0234518 -0.00177836 -0.00902089 0.00587236 0.00228965 0.00872164 -0.0313384 -0.00524406 0.00254549 -0.0040046 0.00248619 -0.00538682 0.00310492 -0.00811546 0.00214655 -0.00670603 -0.00254704 -0.0183387 0.0307042 -0.0203842 -0.00528877 
-0.00633228 0.0186502 0.0112107 0.0340707 0.0128056 0.00901173 0.0226601 -0.0116909 0.0156094 0.0559651 0.0203953 0.00806331 -0.0120972 -0.00807253 -0.0158685 -0.00429465 -0.0301372 0.0139903 -0.00179901 -0.00856444 -0.00729907 0.0315786 -0.0111967 0.0362955 0.048492 -0.0262503 0.0290958 -0.0121816 -0.0211116 -0.0154276 0.0179454 -0.0153735 0.0249499 0.0152928 0.00802122 0.0321514 0.0304372 0.000552279 -0.0109748 0.00516641 0.0276354 0.0183418 -0.0149355 0.00245081 -0.0081643 0.0352439 0.0434736 0.0293885 0.012994 -0.0106996 0.0078861 0.0112786 0.0316267 0.0123009 -0.01162 0.0195823 0.0108102 -0.00324333 0.00351004 -0.0391363 0.00953339 0.0150371 0.0118213 -0.0268432 
0.0608148 0.0154791 -0.00031651 -0.00103141 0.0179474 -0.0196721 0.0203442 -0.00707638 0.0179424 -0.00874226 -0.0287553 -0.023143 -0.0353879 0.00623506 -0.0092861 -0.0236778 -0.010623 0.00266353 0.00475109 0.0132229 0.0123688 -0.0114599 -0.0102556 0.0258537 -0.00284515 -0.00146807 0.0247537 0.0246314 0.0111926 0.00624172 0.0121315 -0.0258592 0.0133065 0.0280438 0.0320975 -0.0160075 -0.000144432 0.0218999 0.00122363 0.0483555 0.0260406 -0.0144696 -0.0217345 -0.0209552 0.0137882 -0.00974798 0.00951101 0.0247451 0.0156098 0.0158984 -0.0286282 -0.000723016 0.0403267 -0.0159193 -0.0043732 0.00178916 -0.003527 0.0429688 -0.00428095 0.00135847 -0.034349 0.017751 -0.00736096 -0.00261716 
0.0368326 -0.0141238 0.0105557 0.0304274 0.011952 0.00652235 0.0234315 -0.00475718 0.0204248 -0.0226452 0.0191489 -0.0125008 -0.0157109 0.0248214 0.0134114 0.0259573 0.0343865 -0.000422052 0.00588779 -0.00641653 -0.0183247 0.0304586 0.0142129 0.000506875 -0.0211756 0.0189048 -0.0312084 0.000985241 -0.0117802 -0.0222705 0.0411733 0.00616177 -0.035309 0.000140186 0.0299018 -0.00912123 0.010451 0.00548258 0.0077948 -0.0334633 -0.0118062 0.00707257 -0.00592473 -0.00407303 0.010822 -0.0304613 0.0175686 -0.0408824 -0.0337361 0.0401359 0.00293122 -0.00909633 -0.0199324 -0.0366926 0.0213822 -0.0130292 -0.0316485 0.0320681 -0.0325813 0.0115836 -0.0276381 -0.00131896 -0.0104255 0.00913543 
-0.0234696 -0.00956326 -0.0191754 -0.00381502 0.0112694 0.037593 0.0323506 0.00316596 -0.00458501 -0.00499186 -0.0190961 -0.0163465 -0.00364223 -0.00174395 0.00327281 0.0266931 -0.00027852 4.32625e-05 -0.0165827 0.00374173 0.0342955 0.00279911 -0.00288054 0.0397312 0.0231684 0.0202744 0.0217403 0.0154229 -0.00449669 0.0196897 -0.0300599 -0.0132271 -0.0148766 -0.00921768 -0.0255591 0.0110847 0.0374119 -0.00646677 0.0100059 0.00342064 0.00781388 0.00436403 0.0403058 0.0440288 -0.0298497 0.00703185 0.00473619 -0.0218616 -0.00206556 0.000334984 0.0103918 0.00505676 -0.0215318 0.0198554 0.00281098 -0.0146449 -0.00673784 -0.0100607 0.0185972 0.00922429 -0.0224652 -0.018885 0.00871274 0.00924282 
0.00343591 -0.0313071 -0.0179478 0.00526806 -0.0285507 -0.00357858 -0.0256073 -0.0183162 0.056064 0.00334808 -0.0154221 0.000458559 -0.00148816 0.0244057 -0.025941 -0.0322256 0.00782261 0.00324644 0.0332786 0.000508432 0.0416463 -0.00471342 0.0156576 -0.00675554 -0.0221128 -0.00317362 -0.00847458 -0.0226844 -0.00320265 0.0415119 0.0178523 0.0308097 0.0456489 -0.00658373 0.0322387 0.0260267 -0.0130133 0.0137236 0.0147445 -0.0155999 -0.0232893 0.0050917 0.0167151 -0.0141091 0.00369377 -0.00823874 -0.01587 -0.0293318 0.00818357 -0.019215 -0.0256876 0.0201232 -0.000359884 0.00674453 -0.0249364 0.0255562 -0.0277166 0.0223068 0.0123351 -0.00600632 0.00720645 -0.0239231 -0.0203373 0.0213877 
0.0124733 0.00569801 0.000520616 0.00931939 -0.0185322 -0.0191391 -0.0136086 0.0180318 0.0143201 0.0116316 -0.00842384 0.0238211 0.00277254 -0.00571312 -0.00174318 -0.0266938 0.0194878 0.024774 0.000304078 -0.010768 0.00167639 0.00434822 -0.00556731 -0.00859746 0.0203199 -0.0265258 0.0122172 -0.0215111 -0.0174387 0.0127431 -0.00277254 -0.0140387 -0.0181044 -0.0158632 0.00684503 0.0182467 -0.0131308 0.0143631 0.0471953 0.00133915 -0.0228361 0.0193464 -0.0345829 0.00894734 -0.00714722 0.0149088 0.0138576 -0.0238529 -0.0186935 0.0527109 0.00302057 0.0112546 -0.00452763 0.0114711 0.0478533 -0.0190702 0.0224647 -0.0157012 -0.0181867 -0.0135254 0.00305835 -0.00628791 -0.00259814 -0.00433019 
0.0168856 -0.0348122 0.00422978 0.0196687 -0.00797205 -0.030078 -0.0236542 -0.0143678 0.0108275 -0.00218635 -0.0230003 0.0064497 -0.0154503 -0.0013105 -0.020956 -0.00920154 0.00593583 0.0178831 0.0120687 -0.0328738 -0.00930278 -0.0156972 0.0227987 -0.00534027 0.00291679 -0.00553019 -0.0294341 0.00156247 0.0360725 -0.00492423 -0.0531047 0.00370125 0.0351101 0.0219815 0.00941465 -0.0238666 0.00478846 0.0388277 0.0220782 0.0135252 -0.0171728 -0.0100433 0.010167 0.0105413 0.00877836 0.00237509 0.034612 0.0163043 0.0114978 -0.0239158 0.0125745 -0.00598281 0.0288982 -0.0286399 -0.0159772 -3.24782e-05 -0.0176975 -0.0128644 0.0218063 0.000141133 0.0181531 0.00439755 -0.00863948 0.00952873 
-0.010311 0.00276721 0.000471849 0.00664094 -0.0319837 -0.00312323 0.0308615 0.0388772 0.00717552 -0.0318708 -0.000776715 0.0237899 0.0280479 -0.0174939 0.0023499 -0.00203568 -0.00893631 -0.000612903 -0.0196396 0.000302376 0.0368088 -0.00832342 -0.00987563 -0.0168191 -0.0283663 -0.00404062 0.0317132 0.0109385 0.0103096 -0.00652988 0.0295726 0.00538638 -0.00680647 0.018565 -0.0236118 0.0162451 0.0169576 0.00807677 -0.0282366 0.05062 0.041988 -0.00933052 0.00839875 -0.0230523 -0.0259912 0.0150266 -0.00243524 -0.00128539 0.00989833 -0.0192122 0.0294548 -0.013742 0.0421531 -0.0178036 0.0244001 -0.0112962 0.00752312 -0.000577598 -0.00585334 0.0230482 0.0306591 -0.029401 -0.0131693 -0.022358 
-0.0470208 0.0103001 -0.0102391 -0.038691 -0.0278722 0.00169594 0.0168731 -0.00303411 0.0403916 0.00486823 0.0206079 0.00625163 0.00108288 0.0244366 -0.0066428 0.024629 -0.013051 -0.0324491 0.0190586 0.0270966 0.0186111 0.0321317 -0.0188468 0.0169636 -0.00552067 -0.0144758 0.00835595 0.00455405 0.0128234 -0.00319516 0.0201419 -0.0344494 0.0169346 -0.00592817 0.0225255 -0.0246878 0.00118648 -0.00964316 -0.0124418 0.00591184 0.0047153 -0.0117795 0.0428792 -0.0183237 -0.0224542 -0.0246041 -0.0122018 0.00945193 0.00411561 0.039245 0.024485 -0.00302455 0.0053596 0.0348666 0.00986849 -0.0466278 -0.0275605 0.00308086 -0.0454632 -0.00367981 -0.0122896 -0.0282006 -0.0146124 -0.0391867 
0.0176958 0.0217496 -0.00784823 0.0611151 -0.011198 0.0207222 -0.0259164 -0.0349046 -0.006587 -0.0365912 -0.0220801 -0.00969079 -0.0509608 0.0246377 -0.0343799 -0.0111666 -0.0148846 0.0184518 0.0110443 -0.0109915 -0.00666815 0.0179381 0.0136374 -0.0124945 -0.018703 -0.00236249 -0.000773686 0.0186004 0.0108236 -0.0264806 0.00420503 0.0186987 0.00557746 0.0156219 -0.0220886 -0.0070046 0.0309446 0.00212749 0.0051134 -0.0173368 0.0204112 -0.0410293 -0.000430717 0.00586346 0.00414111 0.0268103 -0.0204759 -0.0065194 0.003302 -0.0023794 -0.0220641 0.0037991 -0.028527 -0.0160476 0.0236131 -0.0258146 -0.00958593 -0.0478765 0.000435133 -0.0111617 -0.0164794 0.0148582 -0.0248077 0.0011332 
0.0145858 0.0315633 0.0313663 -0.00235889 -0.0179403 0.0265951 -0.00499762 -0.0116248 0.0121923 0.0113973 -0.0242713 0.00754824 0.00847522 -0.00378695 0.00707453 -0.0168683 -0.00399622 0.0224901 0.0141291 -0.0215791 -0.00794868 0.0338997 -0.00183759 0.00387369 0.0234892 -0.0197004 -0.00438308 -0.0103875 0.0285822 0.00168174 -0.00970843 -0.00881294 0.0225041 -0.0340363 -0.00249139 -0.00287236 0.00153355 0.015504 0.0150864 -0.039864 0.0238692 0.0104398 0.0161052 0.0346485 -0.0335177 0.00890914 0.0107204 0.0259606 0.0291808 -0.0190882 0.00576486 0.00600063 -0.00730483 0.0126105 0.00898245 0.0116229 0.00777995 0.000252754 -0.0258112 0.0294884 -0.00160373 0.00107358 0.0112237 0.00289964 
-0.00665884 0.0373632 0.0102458 0.00362368 0.00512694 0.0304977 -0.00205859 -0.000402346 0.00805086 0.0022997 -0.0124585 -0.00124171 -0.0404723 -0.0103373 -0.0249552 -0.00979792 -0.00582638 -0.000913068 0.0183001 0.00925874 -0.00765729 0.00833784 -0.0191068 -0.00920841 0.0152383 0.0198106 0.000927632 -0.0103915 0.00273155 0.0234105 -0.00420311 0.0526123 -0.0211844 0.00881666 0.00523935 0.0770368 0.00647048 -0.0129614 -0.0122696 -0.0183713 0.00286486 0.0191409 0.00472892 -0.0217382 0.0343519 -0.00569795 -0.0386234 -0.0108101 0.0198871 0.00956477 0.00685575 -0.0150934 -0.0516006 0.00178368 0.0258775 -0.00964818 0.031099 0.000836232 0.00997389 -0.0153551 0.0147502 -0.0188794 -0.0183089 0.0214869 
0.0297012 -0.0126558 0.00383643 0.0196598 -0.00295903 0.00533111 -0.0123362 0.0196241 0.0216057 -0.00197918 -0.0120468 -0.00695068 -0.0224321 -0.0365292 -0.00556472 -0.0468919 0.0176574 -0.0301954 -0.0211512 0.0130028 0.00249726 -0.0148406 -0.00545306 0.00827735 0.00608227 -0.0179669 0.0211342 0.0422157 0.0121886 0.0244749 -0.012142 0.00882084 0.0256772 -0.00420515 -0.0164991 -0.00571571 -0.0267223 0.0104942 0.0239084 0.0185329 0.0136095 -0.0108351 0.0158145 0.00856404 0.0357204 0.00591268 -0.00163233 -0.0177672 -0.0137837 0.0392519 0.021678 0.0312453 0.0346117 0.00741694 0.00587487 -0.000690565 -0.044444 -0.012161 -0.0197582 -0.0160298 0.0104077 0.0421382 0.0256553 0.021975 
0.0360917 0.0354834 0.0121466 -0.0164802 -0.0205892 -0.0112729 -0.00165174 0.000460996 -0.00170727 -0.00770537 0.0151457 0.0472482 -0.0198622 -0.00427731 0.0181139 -0.00318754 0.0101607 0.0196892 0.0126171 0.000649153 0.0111713 -0.00324354 -0.000960381 -0.00754265 0.0163857 0.0254119 -0.00109298 -0.0168537 0.00644704 -0.0512766 0.0358812 0.0145048 0.00754359 -0.00438674 -0.00601149 0.0260046 -0.00677071 -0.0102396 -0.0164917 0.0368357 -0.0261266 0.000691737 -0.0069063 -0.020235 -0.0287736 0.0216129 0.00119289 0.00896416 -0.0235913 -0.00619006 -0.00110799 0.0304627 -0.015642 -0.00314253 -0.0030402 0.00174384 0.0210231 -0.00049264 -0.00953402 -0.0262548 0.0228824 0.0157049 -0.00591953 0.0147882 
-0.0206729 0.0158225 -0.00028145 -0.000628299 -0.0208468 0.024882 0.00450488 -0.0120816 -0.00682144 -0.0402517 -0.0068792 -0.0327529 0.00484566 -0.000964089 -0.0137251 -0.0130662 0.00656563 0.0259243 0.0246897 0.0144598 0.0185777 0.00417084 0.0124247 -0.0257028 -0.0139189 -0.0111321 0.0397718 -0.0128006 -0.00526944 0.00339413 -0.0180365 -0.00970498 0.0217903 0.0208316 -0.048787 0.00203871 -0.0150509 0.0178757 0.0266571 0.00376483 -0.030877 0.0418191 -0.0138305 0.00628303 0.0220356 0.0265458 0.0297396 -0.00260829 -0.0151314 0.0264664 -0.00911112 0.0205107 -0.026164 0.0431799 -0.0160957 0.000336661 0.00798181 -0.012504 0.0108169 -0.00629804 -0.0385701 -0.0310632 -0.0164243 -0.00532545 
-0.0371226 0.000334224 -0.00163712 0.00249716 0.0159968 -0.00801626 -0.0256848 0.0198671 0.0047076 0.0125079 0.0104147 -0.0239511 -0.00344528 0.00175714 0.0137471 0.0214876 0.0226995 -0.00170442 0.0398095 0.0549416 -0.0118835 0.0141644 -0.00692297 -0.0304494 -0.00442938 -0.0243021 -0.00750166 -0.0252057 -0.00233936 -0.0210716 0.000197162 -0.025238 0.0201016 0.0244277 0.00734844 0.000266961 -0.017211 0.0299885 0.0057337 -0.0244487 -0.0290906 -0.021666 0.00946121 0.00158657 -0.00668203 0.0107798 0.0112814 -0.0163664 -0.0249642 -0.00169231 -0.0226284 0.0121746 -0.0115694 -0.0150413 0.000228437 -0.00585996 -0.00956721 0.0132614 0.0163068 0.0330032 -0.0271355 0.01008 0.0115338 -0.0282936 
-0.00725201 0.000589505 -0.00201882 0.00663857 0.008385 -0.0103346 0.000223431 0.0017976 0.0431581 -0.0080831 -0.00532866 -0.00227251 0.00217401 -0.00259298 0.0160573 -0.0180362 0.00980082 -0.0149398 0.0159416 0.0152074 0.00888231 -0.0576131 0.00879842 0.0246195 0.0245674 -0.00132165 0.00685856 -0.00870467 0.0420381 0.013573 0.0154976 -0.00378343 -0.0125288 -0.025807 -0.00586791 0.01542 -0.0248226 0.00446796 0.00288371 0.00633259 0.0259627 -0.0154314 -0.00966076 -0.0446446 -0.0420193 -0.00902365 0.00116138 -0.00685313 0.0487299 -0.00321026 0.00105297 -0.00198297 0.0449203 0.00854838 -0.0280626 0.0251124 0.00831111 -0.00840664 0.00740005 -0.00583908 0.00697465 -0.00308242 0.0568871 -0.00760487 
-0.0270062 -0.00350714 0.00755695 -0.0173281 -0.0278636 -0.0271722 -0.0254143 0.00589641 -0.0198269 -0.0560749 -0.00394871 -0.00349297 -0.0164483 -0.00715786 -0.0226543 0.0347762 0.0105852 -0.0111329 -0.0352389 -0.0246863 -0.0165094 0.0112439 0.0220192 -0.0407692 0.00714107 0.00105482 -0.00497788 0.000948274 -0.0418366 -0.0164939 -0.00885937 -0.0136654 0.0171491 0.018705 -0.0126953 0.00881619 -0.0403755 0.0171832 -0.0057859 0.0212452 0.0259648 -0.000678728 0.0160336 5.58821e-05 0.00424229 0.0124173 -0.00887185 -0.0200826 -0.00228984 -0.011826 0.0112933 0.0233257 0.0188192 0.0191574 -0.00399069 -0.00418828 -0.0110467 -0.00818618 -0.00709108 -0.00527358 -0.0194903 -0.034888 0.0102254 -0.0299079 
-0.0016464 -0.00816924 -0.018178 -0.012263 -0.0109116 -0.0158743 0.037192 0.0233075 0.00792855 0.00498609 -0.0440676 0.00121763 -0.0139261 0.00648539 0.0179124 -0.00730663 -0.0325855 0.00022681 0.00174167 0.00686802 -0.00109846 0.0353216 -0.000874558 -0.000217549 -0.0331783 0.000707198 -0.0387705 -0.0406632 0.0209102 -0.00698451 -0.00573552 0.0218442 0.00227866 -0.0400685 -0.0110379 -0.0100134 0.00479625 -0.048591 0.00355424 0.0202416 0.00238516 -0.00593861 0.0121055 -0.0251184 0.00161459 -0.0285637 0.0330887 -0.00894212 -0.00945422 0.0376276 -0.00283284 0.0103969 0.0170716 0.0577202 0.0160837 -0.0119233 0.00806693 -0.0341617 -0.0131619 -0.0308027 -0.00686597 0.00769544 0.0331431 -0.00602237 
0.0248566 -0.00587607 0.00330084 0.0026563 0.0124971 0.00814419 -0.0261095 0.00958754 0.0224232 0.0144622 -0.0178089 0.0302115 -0.0136395 0.00551843 -0.00716679 0.0134323 -0.0247324 0.00662106 -0.0171575 0.00681739 -0.015212 -0.0233494 0.0090675 0.0158421 -0.00480711 0.0186496 -0.013623 -0.00828391 -0.0285407 -0.0187404 -0.0200781 0.0340527 0.0429005 -0.00542599 -0.0354693 -0.0165178 -0.00324816 0.0193407 0.0206701 0.00578769 0.0235837 -0.0144965 0.0240479 -0.022314 0.0176038 0.010803 -0.00802508 -0.016978 0.017747 -0.00907623 0.00545167 0.00977169 0.00177224 -0.0209909 -0.0232993 -0.0153133 0.0444064 0.0170977 -0.0291483 -0.00933472 -0.00133911 0.00576119 0.00664313 0.0216608 
-0.0208962 -0.0160441 -0.0309356 0.00923736 -0.000399725 -0.00646183 -0.0033498 0.0204328 -0.0507909 0.00603289 0.00862954 -0.0239097 0.00379171 -0.0322909 -0.0436267 0.000978221 0.019479 0.00742575 -0.0358348 0.000751649 0.00660719 0.00116212 0.0169057 0.0151461 -0.0228108 -0.0193764 -0.0173111 -0.00196885 -0.000651477 -0.00582233 -0.0135766 -0.012496 -0.0452496 -0.0197563 -0.0120529 0.00771069 -0.0196989 -0.0381254 0.0157011 0.0199016 -0.0166215 -0.0022707 -0.022597 -0.0089699 -0.0397258 0.0111813 0.0048687 0.0431433 -0.00970297 -0.0094165 -0.0267903 -0.00610733 -0.00884066 -0.0158627 -0.0324875 -0.00145122 -0.0147601 -0.0155389 -0.0131478 0.0228545 0.0104498 0.00217788 0.00058884 0.0199494 
-0.00577108 -0.0347415 0.0308059 0.02609 0.000811493 0.00332244 -0.00559667 -0.0121093 0.0143118 -0.00544497 0.0115707 -0.00796563 -0.00430059 0.014002 -0.00608889 0.0111359 0.00734548 0.0409695 -0.0126232 -0.0213838 -0.0159814 0.0546496 -1.07909e-05 -0.00797818 -0.0118251 -0.00041317 -0.0240378 -0.000141847 0.0216357 -0.00630674 0.0247931 0.0350763 -0.0226132 -0.0133272 -0.00992756 0.0241472 -0.0293209 0.0167919 -0.000627769 0.0185994 0.0223874 -0.00411868 -0.00565593 -0.0341327 -0.0282667 0.00206151 -0.0065853 -0.0449516 -0.0234942 -0.0271654 0.0161609 0.0146422 0.0288292 0.00435567 0.0143715 0.00799112 0.0631257 0.017479 0.0274256 -0.0131452 -0.0106926 0.00574395 0.0213641 0.0174609 
-0.00522056 0.0146473 -0.0246803 0.00959372 -0.0035674 -0.0209568 0.0510442 -0.00205529 0.0339561 0.012758 0.0106173 0.00249358 -0.00639428 -0.00756481 0.0241848 -0.0498996 -0.0234191 -0.0184087 -0.0378416 -0.0394592 0.0527359 -0.0073926 -0.0333839 0.0106435 -0.04302 0.000123417 0.0100206 -0.0129629 0.0537967 0.0127137 0.0129377 -0.00962664 0.0203404 -0.0149262 -0.0156165 -0.0361751 -0.00659776 -8.83125e-05 -0.00416298 0.0185879 0.0103632 0.0259986 0.0274872 0.0180598 0.00195747 -0.00382225 0.0019951 0.0221664 -0.0198937 0.0128104 -0.0224235 0.00726378 0.004828 0.00489486 0.0556238 0.0281526 0.0322971 0.00239955 0.00544316 0.0156489 -0.0245717 -0.0140697 0.0272202 0.0264122 
0.00400904 0.0192884 0.00895751 0.0381291 0.00848967 0.0520343 -0.0108167 -0.0138705 -0.0213549 -0.0256677 -0.0071697 -0.00842992 -0.0117314 -0.00285058 -0.00525118 0.00645254 0.00574135 -0.00678363 0.00853718 0.0128168 -0.00235556 -0.0204459 0.0313755 -0.0324398 -0.0200381 -0.00413977 -0.0261102 0.00399461 -0.0107224 0.0121737 -0.00714225 -0.0264014 0.0061501 -0.00471176 -0.0083115 -0.0114189 0.038641 -0.0100889 0.0124862 0.0177868 0.0284815 0.00902306 -0.0182461 0.0154213 -0.0161011 0.0486564 0.00830645 0.0102189 -0.00843784 0.0102612 -0.0315156 -0.0113858 -0.0162005 -0.0487866 -0.000164788 0.000927833 0.0190241 -0.00079165 0.0248329 -0.0313532 0.0116211 0.0184088 -0.00185478 -0.00651407 
0.00467122 -0.0223945 0.012186 0.00317001 0.0066833 -0.0129876 -0.0108451 0.00226723 0.00644538 -0.022902 0.00892348 0.0201665 -0.014523 0.0138107 -0.0119663 0.00859743 -0.00882853 0.00534442 0.016264 -3.71872e-05 0.0380873 -0.0165341 0.010556 -0.00625153 -0.0144775 0.00105317 -0.0146372 -0.0378313 0.00343045 0.00141034 0.0141888 0.0328788 0.0355955 0.0134769 0.025218 0.0124072 0.0385618 0.0379124 0.00090321 0.00431987 -0.0142352 -0.00207708 -0.0257452 -0.0814971 -0.0513325 -0.0144988 -0.0506679 0.0209889 -0.00747086 0.0106733 -0.0152291 0.0308236 -0.0114698 0.0191963 0.0066931 -0.00766417 -0.0179252 0.0106783 0.00718145 -0.0171311 -0.0625659 -0.0228371 0.00877436 -0.00216786 
0.0185631 0.000952904 -0.0240551 -0.046378 0.0111327 -0.0151457 0.0223442 0.00666256 -0.021354 0.0305831 0.00233777 -0.0292388 -0.00978846 -0.0157747 0.0108112 -0.0142952 -0.0273313 0.00423827 -0.013949 0.0291968 -0.0307782 -0.0011893 0.0130002 0.00192936 0.0356511 0.0174133 -0.00206236 -0.00150111 0.0115112 -0.0438557 -0.0354202 0.0376996 0.0118036 0.00188172 0.0208727 -0.0164706 0.0163181 0.0207271 0.010512 0.00593432 -0.00299461 0.0121962 0.00637231 0.0219847 -0.0239975 0.0307342 -0.0053057 -0.0146684 0.00585778 0.0159993 -0.0410959 0.0148787 -0.0154783 -0.0082283 -0.02584 -0.0160363 -0.0193664 0.00572569 0.0112374 0.00498511 -0.00307261 0.0384253 -0.0193724 0.0269108 
-0.0151681 0.0182497 -0.00247644 -0.02747 -0.0138238 0.0158776 0.00758443 -0.0160918 -0.00596541 0.0393368 -0.0161333 -0.0520373 0.00586233 -0.0129071 0.00587788 -0.0278425 0.0184619 0.0181219 -0.00997815 -0.0365719 0.0388724 0.0179761 -0.000997781 -0.029074 0.0243126 0.00557038 -0.0171595 0.00378912 0.0139408 0.0086533 0.0257737 -0.00146598 -0.0182367 0.00866795 0.0139985 -0.0145806 -0.0132397 -0.0270364 -0.0209027 -0.0174321 0.0178794 -0.0210738 0.014165 -0.0111837 -0.00498488 -0.012192 -0.00371845 -0.00670808 -0.0163495 0.0104977 -0.0138553 -0.0196197 0.0370917 -0.00956615 0.038278 -0.0212965 0.0131828 -0.0122221 -0.020539 -0.00313829 0.0155799 -0.0187693 -0.0310964 0.0237372 
-0.0283628 -0.00628891 0.030614 -0.0140922 -0.00771822 -0.00297257 -0.00344203 0.0142882 -0.034394 0.00353529 -0.0257391 -0.0132724 0.00688497 -0.0120471 0.000513778 -0.0164316 0.00664738 0.00121166 -0.00513868 -0.0255655 -0.00010619 -0.0184619 0.0113244 -0.0290729 0.035893 0.0109831 -0.00148283 -0.0266067 0.0372509 -0.0278628 0.00253622 -0.0107765 0.00557361 -0.01676 -0.00532609 0.0124499 -0.00353301 -0.0127904 -0.013558 -0.00241244 0.00188724 -0.0191556 0.0138024 -0.0111324 -0.0110266 -0.00727367 0.0150217 0.0121171 0.0269142 -0.000269339 0.0316062 -0.00317153 -0.00682698 0.038617 0.0392962 -0.0130643 -0.00441768 0.048176 0.0317896 -0.00367208 -0.0486824 0.00215221 0.0302441 -0.0258565 
-0.0107704 -0.0146989 0.0150863 -0.0385204 -0.0648646 0.0227146 -0.013962 -0.00250599 -0.00763025 0.00793549 -0.0287316 0.00699739 -0.0120532 -0.0190819 -0.0123805 -0.00388528 -0.00638371 0.00219854 0.0296736 -0.0200435 0.00206622 0.00224359 -0.044987 5.61807e-05 -0.0157754 -0.00796411 0.0139249 0.0181525 -0.00840438 -0.0208628 -0.00808586 0.010034 -0.0260781 0.00671232 -0.010331 -0.0271089 0.0153216 -0.00335217 0.0295499 -0.0313715 -0.00169218 -0.0162036 -0.0437892 0.0028646 0.0263715 -0.0114777 0.010954 0.0157881 -0.0411044 0.0621912 0.0192478 -0.0150041 -0.020504 -0.00866561 -0.020935 -0.00120187 0.0426259 -0.0121693 0.00100686 -0.0195214 -0.0052406 0.00236621 -0.00120083 0.00692418 
0.0206268 -0.0323832 -0.0280799 -0.0234562 -0.0299428 -0.000257115 -0.0093324 -0.0120506 0.00274946 0.0160449 0.0229789 -0.0175254 -0.00538242 -0.0155313 -0.031243 -0.00570985 0.000488508 0.00405893 -0.00593858 0.00866643 -0.00781083 -0.0116094 0.00838738 -0.00931584 -0.0188474 -0.0010045 0.0128873 -0.0072589 -0.0290562 0.015198 0.000352597 -0.0110128 -0.0374211 0.00824429 0.0140433 -0.000625835 -0.0446007 0.00895706 0.00902382 -0.0162779 0.0149799 -0.0116115 -0.00454785 0.0300155 0.00203791 0.0114148 0.021421 -0.0123176 -0.014841 -0.00563414 -0.0402874 0.0380921 0.0164312 0.00483855 0.0292779 -0.0104464 0.0260966 0.0080907 -0.0172307 -0.0068759 -0.000648528 -0.015276 0.00147941 0.0139526 
-0.00370509 -0.0190762 -0.0332264 -0.0101333 0.0310239 0.00317815 0.0171094 0.00617947 0.00295795 -0.0146323 -0.0250647 0.00562433 0.00434011 -0.00992539 0.00437781 -0.0451725 -0.00235983 -0.0345791 0.0206627 0.0381483 -0.00141996 -0.00775083 -0.0183573 -0.0314698 -0.0111388 -5.41298e-05 0.0194473 -0.000594303 -0.00453261 -0.0126236 -0.0264723 -0.0128682 0.0263488 0.0207269 -0.0116841 0.0043243 -0.00156031 -0.0153005 0.00541914 0.0253051 -0.0175824 -0.0392119 -0.00558995 -0.0174652 -0.00757566 0.00675763 -0.00749386 -0.0053306 0.00747137 -0.00592813 0.031434 0.00747723 0.00844382 -0.0114818 -0.0280511 -0.021403 0.012499 0.0396469 0.0227203 0.00396329 -0.0244974 0.0133154 0.0239659 -0.000701211 
-0.00937035 -0.0417021 0.0211293 0.012584 -0.0273501 0.00647669 -0.0118021 0.00801644 -0.00915729 -0.0246923 0.00482893 0.0129752 0.0160748 -0.00692038 -0.00476397 0.0166079 -0.0391423 0.0183856 -0.0390765 0.00933162 0.00812795 0.0148236 0.0147875 0.000280533 -0.000213018 -0.00192291 0.0110079 -0.037951 0.00190766 0.00530315 0.0315492 0.0169987 0.0163871 -0.00813226 0.00157538 0.00749433 0.0134734 0.0197816 -0.0127415 0.00288999 -0.00351039 -0.00560593 0.00203174 0.0166514 -0.00890452 -0.0224872 0.0084148 0.0305689 0.0129707 0.0344477 -0.0478192 -0.0167671 0.00305426 0.0248859 -0.00622203 0.0146407 -0.0142251 0.0233459 -0.00237452 -0.0115142 -0.00257738 0.017337 0.0135425 0.0175684 
-0.0190613 -0.0277255 0.00189641 0.0232995 0.00541865 0.0136918 -0.0361337 -0.0166167 -0.00927163 -0.00901821 -0.017583 -0.0108215 -0.00604984 -0.0017473 0.0131116 0.00641606 0.00660308 0.022027 -0.0115818 0.0109673 0.00347585 -0.000186664 -0.0110284 -0.00533604 -0.0160068 0.0240762 -0.00469732 0.0301335 0.0163932 0.0264734 0.0107372 -0.0159021 0.000115995 -0.00179468 0.0104174 -0.00449352 -0.0031562 0.0380295 -0.000461982 0.00399245 -0.00193483 0.00779561 -0.0167687 -0.013832 0.0316359 0.0199691 -0.00324979 0.00956581 0.0139828 0.00878795 0.00253076 0.0158433 -0.00168007 -0.0195324 0.0258189 -0.00547483 -0.00784169 0.0298495 0.00194799 0.00989064 -0.010323 -0.0134162 0.00663146 -0.022732 
0.0141929 -0.00658965 0.00154541 -0.0183452 -0.0100279 0.00205194 -0.0215202 0.00421356 -0.0342349 -0.00455151 0.0211024 -0.00320434 -0.0395246 0.0167533 -0.0260405 0.000169964 -0.00149499 -0.0171206 -0.00173792 -0.0585479 -0.0290475 0.00496371 -0.0251332 -0.0273375 -0.00210925 0.0161435 -0.00997884 0.0313684 0.0187203 0.026948 -0.0218383 0.0397238 0.00515659 -0.00727789 0.0233886 0.00122816 -0.0140088 -0.0116774 -0.0204044 0.00771349 -0.0106194 0.0206459 0.000138178 -0.0198745 -0.00340054 -0.0221495 -0.0209219 -0.00398126 -0.00891995 0.00770457 0.00650711 0.00762745 -0.00758869 0.0108259 0.0108914 -0.0132118 -0.0143912 0.00342849 -0.0361222 -0.038736 0.00641663 0.00969181 3.33916e-05 -0.00085656 
-0.0118734 -0.0104136 0.00121655 -0.0143106 -0.0080621 -0.00871494 0.0369239 -0.00659682 0.0181694 -0.0207492 -0.00456006 -0.027317 -0.00715125 -0.0199176 0.0214859 0.0380008 -0.0143342 -0.0135343 -0.00832769 -0.0300103 0.0182949 -0.0208958 -0.00847432 -0.0362295 0.041969 -0.0389376 -0.0264239 0.019136 0.0089022 -0.0144552 -0.0129108 0.00738281 -0.0224672 -0.0275884 -0.0149565 -0.0142552 -0.00923032 0.00256722 0.0239736 0.0342263 0.0410982 -0.0183125 -0.034403 0.0373113 0.0333975 0.0132025 0.0144223 -0.0308245 -0.00529185 -0.0264453 0.00761393 -0.00264864 0.0248196 -0.010623 0.0218681 -0.0102855 -0.0118889 -0.017315 0.0396058 -0.00667113 0.00800939 -0.00398674 -0.0199259 -0.00529582 
0.0158927 0.0285612 0.00671622 0.0267178 -0.0126919 0.00589953 -0.00429823 0.0202994 0.00569374 0.0141808 0.010688 -0.0228681 0.0152592 0.00995448 -0.007879 0.00572125 -0.0122644 0.00190917 -0.0158954 0.012289 -0.0252057 -0.018078 0.0145696 -0.000574465 0.0366354 0.0452542 0.00887784 0.0202788 -0.0295172 0.0239351 0.00886378 -0.0234864 0.00540968 0.0283352 -0.0146632 -0.0445206 0.0124262 0.0255492 -0.013135 0.00360721 -0.00949978 -0.0210782 -0.0351561 0.000578055 -0.0208495 -0.0286606 0.0324767 -0.00113285 -0.0225478 -0.00110035 0.0296982 0.0123088 -0.0461664 0.0138404 -0.00789657 0.00730592 0.0152814 -0.0214158 0.0206543 -0.018038 -0.0154016 -0.00400052 0.00624082 0.00694996 
-0.0225947 0.039385 0.00454734 -0.0374223 0.0262616 0.0111022 -0.00327324 -0.00933548 -0.0164326 0.0213005 0.012292 0.0336991 -0.01076 -0.0198158 0.022241 -0.00796914 0.00499687 -0.00709118 0.00256934 0.0149518 -0.0288382 0.01674 -0.0244315 0.0107796 -0.01043 0.00632175 -0.00331911 0.0183198 -0.0280143 -0.00998743 0.0135572 0.00807244 0.0582965 -0.0184261 0.0128534 -0.00234756 -0.00526308 -0.0039677 -0.0166099 0.0160305 0.0118437 0.00177799 0.00671199 -0.0307918 -0.0158305 -0.00764446 -0.0314064 0.0130615 0.0299133 -0.00973947 -0.00885305 -0.0158776 -0.0201126 0.000307343 -0.0145477 0.0200939 -0.0220189 0.0140783 0.0318108 0.0218386 -0.010366 -0.0131606 -0.0266138 0.0080454 
-0.0226199 -0.0173928 -0.00491487 0.00581832 0.0032195 -0.00627855 0.018344 -0.0110218 -0.0092348 0.028049 -0.0114505 0.00290065 -0.0079496 -0.0140565 0.0214385 0.0131883 -0.00568918 -0.0269556 -0.0277696 0.00464352 0.000487754 0.000415355 0.0334076 0.00377816 0.00618616 -0.0221507 -0.00570459 -0.0232775 0.0158652 -0.00629247 -0.0189365 -0.00589709 0.018298 -0.00362578 -0.0337006 0.00903972 -0.00526819 0.034992 -0.00181932 0.00542398 0.00195289 0.0248634 -0.010049 0.0154946 0.021731 0.0341816 -0.0118852 0.000903484 0.00521456 -0.00549631 0.0248458 0.0534594 -0.0289933 0.020032 -0.00281498 0.000250592 0.0201236 0.01077 -0.0399637 0.0227019 0.0107618 -0.0159398 -0.0271119 0.011101 
-0.0132782 -0.0157293 -0.00196521 0.016491 -0.0130851 -0.00181741 -0.0284002 -0.0319497 -0.00710867 -0.020879 0.00309649 -9.74305e-05 -0.0302525 0.0118562 0.0109505 -0.0435657 -0.0279061 -0.0050158 0.0156175 0.0301967 0.00531882 0.0155574 0.00472828 -0.00967741 0.00235308 0.0206595 0.0172913 0.0335236 0.00520978 0.00280746 -0.0136062 -0.00679211 -0.0281585 0.00823001 0.0215285 -0.0163954 0.0251141 0.00216756 -0.0516357 -0.0222217 -0.00662721 -0.0198413 0.0181251 0.0315301 0.00099119 -0.00546504 0.0036085 -0.018937 0.0138395 0.000728304 0.0310026 0.0195822 -0.0365979 -0.00911689 -0.013865 0.0267487 0.011189 -0.0210454 0.0253712 0.0561525 0.0216473 0.0355209 -0.0113296 -0.0167534 
0.00138959 0.0261569 0.00493311 0.0184431 -0.00723201 -0.00315112 0.00610856 0.0124934 0.0380917 0.00300052 0.0130923 0.0186176 -0.0042204 -0.0112675 0.0299296 -0.0411244 0.0250921 -0.0132928 0.00810455 0.000526283 0.043354 0.00130424 -0.0256746 0.000939819 -0.00785218 0.00152659 0.00777666 0.0152768 -0.0257541 0.0142305 0.0065766 0.0211493 0.00153546 -0.0522044 -0.0154177 0.0211641 -0.0241907 0.0125856 -0.0102819 -0.0211958 -0.0037574 -0.0650544 -0.000985061 -0.0235209 0.00325444 -0.0123565 -0.00241201 -0.00569941 0.00465885 0.0249265 -0.0232155 0.00190777 0.00279677 -0.0141378 0.0397988 -0.024977 -0.00969703 -0.0146768 0.00543723 0.0107041 0.0230716 0.039339 0.0185182 0.0269354 
0.00751901 -0.00205081 -0.020799 0.0473981 0.0137024 -0.0217297 -0.028386 -0.0323362 -0.0208485 -0.0067551 0.0413584 -0.0304349 -0.0214272 0.0116609 0.0225195 -0.0127373 0.00906829 0.0355897 -0.00370571 0.0649703 0.0147943 -0.000315743 -0.0168507 0.0184572 -0.0067065 -0.00624423 0.00196647 0.0352991 0.00453759 0.0250596 0.0117685 -0.0151262 -0.00538939 -0.000282822 0.0287963 0.0306329 0.0068039 0.0447744 -0.00524896 -0.0146861 0.00759014 0.00581852 -0.00922468 0.00292954 0.0369557 -0.0036149 -0.00633648 0.0020401 -0.00449246 -0.0468402 -0.00718747 0.0143783 0.0284051 -0.020747 0.00473825 0.00023541 0.00222618 -0.00889093 -0.0682686 0.00620009 0.017586 -0.0308057 0.00213365 0.0130659 
0.0111601 -0.0144025 0.0120378 0.00325519 -0.00225622 0.00420377 0.00727396 -0.0186461 0.0147751 -0.00926101 0.00415692 -0.0237224 0.0148498 1.80832e-07 -0.00957028 0.00219723 -0.00303643 -0.0242017 -0.0133644 -0.00417591 0.00256118 -0.00985227 -0.0107001 0.0142997 -0.0120873 -0.0276105 -0.0370663 0.021777 -0.0209504 -0.0151657 -0.0125996 -0.0164081 -0.00220979 0.00108104 0.00875324 -0.0237161 0.0157892 -0.0228216 0.00240102 0.0197348 0.00162566 -0.0144889 0.0161302 0.0174725 0.0362414 0.0112167 -0.00907407 0.00899814 -0.0424188 0.027672 0.00949404 -0.00965901 -0.01829 0.0307934 0.00784195 0.0168998 0.0182454 -0.0150027 -0.0367788 -0.0013748 -0.00866091 -0.000201106 0.0139685 -0.0143902 
-0.0151637 -0.0228756 0.0203013 0.00185369 0.0181536 -0.0182758 -0.0464558 0.0368747 0.032487 -0.0118127 0.0202524 -0.0176978 0.0310274 -0.0143281 0.00149971 0.0248712 0.0208419 0.0267953 0.02772 -0.0153746 -0.0109041 0.0371348 -0.00611821 -0.0090538 -0.030673 0.0133898 -0.00935273 0.0130994 0.00139117 0.0198516 -0.0255762 -0.00111692 0.00534426 0.00203744 -0.0104015 -0.00562065 0.0158965 -0.010168 0.00149878 0.00995692 -0.020436 -0.0139502 -0.00194821 -0.0150108 0.0301188 0.0125852 0.0122773 -0.0257676 -0.00094718 -0.00573181 -0.0358089 -0.014662 0.00527529 0.0513708 0.0151212 -0.0104175 0.0141715 0.0220541 -0.0177065 0.010691 -0.00828701 -0.0232547 0.0144487 0.00117253 
-0.000577768 0.00773266 0.00703028 -0.0347222 0.0216268 0.0462909 -0.0590876 0.0281584 -0.0251722 0.000663153 0.0261925 0.000140916 -0.0138146 0.03081 -0.0135859 0.0214311 0.016816 -0.0090868 -0.0198317 0.00823034 -0.00121782 -0.0256591 -0.00953617 0.00211958 0.0144024 -0.0258178 0.0275807 -0.0206157 0.00378814 -0.0304084 -0.0187085 0.0011889 -0.011595 0.00733484 -0.0333145 0.0330056 -0.00134993 0.00248603 -0.0174087 -0.00213747 -0.0229075 -0.0141787 -0.030587 0.00199949 -0.00858063 0.0583321 0.0515766 -0.0169712 -0.00679789 -0.0112516 0.0107165 0.0325951 -0.0250043 -0.00812556 0.0257546 -0.0385741 -0.00248039 0.00775976 0.0235853 0.0159949 -0.0247008 -0.0220935 0.00513823 -0.00747211 
-0.00765509 0.0525763 0.00692399 -0.00118592 0.00489848 0.0239514 -0.0164325 0.0328414 -0.0205494 -0.0137576 0.0117563 -0.0427261 -0.0107996 -0.000835789 0.048918 0.0353655 -0.0241986 0.0196106 0.003811 0.0175337 -0.00885681 -0.007744 -0.000634922 0.0237485 -0.00485982 -0.0273597 0.00604722 0.00464993 0.0110947 0.00381482 -0.0118867 0.00621583 -0.00591875 0.0027385 -0.0254549 0.0329997 0.00891088 -0.0197476 -0.0205258 0.00375898 -0.0210225 -0.0087596 -0.0256359 0.0209554 0.0151205 -0.00645096 0.0320625 -0.0273461 0.00988168 0.0111357 -0.0150794 -0.00987743 0.0184038 0.00683927 0.00227376 0.000904084 -0.0045439 -0.00697007 0.00866655 0.0265075 0.0226436 0.0255059 0.0185632 0.0116666 
-0.0085556 0.00356064 0.023427 0.0133735 0.00538438 -0.0378388 -0.0358538 -0.0225428 0.0266615 -0.0228512 0.0246289 -0.0145463 0.00908368 0.0189693 0.00608683 0.0149015 -0.0204069 -0.00306839 0.0309182 -0.00392854 -0.0174261 0.00466888 -0.0157814 -0.0169903 0.00598485 0.0209186 -0.0013604 0.0431831 -0.0183073 0.0114391 -0.0141095 0.00649996 -0.0116314 -0.0185444 -0.0086166 -0.00742839 -0.000480529 -0.00882688 -0.0119856 -0.0118671 0.0309888 -0.00450257 -0.0241594 -0.0459425 -0.0110336 0.00317975 0.00312255 -0.00807891 -0.0356973 0.0167138 -0.0395757 0.0271694 -0.0276336 0.0111152 -0.0384081 0.0548353 -0.0152705 -0.00407426 -0.0557794 -0.0395518 -0.0279243 0.0255229 0.0094123 -0.00116515 
0.0227232 -0.0310622 0.0155237 0.0357704 0.00251036 0.0273103 -0.0216075 -0.0172769 0.000876848 -0.0147831 -0.0175115 -0.0107236 0.0225327 0.0200244 0.0222835 -0.00548142 -0.0336727 0.0164374 0.0043928 -0.0122105 -0.0309449 0.00650794 -0.00296985 0.018987 0.0255122 -0.0173497 0.00534273 0.00396344 0.00221064 -0.0132853 -0.02905 -0.0135942 -0.00193131 -0.00301848 0.0211101 0.028074 -0.0119616 0.0049944 -0.00260714 -0.0107373 -0.0131298 0.0204619 0.0134196 -0.00376769 0.0221696 0.0217605 0.0210257 0.00253665 0.0322629 -0.0123526 -0.0115788 0.011542 -0.016915 -0.0186975 -0.0410739 0.0072211 -0.0306384 0.00653695 0.0369292 0.00084549 0.0177242 -0.00543833 -0.0469506 -0.0194203 
-0.000169672 -0.000738761 -0.0443618 0.00438855 -0.0380322 -0.0217433 -0.00370946 -0.0303839 0.0136784 -0.00694227 -0.00365603 -0.0165183 0.0145459 0.00688242 0.00830453 -0.00966712 0.021681 -0.00990866 0.0329609 0.034795 -0.0290362 -0.0088 0.0152915 0.0160119 -0.03812 -0.0252627 0.0105011 0.0156659 0.0265549 0.00303466 0.0264556 0.00195722 0.00217212 -0.00420865 -0.0273136 0.0324509 -0.00226351 -0.029864 0.0244811 -0.0230327 0.0571943 -0.0131268 0.0346896 0.0135248 0.0301369 0.00244034 0.0236067 -0.0150699 0.00372423 0.0282841 -0.0137824 0.0224152 0.00127298 -0.0213795 -0.000499447 -0.00488758 0.0224954 -0.000352464 -0.0570474 -0.00237754 0.00495915 0.0205165 -0.0283339 -0.00391876 
-0.0184748 -0.00266506 0.00358128 -0.0185978 -0.0243501 -0.0325494 0.0250684 -0.00138665 -0.00904073 -0.0181224 0.00638384 0.0192099 0.0347714 -0.0137704 -0.0176473 -0.0220484 -0.00448548 -0.000463007 -0.0353272 -0.0265048 0.0119444 -0.00372792 0.0244325 -0.0188803 -0.0150894 0.006668 0.00656745 0.0121464 -0.0103254 -0.00493645 -0.0105864 -0.00341687 0.0193799 0.0239136 -0.0190118 -0.0139209 -0.0196277 0.0172315 0.0200548 -0.00751752 -0.0229517 -0.0111761 0.0434168 0.0139731 0.0322507 -0.0146253 0.00196696 -0.0141383 0.0184104 -0.0118754 -0.0254283 -0.0164759 0.0032858 0.000967419 -0.00580563 -0.00600057 -0.00134678 -0.0259649 -0.0122795 0.00498591 -0.0304767 0.0252309 0.0250264 0.00596902 
0.0253008 0.00447909 -0.00103031 -0.0195668 -0.0126449 0.00217021 0.00158205 0.00692335 0.0245555 0.0159808 0.018955 0.0189211 0.00995364 0.0307432 -0.0231023 -0.0246416 -0.0199746 0.0316445 -0.0191655 0.0398302 0.000380818 -0.0280215 0.00520993 0.0195543 0.00308843 0.0131834 0.0390021 0.0102669 -0.0301271 0.0184386 -0.0148317 -0.010211 0.018572 0.00390773 -0.00384205 0.00870005 -0.0183623 0.0182007 0.0133214 -0.0149754 0.0228717 0.0178931 0.01306 -0.0151838 -0.00729261 0.0261158 0.020109 -0.0175037 0.0217176 -0.0354647 -0.00218078 0.0191046 -0.0177895 -0.0189583 0.0497701 0.00735977 0.00408718 0.024996 0.0170965 -0.0411851 -0.0268785 -0.00391014 0.000953566 0.0107479 
-0.00981552 -0.0323679 -0.0248119 0.0222887 -0.00598662 0.0415481 -0.0235642 -0.00956035 0.0442025 -0.0219112 -0.0343643 -0.0117621 -0.00491875 0.00441671 0.00139006 0.0225802 -0.0118423 0.0118215 -0.0105331 -0.0173964 -0.0502099 -0.0195258 -0.00919723 -0.00312816 -0.0111872 0.0311242 0.03731 -0.0106647 -0.00552562 0.0278847 -0.000148486 0.0178233 -0.00290258 0.0168137 -0.00506833 -0.00736958 -0.00073202 0.0155271 0.018843 -0.00911402 0.0183791 -0.0150584 -0.00239654 -0.00587469 0.00780659 0.0192441 0.0212743 0.0138634 0.0151044 0.00439804 0.00752872 -0.0279786 0.00447553 0.00581921 -0.0261827 -0.00436191 -0.0204489 0.0171706 0.00338789 0.0161413 -0.00251467 -0.025981 0.00777806 -0.000383138 
0.00347229 0.00570374 0.00360259 -0.0168617 0.0542811 0.0269049 -0.0078331 0.0312873 -0.0278793 0.0150821 -0.0162947 -0.0258325 -0.0233516 -0.0148829 0.0319716 -0.0120688 -0.0049836 -0.0171025 -0.0144174 -0.013324 -0.0478616 0.0236534 0.00498557 0.00442204 0.0140756 0.0135095 0.0253395 0.0284047 -0.00803904 0.0336992 0.00549711 -0.0273509 0.00315313 -0.0210911 0.0098652 0.0185262 -0.00783374 -0.00188165 -0.0342245 0.0074519 0.00473092 0.0266629 0.0321545 0.00127801 0.0193817 0.0321843 -0.0345075 -0.0294398 0.00780722 0.0299463 0.00528207 -0.0263806 0.00950826 -0.0362487 -0.0223666 -0.018728 -0.0060877 -0.0277433 0.0156437 0.00665813 -0.0229692 -0.00556756 -0.0187718 -0.0233709 
-0.0109826 -0.0202319 -0.0146884 -0.0172841 0.0113284 0.00940719 0.0338866 -0.0139852 -0.00512601 0.00524887 -0.00150015 -0.0202069 -0.018295 0.000922136 0.00165761 -0.0167427 0.00131362 -0.00136543 0.00421507 0.0203484 -0.0156535 -0.0142074 0.0440442 -0.00345079 -0.00682368 0.0135974 0.0119173 -0.021826 -0.00174751 -0.00342252 0.00141638 -0.00124871 0.0136477 0.000852223 0.0398084 0.0107381 -0.0224483 0.0363799 0.0114381 0.0317048 -0.0287063 0.00550469 -0.0344496 0.0350087 -0.00390647 -0.00149364 0.0357726 -0.0092148 0.00832055 -0.00686622 0.0302946 -0.00703081 0.012814 0.0181688 -0.0637279 0.017038 0.0135826 -0.00476812 0.0453946 -0.0114165 0.0114088 0.0228702 -0.0455662 -0.00611652 
-0.024247 0.00225093 0.0183907 -0.0219103 0.0484389 -0.0368511 0.00627184 0.0282713 -0.00323201 0.0175541 -0.0162988 0.00469764 0.00913036 -0.011037 0.0209655 0.0398299 -0.0298568 -0.00627632 -0.0381938 0.00263868 -0.00108246 -0.0177049 -0.0241259 0.0311905 -0.0332517 -0.00157048 -0.000567428 0.00477905 0.013942 -0.0357225 0.00260887 0.0255179 0.0286334 -0.00180432 0.0227056 -0.000748401 -0.00610164 0.00284297 0.00350996 -0.000742275 0.00112418 0.0163998 0.0116547 -0.000529804 -0.0182057 0.0199292 0.00425976 0.00581084 -0.0193177 0.000321145 0.00633959 -0.00300359 0.000273739 0.00541207 -0.0241853 0.00400978 -0.00507403 -0.00147429 0.00772827 -0.0098558 -0.0231183 0.00325942 -0.0285581 0.00360861 
-0.00534932 -0.0113177 -0.00166124 -0.0237293 0.0175956 -0.00497255 -0.000705759 0.0222532 0.0351347 -0.0138774 -0.025541 -0.0234768 -0.0101962 0.0065848 -0.0068422 -0.00380744 0.0171888 0.0247572 0.000680049 0.010407 0.00184975 0.0140199 -0.00200621 -0.0116094 0.00655139 -0.0215709 -0.0297559 -0.00564469 0.00838725 0.00426011 -0.00539376 0.0258846 0.0363808 0.0319633 -0.0212074 0.035159 -0.020872 0.00621567 -0.0111998 -0.027077 0.00281036 0.0146595 -0.00685335 0.00932351 0.0364934 -0.00619171 0.00308143 0.0295927 -0.00440588 -0.0120343 0.0139974 -0.0309335 0.0240011 0.00142501 0.0336814 0.0148209 -0.00465849 0.0348347 0.00546395 -0.0260407 -0.0171135 0.0144135 -0.0193342 0.0216647 
0.0430747 -0.0011051 0.0243318 0.00254268 -0.0110394 -0.044608 -0.00651139 -0.00121855 0.0132387 -0.0144051 -0.00342923 0.0131518 0.0244357 -0.00159286 0.00610395 0.0237886 0.00973159 0.00140705 0.0138556 0.00756501 0.0148796 0.00451001 0.00648245 0.00648239 -0.014898 0.0267196 0.0354067 -0.0279342 0.025777 0.0242153 -0.012072 0.0265421 -0.0033909 0.00046618 0.00630746 0.0129173 0.010999 0.00848611 -0.0142555 -0.0153147 0.013969 -0.0208288 -0.0176171 0.0308976 -0.00321612 -0.0411144 0.0239403 -0.0436332 0.00618003 -0.00483826 0.00858018 -0.0149851 -0.0424287 0.0283928 0.0085832 0.0187048 0.0246137 -0.00968892 -0.015072 -0.0100478 -0.0226473 -0.00267699 0.00780471 0.0288395 
0.0412887 0.0208923 -0.0052733 0.00223536 -0.0398064 0.00145875 -0.0323484 -0.018226 -0.0307323 0.0141084 -0.0101389 -0.018863 0.0160853 0.0173818 -0.0134367 0.00479511 0.00466506 0.0306846 0.0219058 0.010395 0.0158982 -0.0288476 0.0154229 0.0352419 -0.00558736 -0.00423074 -0.00844489 0.0341269 0.02655 -0.0233993 0.0327499 -0.00720814 0.0441928 0.013974 -0.0152218 -0.0233853 -0.0107031 0.0108086 0.00793486 -0.00477627 0.012388 -0.0274447 -0.0180964 -0.00792381 -0.00126107 0.00249674 -0.0137735 0.0341467 -0.03558 0.0272281 -0.0324783 0.0491851 -0.0100055 -0.0543861 -0.000955366 0.0240038 -0.0204184 0.00950019 0.0178355 -0.0148208 0.0336674 0.00146858 0.0326772 -0.000305581 
0.00072718 -0.0243813 -0.00626913 -0.00874753 -0.00368986 -0.00126639 0.026678 -0.0380959 -0.0117775 0.0242838 -0.0327688 -0.026776 0.010022 -0.020308 0.0277166 -0.0278536 0.00872101 -0.0131613 -0.00157725 -0.00618468 -0.0215928 -0.0155102 -0.0187444 0.0321216 -0.0114125 0.0493505 0.0107397 -0.00344625 -0.0134206 0.00275403 -0.0197147 -0.0406034 0.000252101 0.00817875 -0.0140762 -0.0119122 0.0136749 0.00805199 -0.00857916 0.0250166 -0.00358056 -0.00313986 -0.00850996 -0.00740418 0.000721001 -0.016352 -0.00632168 0.0276755 -0.00862506 0.0068257 -0.00448599 -0.0072478 0.00277975 -0.00758569 0.0205085 0.0134459 0.0306211 -0.000672446 0.0187841 -0.0119038 0.0236103 -0.0327214 -0.0167119 0.0247248 
0.0186485 0.0129741 -0.00575819 -8.02143e-05 0.0276503 -0.0221222 0.00683588 -0.00841647 -0.00634009 -0.023259 0.025283 0.0357925 0.0114012 -0.000136908 0.0102704 0.0278683 -0.0196018 -0.0165967 0.0106951 0.0384858 0.0305784 0.0473688 0.00352533 0.00934048 -0.0276853 0.00211593 0.00921847 -0.0189514 -0.0211307 0.0145178 -0.0208632 -0.0159292 -0.0110957 0.00343056 -0.0162744 0.045997 0.0392645 0.0152227 0.0154789 -0.00217941 0.0190665 -0.0188616 -0.0103146 -0.0168597 0.00584973 -0.000764494 -0.00732679 -0.0127224 -0.0143052 0.00251748 -0.0102023 0.0269506 0.016401 -0.00782649 -0.0216728 0.00145464 -0.00253458 0.0139157 0.0136728 0.0117242 -0.0359836 0.0100278 0.0127473 0.0356632 
-0.0280562 0.0187743 0.00578356 0.0252954 0.00902203 -0.00909603 0.0104767 -0.0216424 0.00625378 0.0480714 0.00994508 0.00333562 -0.00648814 0.00772876 0.000793454 -0.0228695 0.0169165 0.00731556 0.021974 0.00192497 -0.0146311 0.0286491 0.000224466 0.0227309 0.0266583 -0.0192816 0.0411584 -0.0292873 0.016825 -0.017494 -0.00792795 -0.0208191 0.0169627 0.0141868 -0.0112748 0.0163605 -0.0312899 0.0165754 -0.00867876 0.00407501 -0.0182458 0.024494 -0.00822154 -0.00703827 -0.00346211 0.024075 -0.0341872 -0.00535265 0.0153733 -0.01757 -0.0220909 -0.0082828 -0.000694754 -0.00905709 -0.0204587 0.00093512 0.00798836 -0.00494151 -0.00366442 -0.0147386 0.00784441 -0.00429652 -0.0387482 0.026984 
-0.00808802 0.0154834 0.014223 0.0088979 -0.00200641 0.0202259 -0.0195007 -2.95514e-05 0.0246886 -0.0119677 -0.00527566 -0.000598464 0.0116522 -0.0172843 -0.0417457 0.020103 0.00705483 -0.0126874 0.00748328 -0.00800632 0.00968025 -0.00749825 -0.0147843 0.0209797 -0.0116259 0.0293441 0.00275669 0.0233597 0.039561 -0.0271335 -0.0224399 0.00674896 0.00149094 -0.00763958 0.00924989 -0.0112386 -0.0367592 -0.00599115 0.0107023 -0.0142646 -0.00675216 0.00940077 0.0571353 -0.0049489 -0.00279187 0.0420632 -0.0422418 0.00787433 0.0217395 0.000938515 0.0117002 0.0137812 -0.0330828 0.00166777 0.0102405 0.0166233 0.000312716 0.00906252 -0.0144692 0.00572638 -0.0114408 -0.0199943 -0.015875 -0.011271 
-0.0157424 -0.0237518 -0.00265774 -0.000413053 -0.013706 -0.0335929 0.0107759 0.0183758 -0.00323514 0.0303194 0.000726525 -0.00558085 -0.00725975 -0.00696821 -0.0296002 -0.0438782 -0.00410038 -0.00859702 -0.0330547 -0.0154456 0.00170201 -0.0102631 0.0262533 0.0320496 -0.0068637 -0.0375707 -0.00631565 0.0078321 0.0249364 0.0142621 -0.0244984 -0.00572118 0.00974275 0.00399874 0.0156963 -0.00917605 0.000182769 0.00608072 0.0248268 0.00612137 -0.0210125 0.0299525 -0.00997831 -0.00215932 -0.00788814 0.00291993 -0.000513152 0.0195651 -0.0347554 -0.0412712 -0.00245129 -0.0133115 -0.00847072 -0.00796445 -0.00785177 -0.0111524 -0.023893 -0.00734347 0.0203306 -0.00595132 0.0196636 -0.000123974 -0.00468827 0.0231713 
0.0107395 0.0143004 0.00152712 -0.0318073 0.00502692 0.00936513 0.0249375 -0.00439485 0.0341713 -0.0282135 -0.0125474 0.00783328 -0.00597822 0.000479598 0.0108688 0.0321278 -0.0375127 -0.0198418 -0.00922184 -0.00401916 0.000772413 -0.00736768 0.0245829 -0.00370239 -0.000678505 0.0147278 -0.0185334 0.00668249 0.034546 -0.0092153 0.00853143 -0.0225986 0.000872341 -0.0160752 -0.0117015 -0.0196506 0.0132671 -0.012883 -0.0101603 0.0235992 -0.0212113 -0.00516723 0.0294326 0.000222523 0.0213073 -0.00698838 0.0137513 -0.0189094 0.0264532 -0.0332453 0.0186682 -0.0146976 -0.00220535 0.00868513 0.0137087 0.00298593 0.0248436 0.0206592 -0.0252334 -0.00701581 0.0134894 0.0420194 -0.00486523 0.00285204 
-0.00251098 -0.00225705 -0.0310771 -0.00138571 0.017523 0.00236248 -0.00513803 0.0112216 0.0234579 -0.00706464 0.0378729 0.0287576 -0.00619486 0.000818537 -0.0271176 -0.0285533 -0.00519506 -0.0200503 -0.0303369 -0.0368813 0.00343687 0.0246987 -0.0274292 0.0341306 -0.00525842 0.0211261 0.0151578 -0.0306002 -0.0316891 0.0254119 0.0131211 -0.00860015 0.00825021 -0.0145066 0.044915 0.0549566 -0.0133356 -0.0144134 -0.00395738 -0.00939579 0.0228385 0.0276468 0.00265006 0.0152882 -0.0132289 -0.0172666 -0.00919101 -0.0200422 0.00795382 -0.00756254 -0.00593108 0.0288792 0.0093245 -0.00429911 -0.00391975 -0.0142282 -0.0349456 -0.027903 -0.00526189 0.00575805 0.00952943 -0.0177483 0.0238464 0.00113114 
-0.0186046 -0.0174889 -0.0489688 0.0186215 0.00816896 0.00476752 0.0292773 0.00365833 -0.0145684 -0.0194534 -0.0358388 0.0120161 -0.0348419 -0.0120311 0.000521949 0.00852621 -0.038242 -0.0197351 0.0181562 0.000829301 -0.0080314 -0.00953617 -0.00814412 -0.0266929 0.0129059 -0.0272704 -0.0262855 0.0109932 0.0155378 0.00646397 -0.000234047 0.00628337 -0.0167702 0.000222793 0.0149582 -0.00952303 -0.00887037 -0.0525213 0.0133612 0.000469692 0.0274784 -0.0425376 0.0164488 -0.0219723 -0.0284326 -0.0168366 -0.0074189 0.0207739 0.00590679 0.0457142 0.0170358 0.0127965 -0.00639277 -0.0219742 0.0192237 -0.0141446 0.0168369 -0.0522999 0.0110325 -0.0230246 0.000337753 0.00193794 0.00509235 -0.0410095 
-0.0333424 -0.00365212 -0.00886167 0.0026661 -0.0306598 -0.00430726 -0.027463 -0.0165021 0.00857713 -0.00132234 0.0195777 0.0151328 0.00151336 -0.00338756 0.00614699 0.0206219 0.0122994 0.0303405 -0.0337406 0.00157012 0.0158131 -0.0106206 0.00148199 0.00799955 0.0194328 -0.00767736 0.00837066 -0.0307124 0.0299059 -0.00318015 -0.00730115 -0.014899 0.00466569 -0.0250927 0.0280205 0.0139697 -0.0193205 0.00967244 0.0161156 0.0241348 0.00817709 -0.00212656 0.00477351 0.00136138 -0.000857614 0.000447618 0.0276691 -2.28492e-05 0.00387793 -0.00750629 0.0097006 0.00391546 -0.00505378 0.00208072 0.00217786 0.0117152 -0.0230904 0.0198512 -0.00585655 -0.0221353 -0.0188773 -0.0134032 -0.000914395 -0.0212783 
-0.0228911 0.0261095 0.029182 0.0377932 -0.0066392 -0.00729973 -0.0263983 -0.0267854 -0.0156579 0.0482523 -0.031765 0.0036572 0.0102235 0.0157298 0.0132213 -0.00912598 -0.00582216 -0.0310499 -0.0244924 -0.00119226 0.0138958 -0.00527393 0.0437115 -0.0211116 -0.0181044 0.00767604 0.00535508 -0.0104144 -0.018899 -0.00762709 -0.00783517 -0.00250375 -0.0101229 -0.00483312 0.0360117 0.0210675 -0.000457413 -0.0123059 0.00331342 0.0206657 0.038959 0.0166721 0.0320415 -0.0324543 0.03586 0.00553287 -0.0445813 0.0210341 -0.0177001 0.0178225 0.0185367 -0.0036213 0.00844361 0.00363615 -0.0140995 0.0129272 -0.00873906 0.0393301 -0.00221368 0.0107255 -0.0116274 -0.0152772 -0.00946297 0.0325743 
-0.00641269 0.021432 0.010911 0.00902149 0.00236016 0.0109258 -0.0207766 0.00733795 -0.0224266 0.00313437 0.0210896 0.0169876 0.0193798 -0.0225009 0.0289404 -0.016885 0.0111003 -0.0128871 0.0540786 0.0252345 -0.0321943 0.015433 0.0384847 -0.0145671 0.0405373 -0.00937907 -0.00766758 -0.0436658 -0.00967786 0.00300572 0.0110575 -0.0101918 -0.00365213 0.00078915 0.000742149 -0.0235254 0.00103252 -0.00610646 -0.01969 0.025875 -0.0020049 -0.0316907 0.0284617 0.0223624 0.00615704 0.0233912 0.0146732 0.00650902 0.00934211 -0.000829613 -0.00797458 0.035058 0.00477211 -0.00200591 -0.0215685 -0.0506583 -0.00443162 -0.0126578 0.0147198 -0.0084642 0.0167103 -0.0265355 -0.00132194 0.0227344 
0.00925506 0.0162104 -0.0091566 0.0462675 0.0214442 0.040758 -0.000888862 -0.016201 -0.000713258 -0.0196624 0.0522864 0.00825984 0.00477729 -0.0300713 0.0192283 -0.0169738 0.0187635 0.00251308 -0.0127302 -0.0128653 0.0043913 -0.0319743 0.0151643 0.0215381 -0.0237034 0.0275099 -0.00304727 -0.0506965 0.0300024 -0.0018967 -0.0195788 -0.0061446 0.0353623 0.00495995 -0.0111238 -0.00190997 -0.0322023 -0.0283236 0.0248507 -0.00760211 0.00312098 0.0146882 -0.0258802 0.0309893 0.00294286 -0.000685876 -0.0360301 0.0106888 -0.00535068 -0.00354757 0.0230229 0.00962588 0.0178733 -0.0163104 0.0307752 -0.00132964 -0.0096085 -0.0335177 -0.00772938 0.0413164 -0.0148384 -0.0162076 -0.0173856 -0.0224476 
-0.00474601 0.010366 0.00762335 -0.0218737 0.00801561 0.00529947 -0.0041555 0.0328883 0.0143021 -0.00124769 -0.0243719 0.0126583 0.0314605 -0.043398 -0.0461167 0.0254338 0.0274785 0.0140874 -0.00762988 -0.00903633 0.03033 0.00566984 -0.000777588 0.0012172 -0.00288359 -0.00414783 0.00196559 -0.0120914 -0.00642355 0.00157611 -0.0183981 -0.0179153 -0.0203093 -0.0285434 0.00836266 -0.00101517 -0.0235504 -0.00270455 0.00580687 -0.0286798 -0.0456416 -0.00305406 -0.028586 -0.0228465 0.0173704 -0.0196768 0.0138654 -0.0258611 -0.0104407 -0.0155327 0.0231008 -0.0063321 0.0213893 0.0151739 -0.0248728 -0.0173257 0.0343418 -0.0123581 -0.00134582 0.0127154 0.0178136 -0.00597789 -0.00663264 -0.0108912 
0.00449401 -0.0237661 -0.023936 -0.0109201 -0.0226856 0.0117676 -0.014319 -0.0383146 -0.0170063 -0.048516 -0.0171979 0.0358428 -0.024313 0.0436952 0.0179029 0.015594 0.0201003 -0.00833171 -0.0161626 -0.0113788 0.0160296 -0.0225927 0.0081995 -0.0049314 0.000745914 0.0355467 -0.0105157 0.00594623 -0.00717445 0.0101993 -0.0015537 -0.0234332 0.015026 -0.0180726 -0.0305917 -0.00193125 0.0155469 -0.0135154 -0.0267958 0.00829502 -0.0233711 0.0352518 0.0165696 -0.00109981 -0.00338599 0.00187286 -0.0246719 -0.00121545 0.00463849 0.0034574 -0.0189653 -0.0249195 0.00284765 -0.00647774 0.0222507 -0.00511749 0.0156968 0.0113963 -0.018598 0.041764 -0.0132173 0.0295273 -0.0304606 0.0025405 
-0.0242794 0.00824387 -0.00991397 -0.0415644 -0.00198093 0.00259798 0.0433904 0.0107379 -0.0106602 0.0156562 -0.0222245 -0.00126417 0.0286144 -0.0464152 -0.0106276 -0.0159599 0.00369853 -0.000223107 0.0285485 -0.00488096 0.0171542 0.0196154 0.0231599 -0.00396692 0.0462147 0.0151189 -0.0091147 -0.00398981 -0.00635531 -0.0138793 -0.00595049 0.0010666 0.0079449 -0.00233068 -0.04322 -0.0321611 0.0116075 -0.0327059 -0.0273827 -0.0259792 -0.00478173 -0.00815416 0.00755365 0.0362347 -0.00561259 0.00449299 0.00905118 -0.0191093 0.0102418 0.0260213 -0.0186793 -0.00517066 0.0283707 0.0138561 -0.00712513 -0.00139876 -0.002025 -0.00510676 -0.0127183 -0.00120402 -0.0114411 -0.0173896 0.0201394 -0.0146122 
-0.0193006 -3.61415e-05 -0.0133347 0.00575452 0.040836 0.0152393 0.00247685 -0.00325647 -0.0105265 -0.0307728 0.0306675 -0.023282 -0.0151933 0.000137803 0.00963146 -0.0155164 0.0209819 -0.00561251 -0.00345721 -0.00827484 0.0141962 0.0120062 -0.0208119 -0.0253786 -0.000522572 0.0304134 -0.00103925 0.0109813 0.0189288 -0.0083734 0.00656808 0.0330245 -0.00298352 -0.0183529 0.00450794 -0.0326919 0.0142266 -0.0172613 0.023602 0.00393449 -0.0151458 0.0234482 -0.0390536 -0.00194876 0.0238002 0.0145776 0.0178037 -0.0185038 -0.0199075 0.0228568 -0.0239042 -0.00357861 0.000402326 -0.0147751 -0.0134909 0.0405416 0.021396 0.00441856 -0.00885272 0.0242487 -0.0184616 -0.03653 -0.00689261 0.0481387 
-0.00359967 -0.00474413 0.0374386 -0.0252821 -0.0273119 -0.0265253 0.053953 0.0241139 0.00992349 -0.000669826 0.00808875 -0.0241756 0.0162277 0.00112222 -0.0157885 0.00772168 0.0109956 0.0381317 -0.0170555 -0.0184608 0.00341458 -0.0124587 -0.0161162 0.0224221 -0.0059059 -0.0122675 0.0174505 -0.00502639 0.0103891 -0.0114128 0.00580875 0.0263111 -0.0104325 -0.00856291 0.0210104 -0.00366945 -0.0155544 -0.00650309 0.00226709 0.0159585 0.011601 -0.00647822 0.0161964 0.00659863 0.00343308 -0.0453343 0.000554784 0.0133357 -0.011539 0.00903872 0.0336876 0.0115766 0.0151755 0.014427 -0.0115709 0.0136553 0.0116089 0.007645 0.0104046 0.0328548 0.00612976 0.00659317 0.0401369 -0.032402 
0.00688957 0.0311032 -0.00509959 0.0414511 0.0059013 0.0390259 -0.0337281 -0.0205553 0.00980391 0.000423926 0.0232646 0.00286627 0.0122061 0.0168329 0.0362005 -0.0122478 -0.0250604 0.00873733 -0.00414788 0.00924542 0.0307164 -0.00640302 0.0094447 -0.00309851 0.0190426 -0.0132946 0.0405074 0.00264553 0.0148422 0.00860385 0.00521229 0.00706302 -0.0135601 -0.0218631 -0.0110151 -0.00785195 -0.00739495 0.00459808 -0.0219505 0.00191305 0.00191828 -0.00597857 -0.0010472 0.00421801 -0.0287651 -0.00377528 0.0208868 0.0408052 0.0012472 0.0154459 -0.00238805 0.0304916 -0.030523 0.0119783 -0.000486888 -0.0100697 0.0113111 -0.0225883 0.00970588 0.00585373 -0.0345458 -0.0256147 0.00960166 -0.0234864 
0.0113171 0.00634783 -0.0233011 0.0152158 -0.0210998 -0.000412666 -0.0112545 -0.0131297 -0.00872493 -0.000762203 -0.00786182 -0.0244523 -0.0214509 0.0459287 -0.00733257 0.0192425 0.0178398 0.0109653 0.0149474 -0.00236354 0.001298 0.0145897 -0.00150281 -0.0176781 -0.039962 -0.0479229 0.0142922 0.0298949 0.0164763 0.00659716 -0.0154317 0.00646436 0.0138442 -0.0133536 0.00615479 0.0270536 0.00498974 -0.0432999 -0.0413286 0.0204212 -0.0346792 0.0227641 -0.0151915 -0.00209927 -0.00341219 -0.0314875 -0.00580784 0.00562836 -0.0112528 -0.002206 -0.00322355 -0.0343967 -0.0197468 0.0290132 -0.0142448 -0.0280341 -0.0102855 0.00151219 -0.0503326 0.039703 0.0289401 -0.00937271 -0.0283426 0.0178101 
-0.00948934 0.00947147 0.0120563 0.0219863 -0.00935405 -0.0020694 -0.00158962 -0.00504584 0.0305728 0.0202185 0.00960017 -0.0212282 -0.033647 0.0186222 0.0112253 0.00628728 0.0235742 -0.000321788 -0.0135174 -0.0295746 0.0171748 0.0194583 0.0270228 0.00529712 -0.0206794 -0.0183284 -0.0145554 -0.000896363 0.0361372 0.00315433 -0.0172861 -0.00868399 0.0116943 -0.00807528 -0.0182367 -0.0141581 0.00935583 -0.0122593 -0.0109298 0.00305935 0.011084 -0.0242469 -0.0288712 -0.0191938 -0.0073478 0.0233357 -0.00457604 -0.0181951 -0.0110873 -0.0025935 0.026127 -0.0274856 0.00936273 -0.00482087 -0.032101 0.0120324 0.00652075 0.00685337 -0.0319393 -0.0311291 0.0025176 0.0125615 0.0323819 0.0308218 
-0.0395277 0.0112869 -0.0112313 -0.0107033 0.0214362 -0.00661974 0.0229735 -0.0153676 0.00465625 -0.00296003 0.00606446 -0.0187425 0.0202755 -0.021285 0.00707776 -0.00428982 -0.00144373 -0.0271723 -0.00702656 0.0105332 -0.0404414 -0.0364865 -0.00734305 -0.0262186 -0.0384786 0.0458307 -0.00875569 -0.0167714 0.0181128 -0.00701342 -9.04519e-05 0.018159 -0.0106308 0.0107966 0.0299845 -0.0380568 -0.0312634 0.0125639 0.0104884 0.00163683 -0.0375129 -0.011362 -0.00842256 0.0260498 -0.0118621 0.0329733 -0.0256743 0.0102183 -0.0248617 -0.0033377 -0.00365135 -0.0115116 -0.0319559 -0.0257212 -0.0135797 0.0053627 0.0052384 -0.00963001 -0.0200588 0.0320081 -0.041396 0.00609357 -0.0157355 -0.00494735 
0.0094971 0.0167199 0.00692953 0.0180015 0.0299876 0.025125 0.00874642 -0.0145827 -0.00949143 0.0252798 -0.0339674 -0.0260951 -0.003671 0.0253748 0.0244494 0.0285847 -0.0425903 -0.0161968 -0.0159095 0.0280825 0.0102339 0.00496358 -0.000530803 0.0303529 -0.00853423 -0.00699642 0.00911533 -0.0141154 0.00484286 0.0069136 -0.00265576 0.0045948 -0.00498955 0.000431536 0.0392542 -0.0269629 -0.0277787 -0.0085291 -0.01115 -0.00836171 -0.00863135 -0.0124551 -0.0107903 0.00869343 -0.010487 0.0222276 0.0356213 0.00373741 -0.00111463 0.0199391 -0.0153237 0.00519056 0.0392291 0.0171638 0.0236381 0.0265153 -0.0286069 -0.0274639 -0.0228876 0.0361325 -0.0125711 0.00328043 0.00222971 -0.0238563 
-0.00991787 0.00612382 -0.0158786 0.0217463 -0.00719286 0.00743582 -0.0270405 0.0175552 0.00418396 0.00696998 0.0156926 -0.0145143 -0.00784177 0.0136261 0.00413826 -0.015887 0.00282713 0.00546249 -0.00407173 0.0235665 0.0340003 -0.0257579 0.0107182 -0.0260744 0.0216856 -0.00720461 0.0317975 0.0491925 -0.0266962 0.0136942 -0.00119403 -0.00958761 0.0215686 -0.00243282 0.0541573 0.00578341 0.00842887 0.0201761 0.00486081 0.0217098 0.00439328 0.000567633 0.00957161 -0.0171631 0.00713516 -0.00442755 0.0407165 0.0103049 -0.0210902 0.00327356 0.0118488 -0.00418152 0.0145569 -0.00128679 -0.011042 -0.0127525 0.0244127 -0.00694439 0.0020032 0.018824 -0.0161698 0.044933 -0.0235072 0.00454369 
0.00535333 -0.0123618 0.0374326 -0.012163 -0.0141763 0.00925809 -0.000971603 -0.0187802 0.00393118 0.0120624 0.0184664 -0.0226911 0.0178381 0.00310557 0.00345216 -0.000709592 -0.00959205 0.00861881 0.020166 -0.0260716 0.000883905 -0.0124238 -0.00413213 -0.0225022 0.00615934 0.000808858 0.0269853 0.0166748 0.00767667 0.0101988 -0.0228588 -0.0014003 0.0206487 0.00568983 -0.00162586 -0.0222209 0.00435963 0.00296197 -0.017982 0.00409127 0.00552494 0.00295816 -0.00354686 -0.00563101 0.0254913 -0.011807 -0.0187941 -0.0091365 -0.0305609 0.0057852 0.0131437 -0.00519812 0.0360911 -0.048637 -0.00889886 -0.0121676 0.0176253 -0.00341783 -0.0268208 -0.00392347 -0.0400413 -0.028418 -0.0127997 -0.0367308 
-0.0115587 0.00882889 -0.0242801 -0.0216643 -0.0171413 -0.0155122 0.023135 -0.000801052 -0.0108028 -0.000856603 -0.0159876 0.0205048 0.0225791 0.00230529 0.0215211 -0.0268043 -0.000813899 0.00841178 -0.0410516 0.0115052 0.0192193 0.000871436 -0.0227639 -0.00149347 -0.00812527 -0.0119689 0.0220272 -0.0153352 0.0103153 -0.0138709 0.0166591 -0.00875378 -0.00275493 0.0114219 -0.00803175 -0.0136071 -0.0102953 -0.0337905 0.00525841 0.0140357 -0.0213317 -0.00563306 -0.0109071 0.00638782 -0.0237611 0.0123872 0.00776495 0.00449562 0.00608776 0.0280638 0.02924 0.0240132 0.0260898 -0.00557382 -0.0261689 -0.000865642 0.0141984 -0.00504144 -0.048599 0.0344883 0.0186358 0.0459127 0.00356945 -0.0200947 
0.0055193 -0.0274956 0.032583 0.016877 -0.0198937 0.0306164 -0.019895 -0.00495163 -0.0130477 0.0112749 -0.0178696 0.0254374 0.00175067 0.03435 0.0326996 0.003679 -0.0177359 -0.00817018 -0.00192279 -0.0126684 -0.0114793 -0.00274418 -0.0121543 0.00951481 -0.00640246 0.0012197 0.00604046 -0.00822163 -0.0315884 0.017768 0.0239166 -0.0211239 0.00922137 -0.00482665 -0.0194889 -0.0193516 -0.00983052 -0.0167676 -0.00341949 0.00920475 0.0308638 -0.00555753 -0.0199391 -0.0349735 0.0230229 -0.0281181 0.0231016 -0.0228604 0.0018087 0.0402104 -0.0088387 0.0450011 -0.0102632 0.013877 -0.0235781 -0.00386487 1.47355e-06 0.00812432 -0.00823857 0.00551027 0.0313547 -0.0219597 0.00480875 0.0403338 
-0.0163003 -0.0207541 -0.033759 -0.00229311 0.031608 -3.27638e-05 -0.0413299 -0.0146623 -0.0147376 0.021251 -0.023296 0.00227653 -0.010278 0.00386202 0.00255838 0.0258699 -0.00421342 -0.00241267 -0.0521297 -0.0158427 -0.0172565 0.0217092 0.0166357 -0.00402611 -0.00378045 0.0199226 -0.000121156 0.0303888 -0.0303647 0.0148933 0.0289312 0.00920236 -0.0196936 -0.0450628 0.00659813 0.024836 -0.00617311 -0.00700171 0.0243258 0.019129 -0.0365897 -0.0131246 0.00806709 -0.00636197 -0.0107162 -0.0152094 0.00199049 -0.00294005 -0.0144199 0.0240735 0.0282199 -0.0193719 -0.000392032 0.00142661 -0.0123186 -0.0058316 0.0328075 -0.00939011 -0.015638 0.0179731 -0.00346685 -0.00692309 0.0249442 0.0182452 
-0.0125687 -0.0328934 0.0393302 -0.00795873 -0.000145963 0.0212682 0.00710306 0.00344949 -0.014311 -0.0372936 0.00801549 -0.00192815 0.00650637 -0.0162106 0.00568573 -0.0617075 0.00366019 0.0109377 0.0367166 0.0141549 0.0300322 0.014406 -0.0112141 0.0370193 -7.53408e-06 -0.00438475 -0.00572281 0.0255801 0.0036007 0.0126837 0.00792084 -0.0245232 -0.00933775 0.0256431 -0.016359 -0.00774105 0.0202311 -0.0119339 0.0135363 -0.00320309 0.0330529 -0.00959494 -0.0137297 0.0437062 -0.0237229 -0.0139005 -0.0130035 0.0206086 -9.12497e-05 0.0224658 0.0247367 0.015022 0.00115996 -0.0100189 -0.0154684 0.0221851 -0.00838391 0.0290953 0.00769418 0.0093135 0.00728046 0.0367304 0.00880645 -0.00596293 
-0.00697711 -0.013892 -0.0303901 -0.00315816 -0.00868115 -0.00684827 0.0211028 -0.0137789 -0.00124929 -0.00618496 -0.0294679 -0.00902375 -0.0110504 0.00217621 -0.00602294 -0.00349405 -0.0125955 0.00989635 -0.0108851 0.0135796 0.0134439 -0.000962815 -0.0283911 -0.00445058 0.00892232 -0.00261734 -0.0144704 -0.0089705 0.0263208 -0.0343323 -0.0220197 0.012164 -0.0132906 -0.0177939 -0.00801909 -0.0286462 -0.00948264 0.0299217 0.00909398 0.0153634 -0.0153285 0.0098381 0.0148151 0.0156521 0.00321546 -0.0267198 -0.00606916 -0.0329394 0.00678729 0.00243862 0.0026373 -0.0370988 0.0191404 -0.0134817 0.00697766 0.00949683 -0.00174807 -0.0138529 -0.0380492 -0.0124527 0.0281302 0.0209577 -9.71884e-05 0.00491712 
-0.0336682 -0.00107026 -0.0315882 0.00290873 0.0185772 0.00987836 -0.025009 0.0186307 0.0234575 0.0119557 -0.0207138 -0.0120641 -0.0149749 0.00158985 -0.0256931 -0.00546101 0.0272243 -0.0213341 0.0176466 -0.0163474 0.015333 0.0125974 0.00835464 0.000931366 0.013587 0.0118667 0.0231284 0.00710747 -0.0049179 0.0362421 0.00206507 -0.00765877 0.00776173 0.00944586 0.0240172 -0.0295382 0.0145608 0.0250618 0.037583 -0.00371962 0.0270308 0.00438972 0.00788977 -0.00579709 0.00648752 0.0370997 0.0268869 0.02018 0.0265214 -0.0213023 -0.0410507 0.0196217 0.0314414 0.0316023 7.30533e-05 0.00296607 -0.0245662 0.035587 -0.0323327 -0.0074503 0.0238424 -0.0278428 0.000575333 -0.0259297 
-0.0467842 -0.00646495 -0.00220536 -0.00348528 -0.0354579 0.00518333 -0.0325753 0.00431832 0.0517933 0.0393989 -0.0128644 0.0030207 -0.00124915 0.0387136 -0.0167411 -0.00253667 0.0139861 -0.0311032 -0.000158243 0.00224106 -0.0160577 -0.0448164 0.0171192 0.00891636 -0.0136612 0.000796854 -0.012754 0.00354174 -0.0469585 -0.000839618 -0.0305386 -0.0248353 -0.0144543 0.0114735 0.0246263 0.0071536 -0.012027 0.0173971 -0.0226424 -0.0127391 -0.0246766 -0.0186089 -0.0155693 -0.0233401 0.0294041 -0.0310487 0.00270761 0.0181682 -0.0324625 -0.00539278 0.00128084 -0.00625526 -0.0146063 -0.0340683 0.0459193 -0.00390676 -0.00357346 -0.0163209 0.0101468 -0.026199 0.0155597 -0.0102671 -0.00137897 0.00797679 
-0.0426599 -0.0032931 -0.00571238 -0.00615923 -0.0212894 0.0111505 0.0116093 -0.0182801 0.011384 -0.0199246 -0.012775 -0.00462491 0.000742872 0.0124827 0.00824515 0.0177939 0.0186196 0.0232504 -0.0190537 0.0151149 0.0313109 0.0145852 -0.00177795 0.0251402 -0.0250305 -0.0159885 0.00581931 0.000740193 -0.0189393 0.0103435 -0.00658191 -0.00374761 -0.0284252 0.00804421 0.0258777 0.00953541 0.026894 0.0274612 0.000727502 -0.0204305 -0.0105374 0.0278037 0.00549545 0.0056155 -0.00297717 0.0123933 0.00720652 -0.0206152 -0.0077911 -0.0159723 -0.0140379 -0.0110886 -0.0163548 0.000583343 -0.0162835 0.0356026 0.00456441 -0.00227269 0.0267815 0.0195771 -0.0268815 0.0154272 -0.015352 -0.00398129 
0.000977385 0.0215414 -0.0280433 -0.0219725 0.0141982 -0.00955737 0.0130154 -0.0441906 -0.0139276 0.0145447 0.0334389 0.00766994 0.0386283 -0.0468166 0.0169544 -0.0185829 -0.0224136 0.00186199 0.0134962 0.0269202 -0.00313063 -0.00957818 0.000903243 0.0259241 -0.00511991 0.0058712 -0.00265083 -0.0296927 0.0154554 -0.00686622 -0.03472 -0.0200284 -0.0160527 0.00162839 0.00334524 0.0342844 -0.0355914 0.00252192 -0.0336416 -0.0218976 0.0178796 0.0207991 -0.00192711 0.0208789 0.0124445 -0.00958747 0.00840072 0.00481192 -0.0392474 -0.0613235 0.0317668 0.0355511 -0.00732364 0.0220132 -0.0338718 0.00312668 0.0119958 -0.0126583 -0.0127099 -0.0383087 0.00274134 -0.0143199 0.00272544 -0.00964092 
-0.00244423 -0.0184073 -0.00922973 -0.0336446 -0.00460446 -0.00923187 -0.00838757 0.0309591 -0.0353523 0.0161854 -0.0107968 -0.010272 -0.00759834 -0.0302304 -0.00901171 0.0107328 -0.0193591 0.0548894 -0.000664367 -0.0392125 -0.0209544 -0.0150064 -0.013732 -0.0162189 0.00505294 -0.00734435 -0.0114979 -0.00144255 -0.00803901 -0.0192381 0.0365436 -0.00186445 -0.0127537 -0.00356991 0.0258727 0.00861824 0.00635839 -0.00831096 -0.0157717 -0.0119744 0.0626344 0.00265071 0.0036468 0.0251245 -0.0222714 0.0061539 -0.0288363 0.0334154 -0.0414509 -0.0238059 0.0292219 -0.00751582 0.00030405 0.00291043 0.012494 0.00927734 0.0185505 -0.0195501 -0.0019329 -0.0181126 -0.0225019 -0.0314655 0.0215233 -0.0181919 
0.0162062 0.00582101 0.00158359 0.000144698 0.0243786 -0.00199667 0.0210397 0.0157742 0.0140894 0.0232636 0.00945838 -0.00584452 0.00420956 0.0494392 0.0388744 0.0261998 -0.0111135 0.028713 0.0163205 -0.0334937 0.015221 -0.00397151 -0.00813888 -0.00292953 -0.0226077 -0.00850105 0.0308085 0.0277747 0.0154529 -0.0317886 0.042541 -0.00316016 0.0328931 -0.000963072 -0.0174494 -0.0285203 0.0122919 -0.013771 0.0184902 -0.00956368 -0.0155141 0.0116609 -0.0355675 -0.0281069 0.00691683 0.00827969 -0.00521433 0.00308877 0.00186358 -0.00537968 -0.00148865 0.0158057 -0.0203529 -0.0209379 -0.0152145 -0.0148301 0.0141506 -0.00801951 -0.0198963 0.00820908 0.00750504 -0.0134165 -0.0025895 -0.0317981 
0.00224388 0.0281167 0.00686888 -0.0109965 -0.0252112 0.00421327 0.0092075 0.0258317 0.0158728 -0.0221744 0.0172679 -0.00340322 -0.0200102 -0.0112861 -0.00621673 0.0117073 0.0252849 -0.00830908 -0.0350411 0.0223759 0.0110104 0.0154126 0.00481811 0.00471788 -0.024477 0.0100146 -0.0236814 0.0102333 0.0251243 -0.0139424 0.0189228 -0.0145143 0.0188372 0.0051652 0.0196967 -0.0160876 -0.00268851 0.0266803 0.0374684 0.0351598 -0.0253277 0.0189243 0.017219 0.0151506 0.00787765 0.00705676 0.0360846 -0.035988 0.0177149 0.0103987 -0.0301635 -0.0021803 0.00973136 -0.0204908 0.0126972 -0.00126599 0.00452368 -0.030718 0.00112196 -0.0145493 -0.00579898 -0.0126966 -0.0323354 0.00243246 
0.00640739 -0.0513608 -0.00323618 -0.0156751 -0.0096308 -0.00434742 0.0269621 -0.0392519 0.0107549 0.0132606 -0.00958147 0.000836448 -0.033953 -0.0122643 0.0208058 -0.00559922 0.00759591 0.00389993 -0.015417 -0.0172523 -0.00304745 0.0205864 -0.00957423 0.00538507 0.0108807 0.00102564 0.0396651 -0.0238457 0.027711 0.00425229 -0.00660232 -0.0044827 -0.0130959 -0.0162788 -0.0203492 0.011968 0.0025975 -0.0100241 -0.0372276 0.0116933 0.00161104 -0.00743083 -0.00563403 -0.0105432 -0.0414276 -0.00316011 0.00695465 0.0150279 -0.0151332 0.00350913 0.00450582 0.0119803 0.0323063 0.0283842 -0.000805513 0.0176669 0.0167938 -0.00303041 -0.0216953 -0.00209878 -0.0098051 -0.0236849 0.0191238 0.0206251 
0.0344023 0.000160831 -0.0218097 -0.0165294 0.00306953 0.0123947 -0.00651095 -0.0138719 0.00924565 -0.00971243 0.00780125 0.0178087 -0.0018207 0.0207049 0.0327949 -0.00371942 -0.0212342 0.0106694 -0.0181616 -0.0164255 -0.0131431 0.0158951 -0.0252815 -0.0191713 0.0188551 -0.0325665 0.055237 0.000883328 -0.0314987 0.0230335 0.0106386 -0.0293942 -0.0105544 0.0163608 -0.0142868 -0.0243794 0.0164009 -0.0139989 0.0252032 0.00377837 0.000715611 -0.0101108 0.0110189 -0.00365094 -0.020619 0.0213742 -0.0175317 0.00338059 -0.00696437 -0.0666773 0.00220462 0.0102851 -0.0130716 0.0194594 -0.00332033 -0.000337237 -0.0379483 0.0310581 0.00219836 0.0336036 0.0253167 -0.0391812 -0.00800616 0.0157594 
0.00314693 0.00704055 -0.0154353 -0.0200112 -0.0226766 0.00635362 -0.00618738 0.0106933 -0.00529114 -0.0213082 -0.0168799 0.0187094 0.0239954 0.0141099 0.0220181 -0.0095587 -0.0191344 0.00928212 0.0246813 0.00641395 -0.0336243 0.0139478 0.0243074 0.00928979 0.0659123 -0.00173375 -0.000480276 0.00429094 0.0392945 -0.00498975 -0.0227049 -0.0229288 0.0250772 -0.0246741 0.00548727 0.0272626 0.0103796 -0.0263175 -0.0113039 0.0263293 0.0345949 0.0009528 -0.00576332 -0.047463 -0.00340559 0.0229575 0.0003396 0.0175669 0.00746103 0.00420342 -0.00581847 -0.0194275 -0.0301547 -0.0247004 0.0089126 0.0115582 0.0540334 0.0294876 -0.000895586 0.00480367 -0.00228443 0.010914 -0.0175683 0.00659395 
0.0330447 -0.000206171 -0.00692365 -0.0374722 0.0039883 -0.017649 -0.00723524 -0.00806389 -0.0228646 -0.0182428 0.0445795 -0.0427875 0.000452767 -0.0115891 0.0284042 0.0052312 0.00249032 -0.00344345 0.00319159 -0.0115611 -0.0296989 0.0528467 0.00946149 0.021619 0.0427629 0.0144288 -0.00753163 -0.0255204 -0.00597704 0.0471477 0.0184337 0.0223114 -0.0144706 0.0254046 -0.0182136 -0.00666267 0.0178586 -0.0235835 -0.0172857 0.0220549 0.00944525 -0.0137979 -0.0321161 -0.00952789 0.00340097 -0.0114499 -0.00836788 0.0211561 -0.0174997 0.0261725 -0.0160061 -0.00507498 0.0568461 -0.0288485 0.0233356 0.0436618 -0.00479313 -0.00712307 0.00409633 0.0034879 -0.00552384 0.00650138 0.0110457 0.0176378 
-0.0203977 0.0123015 0.0102019 0.0401338 -0.000340104 -0.017703 -0.00489417 0.0287284 0.0125235 0.0219425 -0.0177415 0.00681523 0.0181904 0.00329416 -0.0347298 -0.0176608 -0.00505949 0.0218928 -0.0178858 0.0186792 0.0254691 -0.0157205 -0.0189745 0.00631391 0.00282891 -0.0105484 0.0198021 0.016095 0.0600359 -0.019606 0.0270067 0.00999892 -0.0382144 -0.0240075 0.0423763 0.000702435 0.00279073 -0.0255053 -0.00195831 -0.0098501 -0.0305491 -0.00725341 -0.00625594 0.0169178 0.0359321 -0.00429842 -0.0391889 -0.00137663 -0.0193436 -0.0409965 -0.0243049 0.0119646 0.00220242 0.00116565 0.0198766 -0.0278301 0.0038885 -0.0275521 -0.00433821 -0.0185727 -0.00323181 0.0426078 -0.0181602 0.00976664 
0.0178724 0.0284474 -0.0132705 -0.0103709 0.0353867 -0.0152168 -0.0216288 -0.0144777 0.012399 0.0279348 0.0198842 -0.000931179 -0.0306566 0.00152835 0.0199161 -0.0152049 -0.00283348 0.00289765 -0.0260753 0.0107558 -0.0196744 -0.00216422 0.0119973 -0.00896397 0.00705913 0.000512022 -0.016263 -0.00796592 0.00650637 -0.000724877 -0.00132268 0.0342522 0.0118028 0.0218334 -0.00766497 0.0230474 0.0065727 -0.0169642 0.021641 0.0118214 -0.00352141 0.014019 0.00503754 0.0199883 -0.00933775 0.0181115 -0.0335963 0.000942373 -0.00829527 0.00832359 0.0420725 -0.00438579 0.00565084 -0.0262047 -0.0028269 0.0248078 0.00328852 0.00236412 -0.00832339 0.0370024 0.0122943 -0.00987358 0.00413438 -0.0247331 
-0.0179502 -0.00841826 -0.00667671 0.0196862 -0.044814 0.0121403 -0.0254962 0.0123642 0.0209283 -0.00876873 0.0307765 -0.00323368 0.0194732 0.00197613 0.0372077 -0.00843163 0.00188204 -0.00927103 -0.00715865 0.00249027 -0.0421975 -0.0308681 0.0174394 0.0239216 0.0393221 0.004872 -0.00586495 0.00297475 0.0458391 -0.000115613 -0.0256198 0.0250026 0.021952 -0.00660322 -0.00187123 -0.0338598 -0.0377096 -0.0317014 -0.00235853 0.0379211 -0.0218198 0.00921029 -0.00186631 -0.0173132 -0.00879235 0.0156062 0.00287536 0.017762 0.027815 -0.0124425 0.0235164 -0.00571166 -0.0243755 0.017031 -0.0027873 0.00601319 0.0353993 0.00721682 -0.00659019 -0.0185042 0.00454226 -0.002621 0.00751008 -0.00349541 
-0.000608996 0.0234814 0.0101765 0.00945643 0.000393834 -0.0196488 -0.0190637 0.00589067 0.0299674 0.00509953 0.0123518 0.0326498 -0.000468 -0.0171863 0.00263002 -0.00961511 -0.0131867 0.0221116 -0.0483602 0.0229077 -0.0188789 0.020134 -0.00650062 0.022384 0.00443899 -0.00686872 -0.015879 -0.00190065 -0.0111604 -0.0209635 -0.0388217 -0.0297595 0.007835 0.00430993 -0.0162654 0.0145949 0.0175952 -0.000269139 -0.00611724 -0.0165506 -0.0139655 0.00154647 0.00669637 -0.0184879 -0.00587943 -0.0105121 -0.0016009 -0.00356843 -0.00126972 0.0559111 -0.0152276 -0.0214902 -0.0199302 0.00174947 -0.0138243 -0.0703193 -0.00764971 0.00513833 -0.0104935 0.0408315 0.0087169 0.00477827 0.027753 -0.0195319 
0.00163588 -0.0106011 0.0317989 -0.0324265 -0.0325866 -0.0179131 0.00187893 -0.0145294 -0.0162417 0.000895176 0.000277426 -0.00468315 -0.00590034 -0.0178656 -0.043616 -0.00313217 -0.00958275 -0.0108739 0.000433753 -0.0137011 0.0461492 -0.0221961 0.0388185 -0.0272498 0.000545455 -0.00806256 0.0103757 -0.0250084 0.00804578 0.0091814 0.0173787 -0.011215 5.16601e-05 -0.0151541 -0.0116542 0.014274 -0.0134068 -0.00547013 0.0111133 -0.000989902 0.00768593 0.0185288 0.0240668 -0.0083138 -0.0187163 -0.0191086 0.00788844 0.00366889 0.00108417 0.0143036 -0.00529968 0.0213499 -0.00543529 0.00293195 0.00369886 0.0128547 0.0369181 -0.0136322 -0.0159747 -0.0297519 -0.0176758 -0.0184456 0.00209403 0.00246455 
-0.0229737 -0.00253387 0.0157692 0.0520885 0.0276756 0.0081188 -0.000686353 -0.0020869 -0.0210951 0.0132896 0.0213111 0.0375176 0.0204984 -0.00112844 0.0157192 0.00119755 -0.00014402 -0.0199858 0.00533389 -0.0323109 -0.0343359 -0.00428955 0.00456196 0.0121434 0.00668413 0.0471604 0.00717524 -0.0136125 0.0284232 -6.59109e-05 0.0252345 0.00924787 -0.0137205 0.0189309 0.016848 -0.00702248 0.0026039 -0.00658415 -0.0111486 0.0302612 0.00972703 0.00681823 0.0122313 -0.0330436 -0.00936211 -0.0155409 0.010908 0.0281276 0.00609378 0.0147055 -0.0209394 0.0223207 0.0179228 -0.00172606 -0.0192846 0.00868252 0.00522115 -0.0183588 -0.00888286 0.0256087 -0.0212854 -0.00528794 -0.00799495 -0.0194185 
-0.011929 -0.00489581 0.00288169 -0.00814523 -0.0270285 -0.0259402 0.0107497 0.0432999 -0.00296734 0.00665352 0.00530813 0.00492688 -0.0213584 -0.00902222 -0.018407 0.0490582 -0.0423363 0.0125938 -0.0455097 -0.00482661 0.00729916 -0.00849596 -0.00778746 -0.0348144 0.0102446 -0.0183564 0.00616388 0.00907568 -0.0421327 0.010867 0.0228006 -0.000741973 -0.0120855 -0.0125589 -0.000459824 0.0144445 0.0349956 0.0161288 0.0202332 -0.0162864 0.00871078 0.0224071 0.0210442 -0.0318382 -0.00793621 0.0184969 0.00694993 -0.0148885 -0.0120617 -0.0167648 -0.014277 0.0194792 -0.00341743 -0.0176017 -0.0111384 -0.00776524 0.0220769 -0.00331381 0.00127317 -0.00984227 0.00626141 0.00953719 0.0178856 0.0242358 
-0.0121016 0.00927843 0.0215223 0.0046756 -0.0109508 -0.0159091 -0.0112649 -0.00260769 0.0346467 -0.00225553 0.00238953 0.0202076 0.0334724 -0.0201239 0.00170963 0.00594319 -0.0125817 -0.0051666 0.0209738 -0.04039 0.0209071 -0.0140634 -0.0107261 -0.0026941 -0.016148 -0.0108241 -0.00698004 0.0109185 0.0348516 0.00323307 0.0150941 0.00814148 0.00483836 0.0250742 0.0352664 0.00767754 -0.00188205 -0.0105812 -0.00550166 0.0120387 -0.0205656 0.00192855 -0.0212184 0.0436838 -0.0209148 -0.0106488 -0.0232285 0.0131183 0.0291832 0.0237419 -0.00796366 0.00774347 0.00994258 0.0122707 0.0114207 0.0482113 -0.0141615 0.00888594 -0.0218274 0.0151798 -0.0409179 0.00586732 0.0142227 -0.0219382 
-0.00737427 0.00551494 -0.0080474 0.0220595 -0.0209798 0.00577865 0.0592395 0.0211522 0.0339418 0.00223361 0.00998522 -0.00925076 0.00414436 -0.0121369 0.0004113 -0.00802263 0.017234 -0.0122571 -0.0160471 -0.0296714 0.0116038 -0.00570504 0.0104079 0.0646553 0.0135513 -0.00715431 -0.0110806 0.0193585 -0.00289874 -0.030383 0.0530867 -0.00542829 -0.00585705 -0.010896 -0.0048983 0.0114536 -0.00592698 0.0272158 -0.0213042 0.0336466 -0.0148575 0.0134309 0.00718963 -0.0319776 -0.00560018 -0.0339611 0.017502 0.0186222 -0.0259526 0.0061876 -0.0179252 -0.0160577 -0.0179286 0.0605306 -0.0009112 0.0366908 0.00589903 0.012647 -0.00442903 0.0128546 0.00552234 0.0293595 0.0204898 0.0403467 
-0.00511071 0.028521 0.00757753 0.0109679 -0.0146265 5.1746e-05 -0.0142472 0.00208 -0.0168463 -0.0231508 0.0180994 0.0279335 -0.00512504 -0.0229322 -0.0113122 0.000447106 0.0133225 0.0270944 -0.0115171 -0.0117741 0.00708934 0.0347504 -0.00199578 0.0209619 -0.00818912 -0.00522205 0.0340076 -0.0200736 0.0243179 -0.00988065 -0.0314742 -0.0150889 0.0233393 0.00143412 -0.000529111 0.0149031 -0.0147361 0.0365331 0.0225884 -0.0022143 -0.0217477 -0.00986096 -0.00624508 0.00677572 -0.00709035 0.00110277 0.0265832 0.0162023 0.0104167 -0.0216161 -0.0302867 0.00173824 -0.0294379 -0.00751357 -0.0204293 0.0132391 -0.0116068 -0.0368142 0.0145864 -0.00162922 -0.0204671 -0.00486931 -0.0112817 0.00711834 
-0.0249067 0.0139155 0.0352722 -0.0129082 0.0156871 -0.00926505 0.00770797 -0.00612057 0.00749984 -0.0137142 -0.0165687 0.0131661 0.00385562 -0.0426927 -0.005242 0.0197568 0.00420121 0.00152464 -0.0313398 0.00915693 0.00462323 -0.0301968 -0.00432162 0.0542354 0.0124879 0.0200151 0.00577203 -0.0103592 0.00550503 0.0153621 -0.010049 0.0110608 0.00672862 0.0406744 -0.00723094 0.00613594 -0.00115466 -0.0177474 0.0029396 0.0262499 -0.0477546 -0.00860287 0.0151676 -0.0222586 0.0269328 0.0151169 0.027138 -0.0108934 -0.00970545 -0.00514505 -0.000865412 0.00261053 0.0165458 -0.017603 -0.0190842 -0.00334268 0.00195465 0.00188591 0.0034563 -0.0255653 -0.012406 -0.0369118 0.026385 0.0265481 
0.0164025 -0.0162657 -0.0080988 0.0627688 -0.023097 -0.0111942 -0.0104221 -0.0244047 0.0232139 -0.00443101 -0.0163764 -0.0102607 -0.00431723 -0.0178204 0.00672431 0.0291847 -0.00154137 -0.00657077 0.0260805 -0.0104462 -0.00995033 -0.00206281 0.0173782 0.00343661 -0.0115852 -0.00617265 0.012078 0.0223638 0.0162541 0.019117 0.00847963 0.0108996 0.00424111 -0.00342033 -0.000715882 -0.0144983 -0.0190323 -0.00382695 0.0457541 0.0234362 -0.008129 0.00576049 0.00721359 -0.00179928 -0.0247534 -0.0343748 -0.0391973 0.00881426 -0.0328934 -0.0354575 -0.00573686 -0.0343581 -0.00877628 0.0304878 -0.00556312 -0.0203085 0.00628657 -0.0177815 -0.0114602 0.00937692 0.00182814 -0.0102225 -0.00231985 -0.0084812 
-0.0198682 0.00807186 0.00535343 0.00373987 -0.00209124 -0.0293154 -0.0274624 0.0124925 0.0284534 0.00295756 -0.0270252 -0.00435995 -0.00179269 0.0161031 -0.0234817 -0.0192499 -0.0149871 -0.025825 0.0123764 0.0583208 -0.0270144 -0.0282636 -0.00909516 0.0234238 0.0138558 -0.00939273 -0.00834631 -0.00976909 -0.000560782 -0.0368766 0.00683723 -0.0082629 -0.00639984 -0.0227286 0.00193123 -0.00245667 0.0101091 0.0247117 -0.00489569 -0.00348996 0.0224361 -0.00459858 0.0112979 -0.0269677 -0.00996218 -0.0198665 -0.00474386 0.019487 0.0218965 0.00578815 -0.0237472 -0.00853129 0.0125536 0.0406008 0.00424223 0.00204719 -0.026039 0.00293519 0.0344145 -0.0316448 0.00281044 -0.0349321 0.000769217 0.0237064 
