64 256
0.0101833 -0.0117175 -0.00181156 0.02564 0.0372531 0.0142046 0.0376443 -0.0305667 -0.0254658 0.00408314 0.0227323 0.0204547 0.00555781 0.00799626 0.0263471 0.000889434 0.0342631 0.013228 0.0186913 0.00373553 -0.000172805 0.00578145 0.00112516 -0.0115978 0.000553632 0.0333247 -0.00635267 -0.00714138 -0.00346162 -0.0302265 0.0166564 -0.0184623 -0.00464788 0.00428487 0.014586 -0.0164642 0.0141295 -0.0037141 -0.0189213 0.0339014 -0.0225587 -0.0194221 -0.00750429 0.0300547 -0.0230071 0.00914505 0.047404 0.00258995 -0.0475733 -0.0125877 0.0480604 0.0105452 -0.0160286 -0.00954035 -0.0228365 -0.00460799 0.00496767 -0.0124175 -0.00556936 0.0123789 0.0269656 0.0237598 0.0172433 0.0276533 9.80436e-05 -0.0181129 0.00349029 -0.0149694 -0.00560646 0.000205139 -0.00626162 0.00173789 -0.00642496 -0.00876986 -0.00674872 -0.0115669 -0.00677514 -0.00926716 0.0016655 -0.00928088 0.0172695 -0.0105736 -0.00496194 -0.0152683 0.00118346 -0.0281302 0.0633913 0.0047519 -0.037778 0.00255738 -0.0161641 0.00194127 0.0052284 0.0295701 -0.0166199 0.0133004 0.00376095 -0.0078811 0.0114433 0.00521015 -0.00605576 -0.00269291 -0.0102471 0.0185564 0.0227465 -0.00871826 0.0107526 0.0132156 0.0059936 0.0088065 -0.0205964 0.0132323 0.00936639 0.0147235 -0.00990852 -0.00705704 0.00288267 -0.00991887 0.0050823 -0.0123512 -0.0176572 0.016216 -0.00624408 -0.00484255 0.00127836 -0.0239709 0.0337846 0.00137429 -0.0182101 0.00689118 0.0188978 -0.000193979 0.0396753 0.00198975 0.00513263 0.0271355 -0.00590685 0.0201426 0.0362292 -0.0310159 0.0390168 0.0202454 -0.00920063 -0.0042003 -0.0384889 -0.0139169 -0.0122562 0.00549557 -0.00627657 0.0347031 -0.0283693 -0.0439575 0.027365 0.0185031 -0.00166075 0.0244651 0.0164372 -0.022697 -0.00550493 -0.0166177 0.00659687 0.0156175 0.012177 -0.0197811 -0.0179765 -0.00489085 0.0133575 -0.0293868 0.00196222 0.0258306 -0.00859817 -0.023005 -0.0053047 -0.0134629 0.0300595 0.00750749 0.00816821 0.00396989 0.0299473 -0.00631736 -0.000890255 0.0115122 0.00473988 -0.0237475 -0.0131407 -0.000104516 -0.0208933 -0.0133178 0.0120124 0.00345292 0.0139796 0.0114046 -0.0180453 -0.0250639 -0.0136424 -0.0117399 -0.0200682 0.0188973 -0.0160183 0.0386336 -0.0184429 -0.0275337 0.0139269 0.0147202 -0.0190401 -0.0271049 -0.00445941 0.00380317 0.0225118 0.0395006 -0.00340115 -0.00708321 0.0288485 0.0117707 -0.00145211 0.0299264 0.0286561 -0.0385286 -0.00247932 0.0164421 -0.023733 -0.0262428 -0.00466735 -0.023435 0.000958999 0.00823611 0.0112618 0.00253589 0.00682965 0.0031526 -0.0334894 0.0249047 -0.00700387 -0.00431039 -0.0111907 -0.000855745 0.00234123 -0.0172029 0.00233036 -0.0274108 -0.0132008 -0.00793756 -0.0186113 0.0408798 0.00270423 0.00328808 0.00105816 0.0213305 0.0313774 -0.00858482 -0.0123865 0.0428046 0.0130815 -0.00714364 0.022654 0.00934892 
-0.00231594 0.00369836 -0.00368462 -0.0305957 -0.0176526 0.00966672 -0.0052384 0.0264565 -0.00926215 0.0125486 -0.0201452 0.0234117 -0.00971825 0.0271419 0.027484 0.0198874 0.0197374 0.0246424 0.0454606 0.0190741 0.00830071 -0.00329302 0.0377173 0.0109227 0.0112123 -0.021238 0.0253677 0.00764459 0.0394244 -0.00855834 0.00923283 -0.0187222 0.00925373 -0.015539 -0.0066696 -0.0323358 0.0178848 -0.0121728 -0.00830238 -0.0136963 0.00735179 -0.0100196 -0.020451 0.00379435 -0.0140618 0.0185636 -0.00949578 -0.0102615 0.0142404 0.00821523 -0.00607207 -0.00988268 0.0148872 -0.00558848 -0.0193243 0.0150206 -0.0141546 0.0127071 0.00453938 -0.00661912 -0.0175928 0.0105002 -0.0030284 -0.0186955 0.0205765 0.0109628 -0.00591694 -0.0333558 0.0119319 -0.0290213 -0.0166543 -0.0246441 -0.0294746 -0.00658225 0.012806 0.00391169 0.0224933 -0.0278785 0.00555652 0.0144142 -0.00382297 -0.00627399 -0.00276566 0.023227 0.0137811 -0.00685308 -0.0237052 0.025535 -0.0173368 0.0248869 0.0226401 -0.0380078 0.0129112 -0.0151656 -0.0143399 0.00337471 -0.0248215 -0.0262653 -0.0124555 0.00920608 -0.0307357 -0.0133291 0.00434009 -0.0120006 0.0133994 -0.0401923 0.00344832 0.000781453 0.00176502 -0.0387512 0.0158694 -0.0197556 -0.00375162 -0.0117874 0.0174772 0.0431712 -0.00661171 0.00706146 -0.0207449 -0.00386 0.00255912 -0.00040406 0.00707097 -0.0126223 -0.0102835 -0.00856537 0.0429908 0.0251936 -0.0450161 -0.00207971 0.0150474 0.0465951 -0.0130853 0.0165938 -0.0327702 0.00958458 0.0316796 -0.00456874 0.022605 -0.00553419 0.0208909 -0.00269459 0.0106245 -0.0196122 -0.0360825 -0.0478846 -0.0121363 -0.0247134 -0.0149119 0.00110505 -0.0109072 -0.0548312 -0.00755603 0.0168735 -0.024554 0.0422187 -0.029126 0.0439918 -0.0233068 -0.00280804 0.021332 -0.00423317 -0.00857395 -0.0203931 0.0283549 0.000893583 0.00274082 -0.00685713 -0.00197178 0.0216672 -0.0144279 0.0482478 -0.0255232 -0.0153776 0.012864 -0.0286416 0.0300119 0.026601 -0.0242646 -0.0158345 -0.000299961 0.016003 0.0433747 -0.00665524 0.0310314 0.022608 -0.0111088 -0.0188585 0.00133509 0.0142135 0.018452 0.0232238 -0.0310368 -0.00223514 -0.00543836 -0.0110512 0.0213464 0.012378 0.0362227 0.00896994 -0.0417293 0.000372733 0.00634866 0.0239966 -0.0335584 0.00342442 0.00779263 -0.0220668 0.0226033 -0.023441 0.00639006 -0.00219771 -0.0181845 -0.00334219 -0.00652677 0.00562623 -0.00655228 -0.000757372 -0.0125004 -0.0132438 -0.00608805 0.0195534 -0.00358581 -0.00108251 -0.0189537 -0.0172222 0.00493795 -0.00634569 -0.0273578 0.00789362 0.024691 0.0237398 0.00878485 0.0461032 0.0180747 -0.00306471 -0.0220444 0.0304151 0.00334671 -0.0215847 -0.00761503 -0.0222572 0.00237458 0.0248554 -0.0133243 0.0131126 -0.00827051 0.0297748 0.0236334 0.00660694 0.0292759 0.0141221 0.00563225 -0.019703 0.0206174 -0.000323619 
0.000845522 -0.00685304 0.0165956 -0.0115776 -0.0100254 -0.0256374 0.00767863 -0.0135221 -0.00101227 0.0224176 0.0109842 0.00757838 -0.0242968 0.0212369 0.0188102 0.0177436 -0.0116898 -0.0194502 -0.000616407 -0.02892 -0.00469967 -0.0114778 0.00574265 -0.0189939 -0.0429628 6.20125e-06 -0.0208098 0.00452679 0.00653543 0.0166948 0.0149015 0.0171932 0.00882626 -0.0429357 -0.0212293 0.0152391 -0.000385277 0.028095 -0.0477432 0.0365046 -0.000219997 -0.0139004 0.0114539 -0.0162666 0.00450786 -0.00740049 -0.0024 -0.0088548 0.0283138 -0.0111859 0.0311726 -0.00743904 0.0157737 -0.00514631 0.0256106 -0.0411874 -0.0223457 -0.00680058 0.0019474 0.00198258 0.0219382 -0.0220564 -0.00440589 0.0109302 -0.00812175 0.0016137 -0.0203616 -0.00720772 0.00238462 0.00262485 0.00577451 -0.00698233 0.0121568 0.0341905 -0.0124596 -0.00919211 0.0211559 -0.0271258 0.00829079 0.00910161 0.00842799 -0.0146746 0.0189202 0.00372524 -0.033554 0.00311733 0.00234223 0.00213986 -0.0196556 -0.0267898 -0.0090993 0.0227098 0.00167981 -0.0096131 0.0230538 -0.0117477 -0.0127172 0.010165 0.00579361 -0.0109975 0.0151215 -0.00407479 0.0154232 0.0211937 0.0150439 -0.0204172 -0.0423918 0.0361142 -0.0121929 -0.00992582 -0.00379819 0.0312126 0.0100931 0.0116059 0.0237931 0.0110223 0.0372357 0.0186457 0.0226337 -0.0131023 -0.0206237 0.0314428 -0.0119306 0.0105692 0.0167369 -0.00735328 0.00597008 0.0191814 -0.00242425 0.0486291 -0.00182135 -0.0163901 -0.0214626 0.031375 0.0102974 0.0206201 0.010259 0.000879145 -0.0154548 -0.00862316 0.0106488 0.0526162 -0.00821137 0.021927 -0.0329276 0.035635 -0.0123167 -0.0127724 0.0182787 -0.00257129 0.0123557 0.0280057 -0.0119399 -0.0100864 0.0146954 0.020029 0.0100264 -0.00154516 0.0169758 0.0316443 0.00715086 -0.0136423 -0.00676015 0.0170401 0.00254592 -0.0111179 -0.00282678 -0.00681764 0.0022946 -0.0193979 -0.0337403 0.0226416 0.00307393 -0.0114171 -0.00146042 -0.00952503 -0.00301777 0.00677695 0.022141 0.0100842 -0.0225784 -0.0481435 0.000892031 -0.0354157 0.0428444 0.00354412 -0.0301851 0.0358777 4.78213e-05 0.00833833 -0.0053405 -0.0048845 -0.0272379 -0.0240745 -0.0213528 -0.000792886 0.00517433 -0.0249997 -0.0032327 -0.00313813 -0.00571113 0.0240274 0.00777719 -0.00572309 -0.00840151 0.0112825 -0.00220752 -0.014827 0.0145064 -0.0168113 -0.0224352 0.00997595 -0.0281644 -0.0192104 0.00591914 -0.00190112 0.0324386 0.0183968 -0.00617098 0.00309459 -0.00638494 0.00604154 -0.0246731 0.00657217 -0.0305606 -0.0151985 -0.02461 -0.0208798 0.0147052 0.0113106 -0.00663408 -0.0143903 -0.0208309 -0.0174609 0.0115131 0.00354646 -2.86733e-05 -0.0126298 0.0425563 0.0182361 0.00129801 -0.027633 -0.00871135 0.00112309 0.0204199 -0.0146009 -0.0234776 -0.0237404 0.0248068 -0.00452508 0.0190494 0.0468664 0.0165838 0.00391568 0.00732133 0.0210577 
0.0250354 0.00782361 0.00280995 0.00523018 -0.00958691 -0.0012955 0.00963417 -0.0242727 0.0193751 -0.0466905 0.0166834 0.00906287 -0.0372173 -0.0162832 0.00296698 0.0132794 -0.00449849 0.0086432 -0.0172793 0.00528473 0.00103523 -0.0082972 0.001658 -0.00513079 0.0052318 0.000928893 0.00626927 0.0353875 0.00567201 0.0107995 -0.0163662 0.032557 -0.00575379 0.030295 0.00679666 -0.0130081 0.00996088 -0.016528 0.0255195 -0.00443903 0.014502 -0.0267518 -0.00918464 0.00881507 -0.0170058 -0.000586098 0.028753 0.0285844 0.0161883 0.028236 0.0173067 -0.00437907 -0.0252738 -0.0105065 -0.0139196 0.0168699 -0.0146221 0.0219873 0.0201137 -0.0303528 -0.00920803 -0.017565 0.0203443 0.00140076 -0.000943403 0.0233817 0.0353352 -0.0225939 0.0146857 -0.00229107 0.0123878 -0.0194607 0.0133051 0.0393742 0.0131494 -0.00488154 -0.009897 -0.000988715 0.000601166 0.0339335 -0.0217781 0.0296899 0.00200257 0.0100306 -0.00565397 -0.0186677 0.0113085 0.00922984 -0.013432 0.0154458 -0.0201425 -0.00412098 -0.0179664 -0.0151946 -0.038707 0.0198582 -0.0221362 -0.0109544 -0.0375228 0.00512509 0.0255358 -0.0125319 -0.00217137 -0.0111977 -0.00934159 0.00287246 0.00182843 0.0157861 -0.00505459 0.0209559 -0.00464129 0.0303918 0.00305561 -0.0109714 -0.0113733 0.0222841 -0.00915105 -0.018728 0.0196702 0.00242759 -0.0211405 -0.0290978 0.0227522 0.0281589 0.00295389 -0.012149 -0.0241225 0.0301219 -0.00775228 0.0163883 -0.0250144 0.00173923 0.00597134 -0.00169182 0.0367721 0.00195864 0.00521939 0.0147517 0.00781879 0.00308074 0.00141747 0.00499371 -0.003267 -0.00390904 -0.0122229 0.0151089 0.0276708 -0.00695353 0.001943 0.00237393 0.0223225 -0.0557852 0.012143 0.00493312 -0.00391235 0.0149282 0.0230592 -0.00795084 0.0220787 0.0192113 0.00450204 -0.00867748 0.00988959 -0.0161504 0.0276592 0.0062451 -0.0175193 -0.00225736 -0.030525 -0.0317224 0.00803954 -0.0119819 -0.0124775 0.0361744 0.00919916 -0.00325419 0.0116491 0.0119154 -0.0282049 -0.0154685 -0.0186807 0.0150291 -0.0235078 0.0122752 -0.021781 -0.0144969 -0.00332139 -0.00275698 0.0192541 -0.0239547 0.0149437 -0.00907635 0.00717728 -0.0185832 -0.0226114 0.0196023 0.0217705 -0.00262397 -0.00147884 0.0226388 0.00322428 0.0108318 0.0163093 0.00933557 -0.0174489 0.00901698 0.0179882 -0.00751847 0.0239195 0.0114666 0.0245844 -0.00918861 0.00371206 -0.0270888 -0.013733 0.0245244 0.0141118 0.0165649 -0.013825 0.0219442 -0.0231266 -0.00750112 0.0271492 -0.0376491 0.0460501 -0.0196645 -0.00196666 -0.00421937 0.0194891 -0.00483551 0.0102735 0.00944418 -0.00796875 -0.00310316 0.00859238 0.00603052 0.0384751 -0.0404238 -0.00194715 -0.0338163 0.0163304 0.00533257 -0.0192581 0.0344028 -0.0100905 -0.00722705 0.016194 -0.0107241 0.0176627 0.000272114 -0.00653055 -0.0104573 0.0309906 0.0191987 0.00610239 0.0234394 
0.00962027 7.74253e-05 -0.0107741 -0.045528 -0.000830796 -0.0213194 0.0103088 -0.00371382 0.0158312 -0.0363713 -0.00851032 0.0124642 0.0209243 -0.00361586 -0.00102357 -0.0148282 0.0422364 0.00938134 -0.0129291 -0.000682089 -0.0251368 -0.0116551 -0.00208699 0.0121607 0.0223932 0.032318 -0.0136591 0.0100145 -0.00837611 -0.0468102 0.00918528 0.0168612 0.0237854 -0.0282661 -0.00034385 -0.0304757 0.00587628 0.0120961 0.0124604 -0.0119959 -0.0296386 -0.0212317 0.000309385 0.00117495 -0.00171885 -0.033385 0.00221923 0.00295364 -0.0128085 -0.0376427 -0.030514 -0.00542259 0.0234662 -0.0314552 0.0276705 -0.00913764 -0.0079208 -0.00659883 -0.0326233 0.00502517 -0.00255622 0.0513473 -0.0522403 0.000116904 0.00121475 -0.0188318 0.00979822 0.0136174 0.0152246 -0.0196423 -0.022371 0.0299625 -0.00409433 0.0111302 0.0394703 -0.000908748 0.0361327 0.0186907 -0.0125469 0.0373829 -0.0127213 -0.0267509 0.0270937 -0.0123039 0.0204392 0.000234753 0.00860084 0.00459271 0.0174251 -0.0418567 -0.0135791 0.00819182 0.00196724 0.0140887 -0.0285465 0.0419157 -0.0246899 -0.0161663 -0.0230671 0.0323244 0.0259718 0.000102647 0.00722033 -0.0157717 0.00967435 0.00812489 -0.00201707 0.0126198 0.00670517 0.00466477 -0.0289732 0.0146307 -0.0220746 0.019831 -0.00877713 -0.00559182 0.00102559 0.00499728 -0.0113421 -0.0133336 0.0346686 -0.013445 0.00469047 -0.00470266 0.00335889 -0.0314663 0.0311551 -0.0337383 -0.0321175 0.0516465 0.00498261 -0.00461166 -0.05948 -0.0099536 -0.0123051 -0.00457169 -0.0186725 0.0144505 0.0113772 0.0203393 -0.030166 0.0302994 0.00749725 -0.00447752 -0.00103317 0.00548591 -0.00727414 0.0181257 0.00646066 -0.0211319 -0.00280632 -0.0430993 -0.00516647 0.00387558 0.0118063 -0.0286091 0.041261 -0.00368222 0.0126984 -0.0185691 -0.00853704 -0.0107197 0.0601248 0.042297 0.0082542 0.00131972 -0.0168853 0.00325262 0.00391232 -0.0307331 0.0225606 0.0200351 0.0525584 0.00847747 -0.035058 0.0161157 -0.00406079 -0.00217248 0.00304335 -0.00183596 0.0225216 -0.00308469 -0.00830383 0.0164709 0.0198031 -0.00619945 0.0108502 -0.00462247 0.00414318 -0.00850077 0.00500747 0.0222338 -0.0225832 -0.00131282 0.00808077 -0.0148193 0.0216812 0.0158103 -0.00282318 -0.020367 -0.0127559 0.000395874 0.0110232 0.0299972 -0.011341 0.00871009 -0.0137975 0.0157555 0.0128125 0.00947521 0.0274281 0.0113543 -0.013865 -0.0199386 -0.0552424 -0.0324606 0.0130188 0.00317884 -0.020225 -0.00564339 0.0274041 0.0121779 -0.00546355 -0.000275625 -0.0139876 -0.0189468 0.0511875 0.00142432 -0.00872376 0.00659951 -0.00199072 0.000365734 -0.0096184 0.0146072 0.032181 0.0198475 0.0151046 -0.0209864 -0.0218298 -0.0270421 0.02673 -0.019691 -0.0368812 -0.013568 0.0239222 -0.00296734 -0.00583514 -0.00586418 0.0302191 0.0103488 -0.0382822 -0.0107784 0.0105848 -0.0114855 0.0122426 -0.00400514 
0.00575759 0.0064157 -0.0189123 -0.00917214 -0.00184241 -0.0128002 0.00250413 -0.0108571 0.013268 0.000316317 -0.0169344 0.00608416 -0.0137125 -0.00363694 -0.016529 0.00646619 -0.0311638 0.00452865 0.0190432 0.00967878 -0.00479153 -0.00261417 -0.00169879 -0.00226397 0.0168398 0.0364691 -0.0127516 0.0148862 0.0204955 0.00571503 -0.00137205 -0.000365004 -0.00287838 0.016458 -0.0322167 -0.000511176 -0.0365992 -0.0223992 -0.0216186 0.0171351 -0.0110707 -0.0287478 0.00834899 -0.00768265 0.00944361 0.0193873 -0.0221746 -0.0159055 -0.0167509 0.0141515 0.0374076 -0.018753 0.00454709 0.0113825 -0.00966956 -0.0226005 -0.0218912 0.0123982 0.0098774 0.0144958 -0.0255292 0.0152262 0.0278517 -0.0135026 -0.00829123 0.00794136 -0.0269696 -0.00385649 -0.00266484 -0.00409865 -0.0256465 -0.0268402 0.0286407 -0.00656479 0.0486736 -0.00237869 -0.00895918 0.00579624 -0.0066275 0.0146768 0.00937266 0.00748027 0.00101258 -0.00108257 0.00613303 0.0353323 0.023176 -0.0148818 -0.00816979 -0.00507169 0.0160267 -0.00819961 0.0306108 -0.0258767 -0.0122295 0.0217623 -0.0375811 0.00486536 0.0225601 0.00993734 0.0247287 0.0208661 0.0143395 0.00424323 0.00318542 0.0130322 0.0248357 0.0230038 0.00625988 0.0208188 0.0187924 -0.00906473 0.0180026 -0.0114876 -0.0279942 0.00698767 -0.0437903 0.0272007 -0.0213552 -0.0197164 0.0407227 -0.0202876 0.01475 0.00566909 0.0142085 0.00659825 0.000917302 0.0204875 -0.02062 -0.0235146 0.019948 -0.0192495 0.00977117 0.0265631 0.0146507 -0.00888121 0.00874136 -0.00942346 -0.024824 -0.0149385 0.00348021 -0.0285415 -0.0300428 -0.0161277 -0.0199523 -0.00418603 0.00400031 0.00902684 -0.0307766 -0.0189208 -0.00241133 0.0186461 -0.0258416 -0.00673352 -0.0242579 -0.00774003 -0.00396088 0.00882603 -0.0146854 0.0314299 -0.0397195 0.0179474 -0.0385872 -0.0122109 0.0250561 0.00884309 -0.032438 0.0549754 -0.000684922 0.00877226 -0.00488341 -0.00241491 0.000455549 0.0308515 -0.00430444 -0.0250123 -0.0375462 0.0303523 0.00387846 -0.0204229 0.0349955 -0.0270619 -0.00525987 -0.0146744 0.00836086 -0.0256461 -0.0368987 0.017932 -0.00351865 -0.0129407 0.0016992 0.0408222 0.0054454 -0.00130322 -0.0122208 -0.0271247 0.0161902 -0.00265094 0.0245334 0.00310331 0.00609769 0.0200493 0.0188288 -0.0523813 0.00167567 -0.00604954 -0.0267911 0.0187414 -0.00489504 0.016717 0.00379918 -0.00101288 -0.00428735 -0.0063913 0.0285237 0.0130302 0.0152323 0.0170428 -0.018721 0.0157681 -0.000449711 0.00920332 0.0266164 0.0346382 -0.00356347 0.0248982 -0.00848831 -0.000786409 0.00830763 -0.0237963 -0.0043102 -0.00478444 -0.0133267 -0.0250336 -0.0232412 0.0351006 -0.0450939 0.0420143 -0.00546923 0.0221335 -0.0111846 0.00490819 0.0121019 0.00413777 -0.0138175 -0.0269518 -0.0254736 0.0249174 0.00487837 -0.0129828 -0.0117498 0.0285495 -0.0138887 -0.00375888 0.00137685 -0.0238577 
0.010061 0.00298994 0.0342386 -0.0067081 0.00531 0.0254043 0.00507875 0.0102526 0.0329023 0.0133341 0.000843247 -0.0295029 0.0193065 -0.0656629 -0.0238281 0.010008 -0.00828329 0.030585 0.00266664 -0.0038363 0.0162786 -0.020805 0.00234252 0.0251282 -0.00630956 -0.016434 -0.00726999 -0.00981316 0.0215244 -0.048688 0.0054146 0.0145523 0.00883155 -0.0164824 -0.0342643 0.0199403 -0.0433942 -0.00870496 0.00274674 -0.000546397 0.0173346 0.0202027 0.00380399 0.010824 0.0126202 0.0398461 -0.0305601 -0.0342195 -0.0201985 0.0230688 0.0114895 -0.0435985 -0.00925971 0.00431811 -0.00509855 0.00484712 -0.00715724 -0.0183062 -0.0498792 0.0273091 0.0231252 0.000931962 0.0239156 0.00972229 0.00226329 -0.00833837 0.00573549 0.0374992 -0.019072 -0.0356185 0.0547318 -0.00638949 0.0664518 -0.0205214 -0.0112768 0.00165015 0.0211566 0.00391786 0.000859963 0.0191196 -0.00158598 -0.0055372 -0.00890318 -0.0351987 0.0112473 -0.0163781 0.0143449 0.00187501 -0.044172 -0.00851478 0.0271972 0.0140164 -0.00714625 -0.0339048 0.0174027 0.0177574 -0.00808001 0.0133734 -0.06368 -0.00801864 -0.0197674 -0.00944541 -0.0145852 -0.01632 -0.0277755 -0.028568 0.0276746 -0.0296271 -0.0278064 0.0216071 -0.00895961 0.0111441 0.00882452 -0.0233824 -0.0124377 -0.0126279 0.0141055 -0.0235323 -0.0416117 -0.0102057 0.0221089 -0.0389888 0.000408924 0.0101702 0.0466647 0.0226402 0.00975616 -0.0279196 -0.013885 -0.0122738 -0.0147295 -0.00942876 -0.00903242 0.0105807 -0.0022705 0.00786009 0.0105556 -0.0243623 -0.000588679 -0.0109307 0.0088892 0.0415127 0.0134602 0.00152535 0.00988968 -0.0161826 0.00764007 0.00991512 -0.0356449 0.0363158 -0.0182321 0.0204884 0.00162568 -2.95685e-05 0.0433187 0.0201065 -0.0136057 0.0138064 -0.00111399 -0.0151981 0.0139618 0.0459112 -0.00610775 -0.0442496 0.0163241 -0.0171673 -0.00241619 0.0371618 0.00726611 -0.0226068 -0.00810479 -0.0286104 -0.0260527 0.0246775 -0.00466839 0.0210473 0.00561507 -0.012239 0.000139515 0.00846684 0.0118807 0.0155149 0.0300667 -0.0384649 0.00855263 0.000439415 0.0200203 0.00661258 0.0268824 -0.017763 -0.0100374 -0.0240013 -0.0196377 0.0494045 0.0118364 0.0118889 -0.0071161 -0.00794044 0.0108081 0.0189785 0.0014466 0.0112855 0.0258761 -0.0140765 0.00413621 0.00181743 0.000947727 0.0264717 0.00871087 -0.0325887 0.0216847 0.017408 0.00861036 0.014267 -0.00330534 0.0137588 -0.00216871 0.0617736 -0.0234169 0.0136597 0.00601332 -0.00858374 0.0185697 -0.00518239 -0.00161245 0.00232175 0.0421355 0.00880418 -0.0235091 -0.007373 0.0268691 0.0393167 0.0258207 -0.0279117 0.0120016 0.00118325 -0.0193955 0.0362789 -0.0180274 0.0468001 -0.00686812 -0.00363032 -0.0227448 0.00163367 0.033458 0.0211683 0.0151531 -0.00820337 0.0148934 -0.0032793 -0.000401355 -0.0371765 -0.0392301 -0.0294667 -0.00127223 -0.00212208 
0.0194208 0.0289784 -0.00485957 -0.0156194 -0.010539 0.00361353 0.00854851 0.0188157 0.0101357 0.0476804 0.0346615 0.0317604 -0.0333636 -0.00913657 0.0353935 -0.0199594 0.0256119 -0.0107992 -0.011024 0.00533888 -0.0139594 -0.0188683 -0.0214999 0.01291 0.0120353 0.00741055 -0.0362687 -0.02797 -0.0259465 -0.0137879 0.00515235 0.0206136 -0.0143495 -0.00115566 -0.0165798 0.0010564 0.011061 0.00631945 0.0243425 0.0151993 0.0170508 0.0241167 -0.0161515 0.0253626 0.00648015 -0.0264008 -0.00784794 -0.00184231 0.015186 -0.0111663 0.0136741 -0.0172468 -0.00813779 0.00366903 -0.00882951 -0.00329094 0.000387532 0.00722863 -0.00775452 0.0166343 0.0146495 0.0121104 -0.00741736 -0.0143541 0.0173958 -0.00890687 0.0287113 -0.0233433 0.0234587 -0.0306307 -0.0117244 0.0140523 0.012565 0.0393226 0.0120175 -0.0075927 0.00939303 -0.00335257 0.021704 0.00598438 0.012768 0.0374403 0.013278 -0.0224347 0.0105265 0.0139948 0.00569144 0.0247898 -0.0562098 -0.0184505 -0.00759929 0.0325078 -0.0184872 0.0174134 0.0287942 0.0171481 -0.015577 -0.00220368 -0.0327996 -0.0119049 0.031727 -0.0171587 0.0301287 -0.0469106 0.0225628 0.00817236 0.0118539 -0.0446214 -0.0027286 0.0264326 -0.0278981 -0.030181 -0.0179237 -0.00528296 0.0105576 0.0168786 -0.00353063 0.0164993 0.024837 0.0325185 -0.0167248 -0.0167314 0.0372515 -0.00673954 -0.0228036 -0.0119864 0.0150045 0.00247135 -0.0103544 0.0201395 0.0315542 0.002629 -0.00509198 -0.014655 -0.00831964 0.0127149 0.0135735 -0.00778331 0.0139851 0.0139086 -0.0217836 -0.0133368 -0.0194343 0.0379606 -0.00325329 0.0107563 0.0168869 0.0147288 -0.00185957 0.00403342 -0.0264284 0.0170319 -0.0222574 0.0117163 0.0348442 0.0199787 0.0255906 0.0159007 0.00823472 -0.00809598 0.00097314 -0.00924145 0.0387522 -0.00130859 0.0188718 -0.00490042 0.00999978 0.000397248 -0.0246079 0.0115287 0.00592453 -0.00493826 0.0161433 0.00901504 -0.00897976 -0.0325853 -0.0178307 -0.0131131 -0.0115369 -0.0141152 0.000304823 0.00991175 -0.0072387 -0.0508297 0.0039123 -0.00640415 0.0177393 0.00835948 -0.0040718 0.00447569 -0.00326852 -0.00625126 -0.00177266 -0.0183642 -0.0204158 0.0137839 0.00423814 0.0181438 -0.00719841 -0.0150317 0.0255035 0.019375 0.0184529 0.0402583 0.0161068 -0.0215055 0.0416836 -0.0115114 -0.00835259 0.0222814 -0.00750224 -0.00880235 -0.0164471 0.0126577 0.000501956 -0.00788339 -0.00892495 0.000719262 -0.0190918 0.0114819 0.0348728 -0.018306 0.00225554 -0.0119923 0.019014 0.0206982 -0.00536035 1.53584e-05 -0.0320687 0.0125648 0.00288864 0.00958687 -0.00652947 0.0153396 -0.00694918 -0.00326286 0.000165979 0.0322916 0.0108568 0.0197571 -0.00889136 -0.0401003 -0.000470321 0.0151866 0.0210631 0.0104095 -0.0360679 -0.0279314 -0.0209246 -0.00948741 -0.00733012 0.0116355 -0.012856 0.00952613 0.00318964 0.00839911 
-0.0328821 0.00878728 -0.0247013 0.0143942 0.0326004 0.0179482 -0.00861144 -0.012594 0.00729626 -0.00404877 0.0387482 0.01075 -0.0347006 -0.0237584 -0.0176384 0.0323128 -0.000752978 -0.00526477 -0.0199808 0.011186 -0.0404982 0.0158763 0.0109565 -0.0078029 0.0109738 0.00199376 -0.0211934 -0.00109235 -0.0156003 -0.00791022 -0.00810013 -0.00444586 0.0145806 0.0231678 0.00652 0.0169522 0.028178 -0.00934995 0.00864357 -0.0282121 -0.0119798 -0.0189058 -0.0242949 0.0377643 0.00735032 -0.0148834 -0.0431185 0.0129898 0.0301922 0.0069406 0.0228766 -0.0024375 0.00629605 -0.000446125 -0.00780328 0.00165045 0.0233485 -0.00343622 -0.0173222 0.000770391 -0.0284842 -0.00194437 0.0263409 -0.000585471 0.0198913 0.00216575 -0.00438431 -0.011999 0.0124788 0.0101583 0.0376682 -0.0156048 -0.0198699 0.0317678 0.0101363 0.039562 0.0181986 -0.00877109 0.0230378 -0.0191939 -0.0114046 0.0116696 -0.00544293 0.0203874 0.00107338 -0.0317138 0.0214928 0.0345089 0.0268101 0.0191143 -0.0374999 -0.0101189 0.00574267 0.0394958 0.00835196 -0.00156732 0.0152817 0.00760282 0.0409911 -0.00771664 0.00354471 -0.00431167 -0.0356235 0.0291807 0.00594519 0.0341853 -0.00353005 -0.0226153 -0.0294708 -0.0165282 0.0231989 0.0162113 -0.00135008 0.00202095 0.0278494 0.00876069 0.00781539 -0.000554447 -0.00575351 0.0136519 0.038484 0.00509221 -0.0291664 -0.00418503 0.0208984 0.0198133 0.0405977 -0.00455019 -0.0053943 -0.0162687 0.028513 0.013987 0.00651381 0.0362166 0.0109218 -0.0147463 -0.0345081 0.00366851 -0.00546133 -0.0146269 0.0158486 -0.00579634 -0.0123256 0.0317016 -0.00946696 -0.00220028 -0.0175881 0.0166891 0.0182392 0.0265157 -0.00988787 -0.0286495 -0.00350899 -0.000350139 0.00908346 -0.0140029 -0.000258986 0.00449646 -0.00111481 0.0235788 -0.0241686 0.0243785 0.0177967 -0.0196816 -0.0110011 0.0424583 0.0028425 0.00154982 -0.00271544 0.000883449 0.00239769 -0.0102335 -0.00013065 -0.00221684 0.0163471 -0.00508665 0.0169346 0.0067575 0.00866756 -0.00539687 -0.00629451 0.0054138 0.0142675 0.025402 -0.0166808 0.0201049 0.0133541 -0.00798017 -0.0119194 0.0101977 0.019114 0.0209 0.00344367 -0.00398915 -0.00042828 0.000298556 -0.0171799 -0.0287521 -0.00893941 0.0230224 0.0203702 0.0222774 0.00748148 0.0184307 -0.0419482 0.043147 -0.0392786 -0.0102827 -0.0090779 -0.00149209 -0.0298994 -0.0169442 0.0265795 0.0456249 0.0121592 -0.0330374 -0.0275277 0.00426852 -0.000946709 0.0269837 0.0160786 -0.0144692 0.0451012 0.000947196 0.0211922 0.0199737 0.00292145 -0.0274448 -0.0348884 0.00895034 -0.0092849 0.0397066 -0.0110017 -0.0053868 0.0360089 -0.0320828 0.0135624 0.000663522 -0.0110647 -0.0176917 0.0148153 0.00103263 0.0150015 -0.00695527 0.0130119 0.00369955 -0.0163365 -0.0644081 0.0056325 0.00648276 -0.0254321 0.00172143 0.037448 -0.0451598 -0.0151998 -0.000978311 
-0.0104654 -0.0269828 0.0192333 0.0265964 -0.0149715 0.0476344 -0.0151786 0.0102524 0.0230367 0.00267661 -0.00924909 -0.0111354 0.0196467 0.0192195 -0.00256192 0.0282477 -0.0385858 0.00254703 -0.017569 0.00928351 0.00697787 -0.0361123 -0.029125 -0.0137656 0.00252136 0.0138983 0.0218914 0.00864911 -0.0113937 -0.0227477 -0.00952481 0.0286199 0.000835532 0.00236003 0.0125553 -0.0230718 0.033698 -0.0182402 0.0138328 -0.0110769 0.00642255 0.0265465 0.0122003 -0.0118042 0.0242684 -0.00248683 0.0290783 -0.0465762 0.0214229 -0.027933 0.0207085 -0.0205537 -0.00282919 0.0108459 0.0398397 0.00950303 -0.0210855 -0.042676 0.011322 0.0311014 -0.00162341 0.0366698 0.000154328 -0.0203869 0.0230471 -0.0200983 -0.00547901 -0.00455483 -0.00833042 0.00013062 0.0282063 0.0151651 0.0185091 -0.0207827 0.00554269 0.000127242 0.000404492 -0.0117925 0.0133199 -0.0199849 0.020818 -0.0199199 0.0232425 -0.00133403 -0.0134998 0.00627167 0.00427177 -0.022194 -0.00407243 0.00511191 -0.0171892 -0.0331107 0.0175281 -0.0151279 -0.0155436 0.0198882 0.0139463 -0.02408 0.0166388 0.0047574 -0.029804 -0.00376307 0.00977947 0.0226253 0.0250365 0.0185223 0.00318422 0.0220385 0.00249423 -0.00269207 -0.00372826 -0.0067143 0.00201522 -0.0239776 -0.0329542 -0.0280558 -0.00249282 0.0214435 0.0471541 -0.0350566 0.00221953 -0.00826877 -0.00689271 0.0310545 0.0117642 -0.00947191 0.0024185 -0.0176791 0.00656893 0.056164 -0.00503215 0.00411789 -0.0129125 -0.0150968 0.00696786 -0.0191854 0.0335449 0.001455 -0.00288762 0.00944317 -0.0115189 -0.00154885 -0.00153001 0.00519254 -0.0291135 0.000989512 -0.0596459 0.0160176 -0.00842584 0.0718225 -0.0148839 -0.0399328 0.0153549 -0.0151979 0.00910921 0.031424 0.00491643 -0.011404 0.010144 0.00920848 -0.0453508 -0.003974 -0.025805 0.00401277 0.0519127 -0.0120284 -0.00471361 -0.0189489 -0.000411441 -0.0153533 0.0253479 0.00335297 0.0038452 0.00650858 -0.00566857 -0.0161997 0.0108066 0.00558696 0.0171926 -0.00126488 0.0238597 -0.0137843 0.000977817 0.00677183 -0.0256232 0.011457 0.00506358 -0.0204975 0.0152469 -0.0214978 7.65398e-05 -0.00497155 -0.0115376 0.0307775 -0.00925298 0.0373113 0.0364134 0.0134046 0.0326713 0.00804123 0.0103287 0.0129028 -0.034247 0.0194274 -0.016266 -0.00953461 -0.0221181 -0.0390864 -0.0195115 0.00151888 -0.0338691 0.0134383 -0.0108436 -0.0313127 -0.000377564 -0.00370879 0.0225815 0.0159141 -0.00339198 -0.0035568 0.00463367 -0.00186564 0.00199641 0.029441 0.0116559 -0.000802465 0.0133341 -0.0159459 -0.00329094 0.0114091 -0.0149944 0.036115 -0.0227653 -0.0272487 -0.00681172 -0.00132327 0.00966948 0.00790236 -0.00530132 0.0133276 -0.0112731 -0.0207377 0.0229689 -0.0104203 -0.0087249 0.0232793 0.0325929 -0.0283447 -0.0273554 -0.0111696 0.0121142 -0.01175 -0.0244827 0.00503109 -0.00614673 0.0532479 
0.000200385 -0.0184377 -0.00172931 0.043253 0.0064856 0.0133952 0.0189584 0.00725331 0.00257193 -0.0321408 -0.000287106 -0.0141376 0.0029396 0.0440199 -7.1769e-05 0.0165888 -0.00317229 -0.00147021 -0.0134263 -0.00350627 0.0385441 -0.0120592 0.0103616 0.0256572 -0.0155153 -0.00756585 -0.0499641 -0.0189766 -0.00950246 0.00646925 0.025256 0.013196 0.029196 -0.0268839 -0.013401 -0.0404633 0.0453972 -0.0120693 0.000224699 -0.0175078 0.0200713 -0.00488936 -0.0247051 0.0254126 -0.00118005 0.00431319 0.0155216 0.0258369 0.0103532 0.00770039 0.00950476 -0.0113134 0.00258479 0.00992764 0.0209409 0.00751276 -0.0162609 -0.0187067 0.00483185 -0.00210452 -0.0146244 0.0197227 -0.00435568 -0.00199085 -0.0228499 0.0305697 0.00067258 0.0258872 0.0126023 0.0467289 0.00589455 0.0032628 0.00653938 0.000893196 -0.0121778 -0.0163986 0.0121522 -0.000801998 0.0138064 -0.00245351 0.00786656 0.0429529 -0.0219175 -0.0118768 0.0260281 0.0101603 -0.000772539 0.00736367 0.0176053 -0.0123067 0.00263378 0.00142449 -0.00336844 -0.0373087 0.0179091 0.0118814 0.0219342 -0.0012169 0.0182599 -0.0375705 0.0152576 0.0320554 -0.0169549 0.00755485 0.00640682 0.0367145 -0.0132597 -0.0108875 -0.015888 -0.0561667 -0.0212468 -0.0481867 -0.0153773 -0.00404422 0.0109304 0.00700338 0.0147542 0.00214688 0.0178821 -0.0158641 0.00300369 -0.0197411 0.0252968 0.0267504 -0.000620139 -0.010991 -0.002537 -0.0175263 0.014333 0.00233865 0.0123509 -0.00261075 0.0156244 0.027703 -0.0521961 0.00561035 -0.010296 -0.00454624 -0.0207649 0.00376025 -0.0472476 -0.00115552 -0.00683033 0.0220571 -0.0139664 0.00253453 -0.0117259 0.000866699 -0.00892822 0.0106955 -0.002747 -0.0417023 0.0175393 -0.065914 0.0551691 0.020436 0.0251729 -0.031116 0.0116617 0.00630106 -0.0155471 -0.00240878 0.00264366 0.0267618 -0.0305784 -0.00971162 -0.0247362 -0.0149225 0.0287779 -0.0310755 0.0108767 0.0216337 -0.00244079 -0.0242392 0.00416867 0.0296618 -0.0200804 -0.0242239 0.0200089 0.0124955 0.00634488 0.0070497 0.0140021 -0.00638369 -0.00833878 -0.0090355 0.0434651 -0.00901827 0.00419053 0.00928659 -0.0468075 0.0379871 -0.0180787 -0.0231449 -0.0206423 -0.0216894 -0.0317529 0.0442949 0.0079475 -0.00102167 -0.0129922 -0.00749037 0.021473 0.0227811 -0.00540173 0.010254 0.0070131 -0.00723107 0.00555545 -0.0338087 0.0364858 0.00610888 -0.0434082 -0.0251835 0.026706 0.0114105 -0.00443728 -0.00220097 0.0241084 -0.0246928 0.0106041 -0.0702353 0.00220013 -0.00844055 0.0122945 -0.0339855 -0.00530934 -0.0277441 0.0116556 0.0351455 -0.0170421 0.00070814 0.00253625 -0.0233034 -0.0109438 0.0262166 0.00301962 0.0227555 -0.006569 0.00709084 0.0018372 -0.00997541 0.0364576 0.00866345 -0.00656349 0.0043026 -0.00246041 -0.0124298 -0.0178372 -0.0156509 -0.00485031 -0.00493102 0.00364857 0.00444309 0.0131755 -0.00476908 
-0.0139957 -0.015901 0.0174376 -0.0191053 -0.00566661 0.0417148 -0.0307524 -0.00201007 0.0124875 -0.023584 -0.0267656 -0.00194098 0.0211699 0.0123221 0.00292659 -0.00319026 -0.0149194 -0.000852609 0.0423928 0.0145553 0.0203519 0.0413648 -0.0139943 -0.0176373 -0.0271944 -0.00357775 -0.00144437 0.0444063 -0.00564237 -0.0106118 -0.0207696 -0.0112188 -0.0280334 -0.0106678 0.0326966 -0.0484222 -0.000807387 -0.0100288 0.00518588 -0.0110583 -0.0161357 -0.0325617 -0.0224028 0.000138178 0.00851323 -0.00644141 0.0037615 0.014147 0.00998367 0.0445637 0.0101702 -0.00233851 0.0173531 0.0172508 -0.0180145 0.00284098 -0.0298267 -0.0101695 0.00189527 0.0127912 -0.00646341 -0.011248 -0.00731845 -0.00868446 0.0369492 -0.00706953 -0.00414173 0.00308197 -0.0213703 -0.00733243 -0.0124481 -0.0151357 0.0154961 0.0158342 0.0180081 0.00556409 0.00405332 -0.00733712 -0.00116305 -0.00189804 -0.00472829 0.0034655 -0.00166874 -0.017023 -0.00876847 0.00202681 -0.00277281 -0.00594571 0.0135703 0.00262669 0.00936289 0.0218724 -0.00042922 0.0228837 -0.0127474 -0.00984388 -0.0135211 0.0216021 0.0139864 -0.00563353 0.0152942 4.10062e-05 0.022193 -0.00312642 -0.00872694 0.0261093 -0.00502333 -0.00849379 0.042526 -0.0174524 -0.0301128 0.00246723 -0.0262507 0.00742267 0.0135642 -0.0534161 0.0209316 0.0145001 -0.0147131 -0.0681252 0.0346466 -0.0225531 -0.0122589 -0.0215587 0.0233946 0.0022746 -0.0106221 -0.0314421 0.0381586 -0.0225796 0.0109636 -0.0047223 0.00493425 -0.017626 0.00112585 0.000629215 0.00799023 0.0198612 0.0116072 -0.00482008 0.00250662 -0.00542146 0.023464 0.020386 -0.00371229 0.0276454 -0.0104749 -0.0134311 0.00701069 0.0145951 0.000970479 0.00365872 0.0004937 0.00371595 0.0257261 -0.032343 -0.00371505 -0.0396392 -0.0153374 0.00587882 0.033684 0.0165277 0.0109042 0.00197971 0.00935954 -0.00382694 0.00491323 0.0164627 -0.0123942 -0.0146151 0.0281144 -0.0378103 -0.0133316 -0.0191892 -0.000228543 0.0094816 -0.00110528 0.0150768 -0.00631648 -0.0180846 -0.0490735 0.00143669 0.0237506 0.000158391 0.018301 0.0162134 -0.0060768 0.00363275 -0.0374916 0.00062987 0.0023986 -0.0192157 0.0228789 -0.0182097 -0.00133375 -0.0250629 -0.0110806 0.0182593 -0.000129423 -0.00318233 -0.00959158 -0.0105016 -0.012325 -0.00772033 0.0367868 -0.0138411 -0.0235858 0.0437241 -0.00504575 -0.0354631 -0.0176533 0.00522081 0.0228037 -0.00570948 -0.00921333 0.0150818 0.0101665 -0.0203164 -0.0396935 -0.00315982 -0.00911096 -0.0228946 -0.0250753 0.041836 -0.016175 -0.00512199 0.0162428 -0.0217765 -0.000487086 0.0223212 0.0165038 0.000639164 0.00708217 -0.0135452 -0.0150738 0.0114382 -0.0271226 -0.0211291 0.00217277 -0.00836224 -0.0133848 -0.0168167 -0.0283128 -0.0254308 0.0305717 -0.0208213 -0.0324891 0.00444255 -0.0124788 0.0153935 -0.00802707 -0.011383 -0.0108338 -0.00189582 0.0106715 -0.0114652 
-0.00785798 -0.00790228 -0.0301881 0.0176654 0.0209503 -0.00799917 0.00472722 0.00568809 -0.0196516 0.00920695 0.0265662 -0.00448914 0.0259186 0.00526498 0.01168 -0.0424085 -0.00646543 -0.000759188 0.0104463 -0.000747836 -0.0174083 -0.0198578 0.00388502 -0.00535431 -0.00963542 -0.0135177 0.000639036 0.0225663 -0.0371315 0.00877654 0.00824441 0.0204307 -0.0197858 0.0263107 -0.0198343 0.0381276 -0.0317142 -0.00482489 -0.00420559 0.018738 -0.0110753 0.0031993 -0.00561471 -0.00367297 -0.0203416 -0.00386693 -0.00446308 -0.00770116 -0.00287579 0.0231684 -0.00272816 0.0177222 -0.026062 0.00593218 -0.00588885 -0.0169467 -0.0256752 0.0279623 -0.0144968 -0.0463233 0.0150656 0.0228761 -0.0216542 -0.0224757 -0.0226532 0.00617304 0.0206025 -0.00623487 0.0430455 -0.0231542 0.00396202 -0.0246531 0.0215184 0.0095081 0.00531125 -0.0327127 -0.0168204 0.0158477 0.032207 -0.00391274 -0.0173854 0.0328294 -0.000907479 -0.0422065 0.00953089 0.0113636 -0.0298594 0.000561105 -0.0119588 -0.0179735 -0.0113903 0.00426301 0.0294567 0.000107249 0.0179454 0.0195591 -0.0099419 0.0134269 0.016256 -0.00358204 -0.0105068 0.0237637 -0.0104472 0.0401551 0.0522592 -0.00223432 0.0056098 0.00807254 -0.0160993 0.038913 -0.0293076 -0.0219786 0.0134141 -0.0299772 0.0287406 0.0357219 -0.000959034 0.000211117 -0.00709086 0.00265807 0.000945321 0.0107402 -0.00280416 0.00839245 -0.0177539 0.00409956 0.00320024 -0.0318298 0.028296 0.0303762 0.0218755 -0.0298349 -0.0280431 -0.00100371 -0.016022 -0.0197866 0.030376 -0.0377481 -0.0234771 -0.0252068 0.0206232 0.00355784 0.00326323 0.0266235 -0.00412866 -0.0138813 0.0130333 -0.0250703 0.0023271 0.00422728 -0.0401528 -0.00255637 0.0031281 -0.00897244 0.0253452 0.00980519 0.00519075 0.0480404 0.0292255 -0.0145 -0.00841204 -0.00573703 0.00225075 0.00197212 -0.0137891 0.0222554 -0.0142843 0.0148647 0.00245714 -0.0281653 0.004753 0.0153984 -0.0141784 0.0232695 -0.0213783 0.00782479 -0.00338047 -0.0237432 -0.00393352 0.020579 -0.0141453 -0.0201785 0.0133281 -0.0114983 -0.00340557 0.0166866 0.0162522 0.0283184 -0.0104492 -0.0410165 -0.0151359 0.0156181 0.00310403 -0.0019294 0.0134534 -0.0175177 -0.0297918 -0.0218595 -0.0149614 -0.0401964 0.00409469 -0.0258827 0.0171039 -0.0135146 0.000401763 0.0115769 -0.0211599 -0.00450843 -0.0208892 0.0279547 -0.0243574 -0.0304432 -0.0106519 0.0188187 0.0166731 -0.0197016 -0.00448548 0.0060418 0.00012209 -0.0124494 -0.0238863 -0.0286057 -0.0173894 0.0220411 -0.00900004 -0.00547188 -0.0272952 -0.00263021 -0.0116009 0.00228794 0.000411666 0.00751671 0.00214523 0.0288769 0.00846559 -0.0458971 0.00580098 0.0194042 -0.00670193 0.0196732 0.00375697 -0.0150035 0.00165509 0.0267384 -0.0154312 -0.0352428 -0.0207318 -0.00157158 0.0322511 -0.0249013 0.00914659 0.0304476 -0.00645156 -0.0124605 0.024004 -0.0211056 
-0.0107373 0.00408273 -0.0191484 -0.00753882 0.00543947 -0.0189824 -0.00634086 -0.0179247 0.0216396 0.0619609 0.0228437 0.00960316 -0.00543761 0.0180311 0.00526762 0.00388166 0.00410207 -0.0398047 -0.0231325 -0.0216137 -0.0242975 0.0195489 0.0365383 -0.0193898 0.00664381 -0.0290975 -0.0218325 -0.00474784 0.0271737 0.0155174 -0.0324037 0.0244667 0.0162927 0.014481 0.0221143 -0.0015604 0.0160518 0.0142195 -0.0414866 -0.00624898 0.00113881 -0.0113347 0.00276537 -0.00891391 -0.0332626 0.00175152 -0.0358408 0.0189971 0.000559064 0.0348293 0.00289364 0.0261752 -0.0203669 -0.0102621 -0.032776 -0.0228908 0.0253273 -0.0138622 -0.00289805 -0.0112796 0.0133027 -0.0450304 -0.00119537 0.000732401 -0.00473468 -0.00526969 0.0437434 -0.0157954 -0.0271868 0.000944144 -0.0153422 0.0856443 0.00210624 0.00165585 0.0126168 0.0195792 0.0172744 0.010424 -0.00257528 0.0204014 -0.0185969 -0.0108977 0.0233193 -0.0266603 -0.0023605 -0.044288 0.012978 0.00567742 -0.0348196 0.00652223 -0.00820901 0.0180576 0.0392487 0.0304173 -0.0201796 -0.00367557 0.024017 0.0101831 -0.0358903 -0.00962559 -0.0025871 0.0103285 -0.00143911 -0.00926187 0.0024099 0.0225363 -0.00797087 0.00814602 0.0186111 0.0111838 -0.0109038 -0.0603101 -0.0100222 0.0087549 0.0126233 -0.00226985 0.00307469 -0.0264661 0.0105014 -0.00632211 -0.0289381 -0.0371832 -0.000877962 -0.00515857 0.0143776 -0.0693704 0.0179921 0.0286762 -0.0230834 -0.0335431 -0.00447069 -0.00280446 0.0216992 0.00364811 -0.00104203 0.00411216 0.00780386 0.0122296 0.0120578 0.0111065 -0.0381204 -0.0178986 -0.00297695 0.0264076 -0.00148675 0.00675148 -0.0411964 0.0330444 0.0129244 -0.00579323 -0.0401133 -0.0237211 -0.0130084 0.0133683 -0.0215725 0.0118959 -0.00612555 0.0113518 -0.00691965 0.0173146 -0.0179266 0.0441977 -0.0107458 0.0204558 0.0128476 0.0326578 0.0193052 0.0043929 0.0337418 -0.0385665 -0.0184241 -0.0156437 -0.00696863 0.0133967 -0.0527185 -0.0218239 -0.0302271 0.0128787 0.0177437 -0.00189841 -0.00298713 -0.0166574 -0.0187702 0.00485262 -0.028486 -0.010669 -0.016531 -0.00378104 -0.0131765 0.0116714 -0.0148359 0.0405122 -0.00216894 -0.00903378 0.00260555 0.0199509 -0.00326037 0.00863726 -0.0380542 0.0218643 0.00847369 -0.00842234 0.0314259 -0.0284215 0.00367311 0.000218535 -0.0297312 0.00468983 0.00536593 0.0660673 0.00390229 -0.00506353 0.0160016 0.0141409 0.0189229 -0.0061247 -0.00198207 0.00329842 0.0169248 -0.00902716 -0.000502269 0.0289096 0.0300332 0.0443735 -0.0413378 0.00176987 0.0047186 -0.000406418 -0.0305974 0.0116342 -0.0154894 -0.0167174 0.0179343 -0.0128305 0.00123909 0.0101575 0.0372465 -0.0262523 -0.0110381 0.02862 -0.0360333 0.0221574 -0.0318123 0.00124179 0.00299492 0.0151437 -0.0129036 0.00591412 0.0335222 0.0292641 -0.0152361 0.000593489 -0.0047821 -0.0339996 -0.00495111 -0.0167632 
0.0138251 0.0457395 -0.0222795 -0.0210168 -0.00375409 -0.0410155 0.0125539 0.0105997 -0.00329213 0.0116063 0.0136641 0.04892 0.0122597 0.00049596 -0.011028 0.0268585 -0.0227689 0.0109456 0.0413974 -0.0433363 -0.00237855 -0.0150971 -0.0173059 -0.00497097 -0.0338942 -0.0130463 -0.00508986 -0.0193897 -0.0410355 0.0184851 -0.02606 -0.00207447 0.0166229 -0.0186669 -0.00594662 -0.00305725 -0.0128885 -0.0059348 -0.00479686 0.0124087 0.000216223 0.0185708 0.0275934 0.00264895 -0.00318632 -0.0411906 0.0322919 0.0207471 0.0216822 0.0209651 -0.0350293 0.0169464 -0.0139762 0.0315763 0.0119225 -0.0154246 0.00202383 0.02119 0.0226604 0.0102269 0.00778724 -0.0289166 0.0226673 0.00571017 0.0310901 0.00308671 0.0305407 0.0275547 0.0353876 0.000466172 0.0218749 0.00227147 0.0301148 -0.0111566 -0.0329227 0.007074 -0.0172526 0.00569905 -0.0324635 0.0211206 -0.0294495 0.0284598 -0.000472885 -0.0178997 0.0174999 0.0121383 0.0256016 -0.0132548 -0.0243955 0.0114343 0.0269906 0.00358227 0.0354879 0.00578696 0.00268319 0.0283327 -0.00661244 -0.0158197 0.00822227 -0.000694607 0.00597194 0.0260667 -0.00457102 -0.0213181 -0.0200156 0.00868977 -0.00570213 -0.00229706 0.0117161 0.0220021 -0.00716027 0.0027889 0.0158922 -0.0207346 -0.0009696 -0.00204827 -0.0240718 0.00928257 0.00836033 -0.00688502 3.24002e-05 -0.00537618 -0.0247414 0.00565465 0.0189112 0.0115416 -0.0170797 -0.000819632 -0.0283794 0.00849547 0.0195597 0.00928162 -0.0130119 -0.0207239 0.00130992 0.0209057 -0.0350212 0.00853346 -0.00593354 -0.0278553 0.00238292 -0.000360484 -0.0220821 -0.0182635 -0.00789506 -0.00714276 -0.0144396 0.00900651 0.00907092 0.0151915 0.00269847 -0.0089062 0.0291926 0.0164307 -0.0307791 0.0024749 -0.00841725 -0.00183562 -0.00764003 0.045627 -0.0422989 -0.00207921 0.0292032 -0.0458174 -0.00354227 0.0198522 0.0177759 0.00447576 -0.0147252 0.0113386 0.0169711 -0.00236913 0.0406485 0.0259796 -0.0121105 0.00888088 0.0397283 0.0107571 0.025548 -0.000849178 -0.00841811 -0.0562705 -0.0218587 0.00595743 -0.0189133 -0.00989582 0.0227971 0.0176179 -0.000321297 -0.015719 -0.0254998 -0.0152457 -0.0218257 -0.0245516 -0.0258668 -0.0202445 -0.0122029 0.00423934 0.00437696 -0.00194787 0.0326468 0.0186911 -0.0110631 -0.0300325 -0.0100458 -0.0286789 -0.0315468 -0.0117565 -0.0266558 0.0108752 0.00759149 0.00369371 -0.0152157 -0.00885121 -0.0242184 0.0139686 0.0195118 -0.0120953 0.0208279 0.0203821 0.0142073 0.0251868 0.00553127 -0.00827652 -0.0322786 -0.00179374 0.0266749 0.00682098 -0.00689582 -0.0114657 0.0255968 -0.0553144 -0.0194026 -0.0153049 0.0205504 -4.7627e-05 0.007249 0.0351185 -0.018383 0.0073906 0.00666879 -0.000117193 -0.00648018 0.0318648 -0.00761673 -0.0385541 0.0137955 0.0122947 0.0116045 -0.0013317 0.0319659 -0.00473916 0.00793001 -0.00172386 -0.0128948 0.0205107 
-0.0317955 0.025209 -0.00402318 0.0263286 -0.00323276 0.006552 -0.0113202 0.0161414 -0.0177733 -0.0340685 0.00231321 0.0102089 0.012057 -0.012502 -0.0082638 -0.0198066 0.00728821 -0.0258953 -0.00112365 0.0248185 0.0121605 0.000421306 0.00200924 -0.0198074 0.0353771 -0.0130382 0.011081 -0.0413468 -0.0162547 -0.00865593 -0.0173529 -0.0263194 -0.00115143 0.0208473 -0.0380208 -0.013771 0.0124081 0.0128753 -0.0317547 -0.020026 0.0247131 -0.00792912 -0.0237644 0.0372096 0.0287596 -0.0146615 -0.034692 -0.0275821 -0.0199394 0.019816 -0.00900258 -0.0292503 0.0279729 0.0271879 -0.00808982 0.0258465 -0.0091931 -0.00982409 0.00910154 -0.0266353 -0.0210443 0.00554847 0.0191348 0.0246327 -0.00729246 -0.0105739 0.012165 0.02081 0.0104849 -0.00300735 -0.0182979 -0.0095422 -0.0162011 -0.0117963 -0.0100921 -0.00717302 0.0293762 0.045008 0.01257 -0.00108224 0.0115613 0.0333994 0.0456511 0.0128757 0.0170768 0.0147446 -0.0103437 0.000422018 0.0152048 -0.0127739 0.0041262 0.00918781 -0.0037008 -0.0141885 0.025346 -0.013804 -0.0549488 0.0332196 0.000126516 -0.010796 0.00143668 0.000556447 -0.0167757 -0.0184979 0.00579094 0.00482347 -0.00661601 -0.0082642 -0.00465289 -0.00910574 -0.00277436 -0.00934074 0.0174741 -0.0128979 0.00577974 0.0103245 -0.030287 0.0106386 -0.0230156 0.0362327 0.0243507 -0.0237044 0.0275583 -0.0321171 -0.00512224 -0.012093 0.0172664 -0.00400694 0.00180688 -0.00479373 -0.00628583 -0.0136099 -0.0207729 -0.00275065 -0.0147781 -0.00117501 0.0191841 -0.0110472 -0.00417589 -0.0171911 0.0243741 -0.0197246 -0.0159002 0.0349123 0.007318 0.0193247 -0.0206553 0.019839 0.0266572 0.0312253 -0.0198813 0.0147167 -0.0288656 0.0188433 -0.0432037 0.0064432 -0.0310981 0.0313692 -0.00523095 -0.0242537 -0.0270157 0.0369542 -0.0352555 -0.0223941 0.0123455 0.0277488 -0.0403433 -0.020479 -0.0150223 0.00372972 0.00305108 0.00374871 0.0121749 -0.0135223 0.0254141 0.0455374 -0.00845289 -0.0193819 0.000939267 0.0157394 0.00411807 0.0191628 -0.0143501 -0.0105864 -0.0208404 0.000171737 0.00515886 -0.0107206 0.0143223 -0.02361 0.00829532 -0.00813118 -0.0260815 0.00158141 0.0496237 0.0031006 -0.000766752 0.0145021 0.0109615 0.0290167 -0.00733549 0.00657891 -0.00170007 0.0104829 -0.00940694 0.00313788 0.028361 0.0147534 -0.0325196 -0.023327 0.0212391 0.00634877 0.026789 -0.00214257 -0.00618129 0.0126319 -0.0279102 0.00378228 -0.0227068 0.0121136 -0.0227589 -0.00263166 -0.00534071 -0.0324387 -0.0263439 -0.0388462 0.00581685 -0.0149154 0.00114146 -0.0172655 -0.014647 0.00304365 0.00974974 -0.071316 0.0133145 -0.00525077 -0.0210373 0.0339056 0.0234661 0.00192721 -0.00396785 0.000622545 -0.00952848 -0.0129425 -0.00640202 0.0250399 -0.018613 0.00372483 -0.0346525 0.0255525 0.0157753 0.0245447 0.0195938 0.0322144 -0.00140484 0.00120755 
0.00998582 -0.00650495 0.0390764 0.00930404 0.0153306 -0.0420676 0.0117919 0.030728 -0.0123176 0.00179946 0.0186513 0.0125603 -0.0141344 -0.00192317 -0.0311655 -0.002434 0.0232362 -0.0246602 -0.0307573 -0.0106252 -0.0118798 -0.0290414 0.025385 -0.0101372 -0.0135978 -0.0421936 -0.0120304 -0.0114808 -0.0188489 -0.00714631 -0.00727715 -0.039923 -0.0345163 0.0263803 0.00736088 -0.0120364 -0.015005 -0.0321954 -0.0147206 -0.00176371 0.00219489 0.0087976 0.00154527 -0.0224199 -0.0157663 -0.0230731 0.00132483 -0.0206048 0.0228718 0.0145017 -0.0117472 -0.00561931 0.00445583 0.00753965 -0.0285897 0.0270944 -0.00359292 0.00361997 0.00910136 0.00127698 -0.002317 0.0376493 -0.0201871 -0.0247127 -0.00672503 -0.0313696 0.00371458 0.0324712 -0.0254697 -0.0123546 0.0048935 -0.0473805 -0.0137671 -0.01089 0.0308477 -0.0169089 -0.00844936 0.0245787 0.0138598 -0.0272464 -0.0171134 -0.027008 -0.00361716 0.0027629 -0.016886 0.0249082 -0.0150606 -0.0141518 0.00850699 -0.0155226 0.0285158 0.0161029 0.0252754 0.0126522 0.0297879 0.0197273 0.0301835 0.0105178 0.00974504 -0.0146957 0.00820973 -0.000787066 0.00781535 -0.00461528 0.0461855 -0.0244258 -0.0225052 0.00937661 0.00428915 0.00689345 -0.0199609 0.0135109 -0.00585404 0.0138248 -0.0149216 -0.00010257 0.00347899 -0.0191757 0.00451838 -0.0226578 0.0228779 -0.00437756 -0.0169908 -0.0199276 0.0228718 0.0198141 0.0186666 0.000460906 0.00247188 0.0127047 -0.00551388 -0.0556314 -0.0107582 -0.0120505 0.00380056 -0.0372154 -0.0136429 0.00791119 0.0122477 0.0113498 0.0170241 0.0274279 0.00486366 0.00536793 0.00763435 0.0151285 -0.00631642 -0.0277953 0.010095 0.00240644 0.0123628 0.0142073 0.0586322 -0.0048868 -0.0157334 -0.00181589 0.00918546 -0.0100914 -0.0201821 0.007105 -0.0150339 -0.00863513 0.0036126 0.0107986 -0.0147478 0.00936413 0.00657716 0.00990709 0.0229465 -0.00612479 0.0022602 -0.00405306 0.0311383 -0.00368869 0.0276302 0.00523196 0.0237451 0.0133459 0.0127529 0.00543278 0.0363624 0.0502301 -0.00163965 -0.0157543 0.0332746 0.00229708 0.04286 -0.000354255 0.0106487 -0.0128635 0.0459677 0.0122459 -0.0154809 0.0173358 -0.0194097 0.00491313 0.0214404 -0.0225881 0.0168828 0.0179905 -0.0117171 0.0233252 0.0207108 -0.0150875 -0.0188906 0.0119532 0.00744626 -0.00570777 0.00400668 0.0196672 -0.0179802 -0.0313671 0.0103512 -0.00366546 0.0135285 -0.000540867 -0.0470157 -0.0366841 -0.0219845 0.0160466 0.00193085 0.0169558 -0.00343006 -0.0235397 -0.0150108 -0.00703765 -0.0101306 0.00409521 -0.00590865 0.0166757 -0.00227003 0.00418765 -0.0156585 0.0141112 -0.0350602 0.0260215 0.0154181 0.00754524 0.0291053 -0.0108423 -0.0177501 -0.000788533 -0.0105557 0.00150628 0.00127925 0.00894599 0.022403 0.00378778 0.0100485 0.0295067 0.0168614 -0.0121024 -0.00454026 0.0104298 0.0155733 -0.017589 
-0.00843142 0.0237051 0.00456415 -0.011266 -0.0270333 -0.0231547 0.00196094 -0.00862688 -0.014643 0.0010429 -0.0157945 0.0229218 0.0244386 -0.0156526 0.0118285 0.0185709 0.00726635 -0.0173847 0.0025021 0.0222496 -0.0189106 -0.00948886 -0.0206562 0.00822689 0.0309489 -0.0138475 0.0070352 -0.0032651 -0.0270055 -0.00961373 -0.00900527 -2.03573e-05 -0.000573008 0.0245774 -0.0153425 0.029394 0.00314716 -0.0015184 0.0159459 -0.0280849 0.00206311 0.0155847 -0.0128132 0.0237487 0.00411301 -0.00312796 0.0180118 -0.0182959 -0.0181838 0.0234844 -0.020073 0.0520186 -0.0278091 -0.0215577 0.0295995 -0.00832763 0.00515972 0.00575317 0.00384716 0.01182 0.00279026 0.00538495 0.0126211 0.016314 0.00667985 0.000779103 -0.0204306 -0.00883927 0.0147065 -0.00110033 0.0105415 0.0228254 0.0166063 -0.0178752 0.0123118 0.0335948 0.022754 0.0197695 -0.0212613 -0.00845308 -0.00825004 -0.0222177 0.0023531 0.00131161 0.0200761 0.00862361 -0.017332 -0.00618174 0.00475184 -0.0394723 -0.0182873 -0.0149532 -0.0110297 0.00717687 0.0194058 -0.0265567 0.0159959 -0.0422081 0.0143464 0.0285057 -0.0404052 0.0168874 -0.0223628 0.0141851 0.00937319 -0.00546219 -0.00326764 0.0158723 0.0210777 -0.00901766 0.00821854 -0.013317 -0.0278316 -0.0452365 0.0360358 0.0197439 -0.0206025 0.00157536 -0.0059546 0.000677454 -0.01485 -0.015622 -0.00733182 -0.00606451 -0.00815001 0.00880548 0.00788476 -0.000258296 0.0328074 0.0135935 -0.000889211 -0.0141115 0.0272836 -0.00879897 -0.022074 0.0166574 -0.0329559 0.0223977 -0.0270788 0.00931298 0.0205507 -0.0174871 -0.00289729 -0.0163334 0.0147959 -0.00808539 -0.00898379 0.00817614 0.0300415 -0.0376601 -0.0402684 -0.00786228 0.00309715 0.00547312 0.0155581 0.0184442 0.00686756 0.0598984 -0.0127627 -0.000805557 0.0289059 0.032578 -0.0171734 0.00286951 -0.0146941 0.0220921 0.0400339 -0.000673387 -0.0224905 -0.013613 0.0181786 -0.0194087 -0.0652179 -0.0317127 -0.00624487 -0.0386104 0.000797401 -0.00353661 0.0135871 -0.00369459 0.00324013 0.0206601 -0.0250926 -0.0411062 0.0265472 0.0306725 0.0330839 -0.010319 4.13599e-05 -0.0204085 -0.000608693 -0.0112001 0.0125273 0.00169277 0.0196774 0.0142262 -0.0049774 0.0373878 -0.00104924 0.0323873 0.00675628 0.00805792 -0.00467549 -0.00380059 0.0237625 0.00319131 -0.003022 0.00912077 -0.0185038 -0.0293153 -0.0255249 -0.00341614 0.00535386 -0.0137817 -0.0181264 -0.0121933 0.00885413 -0.0019102 0.0215638 0.0105334 -0.0187885 0.0154987 -0.00364277 -0.0312085 0.0128885 -0.0289186 -0.00727923 -0.0139265 -0.0209573 0.00846858 0.0165931 -0.011026 -0.00411446 -0.00463749 0.00639356 0.00132842 0.00301679 0.040561 0.000278092 -0.0147203 -0.0159732 0.00712072 0.0465122 -0.0133134 0.0304503 -0.0269696 0.0225653 0.00623974 -0.0117256 0.0219452 -0.0357564 0.00244775 0.045882 -0.0215032 0.00255115 -0.00659542 
-0.0245399 0.00772575 -0.0106057 0.00449333 -0.0242712 -0.00795735 -0.0126701 0.00563211 0.00939454 -0.00601631 0.0129247 0.019592 -0.000132128 -0.0223038 -0.0318002 -0.00615192 -0.00999157 0.00915233 0.0143898 0.0244319 0.0464597 -0.000547147 0.000651321 -0.0192055 0.0316992 0.0132031 0.007893 -0.00812039 -0.0145561 0.0039643 -0.00489576 -0.0238346 -0.032106 0.0339608 -0.00122994 0.00186697 -0.0245824 -0.00719698 -0.0232633 -0.0125446 0.00853352 -0.0225149 0.0166164 0.0228398 0.000798019 0.0217628 0.00292179 0.0180696 0.0202579 0.00400617 0.0235101 -0.0289096 -0.00362943 -0.0217641 -0.0133482 0.0122627 -0.0454229 -0.0303029 -0.0190598 -0.01359 0.0281825 -0.00575205 0.00260024 0.00315247 -0.0269987 -0.0123831 -0.0359999 0.00188778 -0.0365263 -0.0247185 0.00567561 0.0418139 0.0121374 0.00329137 -0.0183823 -0.0184786 0.0479093 -0.00279662 0.0206193 0.0222127 -0.0106677 -0.0481148 0.0205573 0.00506304 0.00595379 0.00168698 0.0136534 -0.0134755 -0.0100112 -0.0337804 -0.0190899 -0.0372388 -0.00071704 -0.00870333 -0.0180153 0.0243579 -0.0197515 0.0180701 -0.0395204 -0.0145551 0.00459731 -0.000871623 0.0191311 0.00633715 -0.00593673 -0.00470212 0.00609711 -0.0105778 0.00158772 0.00771106 -0.0125687 -0.00622504 0.0170125 -0.0249409 -0.0114015 -0.0269606 0.0223433 0.0329165 -0.0241604 -0.000958784 -0.0346313 -0.00632151 0.0114301 -0.0114996 0.0106415 -0.0126507 0.0202679 0.0169243 0.00529355 0.0207065 -0.0163562 -0.00688864 -0.00926195 0.0132498 -0.00901903 -0.0169627 0.0142245 0.00673442 -0.031235 0.00596003 0.0130554 -0.000532936 0.00710047 -0.00809758 -0.00041593 -0.0364363 -0.0109883 0.0245156 0.0176353 -0.0053333 0.00433265 -0.0369969 0.0226946 -0.0234504 -0.0162255 -0.00332608 -0.033797 -0.00266742 0.000546879 0.0326728 0.0258018 0.0412858 0.00413147 -0.00133107 0.0331539 -0.0223736 -0.0143357 -0.0155652 -0.0232359 -0.0222964 0.035036 -0.0109294 0.0111583 -0.0238852 -0.0371939 -0.00603042 -0.0159987 0.0152978 -0.00605074 0.02305 -0.00590637 -0.0092648 0.0139649 -0.00461969 0.00412259 0.00851489 0.0236246 -0.0231738 -0.00525335 -0.0166999 0.0166935 0.003925 -0.00498321 0.00992539 -0.00172784 0.0237339 -0.0124724 -0.0439348 -0.00820404 -0.0191071 0.0234222 -0.00807677 -0.00807986 0.0129723 -0.013011 -0.0236485 -0.03517 -0.0193697 -0.00503075 0.0284276 -0.0256343 -0.00733179 0.00656027 0.0263087 -0.0405772 0.0124967 -0.0321834 -0.00193897 0.00780735 0.0487103 -0.000455394 0.00695252 0.00442683 0.0040155 0.00659948 0.000558774 -0.0112327 0.00641799 0.00806176 0.017061 -0.0019472 -0.0177797 -0.0336547 0.0190332 -0.00413304 0.00158532 0.0260193 0.0462056 0.0122946 0.0180838 0.00672316 -0.0118362 -0.0385302 -0.00748183 -0.0127085 -0.00823841 -0.0112353 -0.0208026 -0.00239741 0.0383594 -0.0467049 -0.00533904 0.00191835 -0.0221071 0.00907572 0.0123101 
0.0182317 0.0110759 -0.0111111 -0.00944767 -0.0295939 0.00141564 -0.00927846 -0.0089551 -0.01083 0.0338499 -0.0135985 0.00715706 0.0158696 0.00489468 0.00444218 -0.0232078 -0.00583507 -0.0102152 0.0136681 -0.0141139 -0.0165473 -0.00160054 -0.0204238 0.00243808 -0.00172197 -0.00199796 0.0107775 0.00752444 0.0104416 0.00143259 -0.0474085 0.0191682 0.000998287 0.0040006 -0.024852 -0.00342207 -0.0295565 0.0168074 -0.0479361 -0.0144928 0.00570259 -3.64224e-08 0.0327427 0.0207097 -0.0421919 0.000518342 -0.0124969 0.00238237 -0.00424244 0.0199931 -0.00726554 -0.00359811 -0.0168825 0.0128359 -0.0675064 -0.0163413 -0.00281435 0.0029571 0.0164578 0.0233974 -0.0266397 -0.00781274 0.00112904 0.0554627 -0.0183957 -0.00293551 -0.00822658 0.0242392 0.00705248 0.0383504 -0.0225019 -0.0192921 0.0200314 -0.0018499 -0.00625915 -0.0197145 0.0165178 0.0136947 0.0058384 0.0212891 0.0117045 0.00865664 -0.00365474 -0.0326862 0.0083844 -0.00651134 0.00505389 0.0115072 0.00315444 0.000530636 -0.0162751 0.00452878 0.0223806 -0.0150642 0.027469 -0.0207316 0.00912827 0.0075684 0.0102271 -0.000253321 -0.0249898 0.00527741 0.0102238 0.00583187 0.0055699 0.0343783 0.0263978 -0.000909159 -0.0207274 -0.0152245 -0.0116812 0.0160016 -0.0109641 0.00197683 0.00841006 0.00740493 -0.001288 -0.00233414 0.016635 0.0313618 0.00587374 0.00945947 -0.022239 -0.00609128 -0.027592 -0.00313543 0.0117168 -0.00266934 -0.00456875 0.0336156 -0.017188 0.0109476 -0.0138536 -0.00455801 0.0104853 -0.0123026 0.012619 0.00159987 -0.0177362 -0.00825763 0.0193921 0.0248289 0.0333659 0.0073561 -0.00692132 -0.0463564 -0.00261296 0.0343985 0.0311042 0.00451879 -0.00278132 0.0199244 0.00417729 -0.0487554 -0.0314477 0.0162827 -0.00913222 0.00473024 -0.0124594 0.0345421 0.0155057 -0.0617063 -0.0138181 0.0242149 -0.0318451 0.0531401 0.0134306 -0.00251975 0.0251374 -0.0296986 -0.0310056 0.0269455 -0.0227762 -0.00581011 -0.00372722 0.0103604 -0.00136858 -0.0286578 0.0167935 -0.0176035 -0.0197037 0.00261475 0.0227198 0.00185927 0.0243748 -0.000216967 0.0173253 -0.000946347 0.0155985 0.003499 -0.00440882 -0.0167762 -0.0250055 -0.0119094 0.0061649 0.00965671 0.00613308 -0.00645866 -0.0224872 0.0336901 0.0247026 0.016106 0.00147678 -0.00860058 0.0106481 -0.0152384 0.00375372 -0.00902801 -0.0459536 -0.0142164 0.0103522 0.00360471 -0.0301272 -0.0102732 0.019172 0.004013 -0.0185962 0.0130281 -0.009065 -0.017841 -0.0374963 -0.0551867 -0.0169884 -0.0425468 -0.025083 -0.0188644 0.0056461 0.000891741 0.0068298 -0.0261045 -0.00760411 -0.0225563 -0.035438 0.020146 0.0331089 -0.0143747 0.00446965 0.00825297 0.0113475 -0.00395953 0.0137083 0.0258355 0.0103785 0.000158523 0.0010452 -0.0114273 0.0146631 0.0247377 -0.012205 0.0339208 -0.035992 -0.00854485 0.0152292 -0.017867 -0.011744 0.00574697 
-0.0280339 -0.0136215 0.0257025 -0.0393618 0.00647651 -0.0208227 0.0201479 0.00823787 0.0481462 0.00335624 -0.0103568 -0.0199482 0.0113465 0.0110566 -0.00953379 -0.00697036 -0.0242165 -0.00924584 0.0070861 -0.0213221 0.0317958 0.00573736 0.0109256 0.0172544 -0.00751288 -0.0304466 -0.0384226 0.00777861 0.00497821 0.0148983 -0.011642 0.005706 -0.0212331 -0.0401289 -0.00902015 0.0176618 0.000572294 -0.00705756 -0.00153231 0.00948513 0.0198802 -0.0278746 0.000466745 -0.0203563 0.0153957 -0.0420695 -0.037808 0.0251822 -0.00821373 -0.00722955 0.00301339 -0.00646646 0.024423 -0.00205867 0.00797438 0.0140365 -0.0181312 -0.0294392 -0.00633442 0.0156935 0.00479087 -0.00353508 0.0124577 -0.0223764 -0.0147465 0.00278472 0.0155183 -0.0344691 0.0140857 -0.0187612 0.00658273 -0.0261546 -0.00550406 0.0234227 0.0362713 0.00519583 -0.041815 0.00897684 -0.00820085 -0.00552111 -0.0182402 -0.0247055 0.0310928 0.0143874 -0.00324481 0.02412 0.0177117 -0.0065922 -0.000256008 0.02254 -0.0110416 0.00236901 -0.0303037 -0.0237153 -0.0272074 0.00277354 0.034275 -0.0230582 -0.00344664 -0.0244179 -0.0280003 -0.00548672 -0.0189784 0.0189053 -0.0154053 -0.0233102 0.0244403 0.0027661 -0.0457254 0.0286086 -0.0249538 -0.00319957 -0.0297038 0.0181581 0.0179214 -0.0313426 -0.0151175 -0.0272928 0.0247109 0.000169913 -0.0177608 -0.00691464 0.0227461 0.0114774 0.0167245 -0.00645905 -0.0210034 0.0120087 0.00203616 0.0052688 -0.03448 -0.000698993 0.00629203 0.0274622 -0.00563114 -0.00347006 -0.0188784 0.0139165 0.0254117 0.0126484 0.0428137 0.00196755 0.0289646 -0.00743582 -0.0360955 0.0196925 0.00907924 0.0139244 -0.0255819 -0.027605 -0.0047739 0.04867 -0.0145903 0.0127914 -0.0292266 0.0152938 -0.00951123 0.0125383 -0.0214023 0.00582328 0.000732931 -0.00833384 0.0121712 0.0103789 0.0331006 -0.0184839 0.0211415 -0.00137011 0.000208535 -0.0358744 0.0189258 0.0050502 -0.0128635 -0.0177351 -0.0188481 0.0109346 -0.00390168 -0.0127752 0.00331729 -0.030304 -0.00376055 -0.0237747 -0.0119375 0.0279617 -0.0332252 -0.00231993 0.00358004 -0.012257 0.00612443 -0.0350225 -0.0144634 -0.015873 0.0354354 0.0181812 -0.037845 -0.0156639 -0.0277261 0.0111808 -0.0148186 0.00321337 -0.016949 0.0192599 -0.0157937 -0.0150413 0.0134954 0.0119706 -0.00235525 -0.0294781 -0.0284234 0.00114008 0.0204226 -0.0148432 0.0175981 -0.0324144 -0.012522 -0.00218584 0.0202944 -0.0179787 0.000695373 -0.0276998 0.0124772 0.0194417 -0.00566376 -0.00228026 0.0180909 -0.0145085 0.0336863 0.0086359 -0.00621524 0.0124202 0.0123492 0.0206781 -0.0145016 0.0199193 -0.0399111 -0.0295027 0.00119429 0.020127 0.0344925 0.0131225 0.0232487 0.0122397 0.00762164 -0.0335895 0.0352166 0.0318288 0.000469743 -0.00244935 0.00606535 -0.0142639 0.0200115 0.0298347 -0.00460983 0.00359337 -0.0192582 0.012827 
-0.0300664 -0.0192909 0.026773 0.0421333 0.00257821 0.0519999 -0.0324593 0.00508877 -0.0203145 -0.0197883 0.00551294 0.0150193 -0.0135744 -0.0233664 0.0313463 0.00833939 -0.00895224 -0.00582671 0.0202498 -0.00740666 0.008829 0.0156171 0.0162103 -0.0291687 -0.00247547 0.0142335 0.00376957 0.000166273 0.0133718 -0.000136869 -0.00793563 0.00863771 -0.0288823 0.0112554 -0.00835107 0.011065 -0.024845 0.0079841 -0.00209856 -0.00349908 0.00334029 0.0128913 -0.0291946 0.00459201 -0.0307267 -0.0321821 0.0156467 0.0352173 0.026121 -0.0122514 -0.0191241 -0.0201878 0.00860665 0.0249748 -0.00361292 -0.0116207 -0.0129034 -0.00139991 0.00776025 -0.023531 0.00191906 -0.00410974 0.0348593 -0.0384753 0.00789342 -0.0111815 0.0243079 0.00374826 0.010988 0.0180524 -0.00701278 0.0387569 -0.0305462 0.0191053 0.0597958 0.000935887 0.0315993 -0.0237478 0.0135934 0.013499 0.032837 0.0217797 -0.0151116 -0.0196244 -0.00201543 0.00327561 0.00324162 -0.0196448 -0.00288665 -0.00329099 0.00603844 0.0264472 -0.029595 0.0111431 -0.00972264 -0.0359387 -0.00974296 -0.00218903 -0.0110106 0.000128796 0.00857828 0.0296965 0.000718341 0.00708217 -0.0193136 -0.00429249 -3.80229e-05 -0.00210426 -0.0216238 0.015595 -0.0317312 0.00528951 -0.0216309 0.0135715 -0.00113659 0.0119292 -0.00195632 -0.0382613 0.0261378 -0.0136415 0.00667121 -0.0273101 0.00361493 -0.0107941 -0.0245757 -0.00626606 -0.0283414 -0.0205781 0.0192538 0.0203456 0.0167825 -0.0179774 0.0144493 -0.00455101 0.00888858 -0.0157026 -0.00408422 -0.00806234 0.0358084 -0.0226416 0.0275821 -0.00111089 0.00183405 -0.0108184 -0.0158803 0.00397268 -0.0173125 0.0011296 -0.0105924 -0.0259727 -0.0308203 0.0284141 -0.0116318 0.00589295 -0.00327099 -0.0118311 -0.0205781 0.00261369 0.00655991 0.0087149 -0.00579891 -0.0109916 -0.0519083 0.0148272 -0.00875357 0.0111656 0.0377297 0.00167114 -0.00908567 -0.00376268 0.028452 0.0163124 -0.01024 0.0200266 -0.0240135 0.0218752 -0.0226136 0.00694723 -0.000809993 -0.0221071 0.0113413 -0.0460006 0.0175052 0.0243935 -0.0283979 -0.0233148 -0.00315752 -0.00300844 0.00210082 -0.0138464 0.0376852 -0.000663315 0.0347637 -0.0250064 -0.012663 -0.0109091 -0.0192085 0.0212065 -0.0178971 -0.0222479 -0.0117824 -0.00199559 -0.00970464 -0.00540231 0.0123861 0.0108129 0.000189913 -0.0312002 0.00337434 -0.00596023 0.00373803 -0.0278048 0.0193457 -0.0196227 0.0409564 -0.00521002 0.0216993 -0.0228278 0.00973368 -0.00146906 0.00199541 -0.011778 -0.0106829 -0.0343915 -0.0110385 -0.000382671 0.0197917 0.0377699 0.00644512 -0.012747 -0.0285298 0.00352951 -0.00575215 -0.0274059 -0.0137397 0.0291997 -0.0197711 0.00769215 -0.0142189 0.0532305 -0.0189135 0.0243698 -0.0197511 0.0142671 -0.00440534 -0.0317309 -0.018918 0.0322462 -0.00281641 -0.00528044 -0.0208202 -0.00414973 -0.00295233 -0.0165815 0.00388508 -0.0111231 
0.00374695 -0.011264 -0.00631211 0.0456969 0.00503897 0.00589681 -0.0110445 0.00334825 0.0248925 0.0141627 0.0191393 0.0289281 -0.0171694 -0.0135781 0.00166127 0.0150838 0.0111918 -0.0525434 -0.00992016 0.011279 -0.0118967 0.047373 -0.0145787 -0.0208424 0.0184194 0.013394 0.0150574 -0.0133398 0.00283684 0.0350864 -0.0267029 0.0226235 0.0122922 0.0134432 0.00841655 0.0101445 0.00828228 -0.0211959 0.0381329 -0.0237121 -0.0352688 -0.0187849 -0.0150798 0.0296673 0.023757 0.0428242 -0.0033584 -0.015182 0.00414075 -0.0210135 0.0111456 0.0185548 0.0068231 -0.0200031 -0.00369951 0.00350192 0.0280113 0.000666001 -0.019317 -0.0216946 -0.0036779 -0.0295514 0.0147489 -0.0236927 0.0157341 -0.015999 0.0189056 0.0010936 -0.011398 -0.0158932 0.0012991 0.0247341 -0.00664781 -0.0112308 0.0212807 0.0247937 0.00166782 0.0186449 0.00505325 0.00579045 0.028011 -0.0433727 0.00759891 0.0131622 0.0208367 -0.0176711 0.0139148 0.00103323 0.00656383 -0.0131189 -0.00210372 -0.0162896 -0.0223935 -0.0233149 0.0267537 -0.0242166 0.00672005 0.0114224 0.014494 0.00203985 -0.00658856 -0.0336847 -0.00694398 0.00173419 -0.0371407 -0.0421084 -0.0379811 0.0135087 -0.00134343 0.0114841 0.00359137 -0.0293298 -0.0165382 -0.015705 0.0309294 -0.000494573 -0.0129565 0.0136085 0.000878654 -0.00824198 0.0129752 -0.0258643 0.0455362 -0.00172022 -0.0396334 -0.0466959 0.0115504 0.0103086 0.0285023 0.00200379 0.00359736 0.0136576 -0.00668393 0.0222221 -0.0188418 -0.000857975 0.00383802 -0.0120389 -0.0296167 -0.00439824 -0.0165892 -0.00862258 -0.0489259 -0.0374161 0.0139834 -0.0123522 0.0257245 -0.021121 0.0182335 0.00848494 -0.00747058 -0.00111979 0.00681458 -0.00867554 0.00803555 0.0126384 -0.0112543 -0.0342213 -0.0332054 0.000598198 -0.0494336 0.0024894 0.00509564 0.0160196 0.00842862 0.0149481 0.021998 0.0207627 -0.00854506 -0.00254391 -0.00702832 -0.0113169 0.00506699 -0.0268329 -0.00498521 0.0210777 0.008949 -0.00810865 0.0426968 0.0102635 -0.00680675 -0.0197733 0.00361094 0.00574737 0.00818204 0.00674078 0.0187759 -0.0105925 -0.00915945 -0.00633131 -0.000525752 -0.0130089 -0.0354583 0.025358 0.000812399 0.00798222 -0.0104668 -1.84878e-05 -0.0343294 0.00410139 -0.00262835 0.0100459 -0.0368078 0.0311107 -0.000253947 -0.0136827 0.0144548 -0.00512671 -0.00315228 0.00727645 -0.00291468 -0.012788 0.00490526 -0.018933 -0.0186563 0.0252774 -0.0144853 0.000658037 0.00301432 -0.010538 -0.00143858 0.00745446 0.00914821 -0.0132651 -0.0144129 -0.00418852 0.0271471 -0.0240346 -0.0161562 -0.0542193 -0.0178429 -0.00815797 -0.0203174 0.0127768 0.00306498 0.00398353 -0.00840813 0.00351248 0.0214363 0.0137843 0.00971474 -0.0263972 -0.0103774 0.00727682 -0.00762441 0.035598 0.0159316 -0.0126271 -0.0112573 -0.00419346 0.000794904 -0.000328265 0.0212644 0.00832734 0.0467287 -0.0141512 
0.00912137 -0.00847462 0.0197679 0.00160034 -0.0447859 -0.0251243 0.0236513 0.013033 -0.00810042 0.0120794 0.0311197 -0.00988709 -0.00385333 -0.0105372 0.00774745 0.0320032 0.00337853 -0.0209606 0.0313755 -0.00392428 0.0246298 -0.000242582 -0.0101343 -0.00212411 0.0473651 -0.0152275 -0.0284603 -0.0130209 0.0285266 -0.00523258 -0.00971871 0.013198 -0.019467 -0.00674595 0.0372291 0.0156133 -0.033738 -0.0265721 0.00518665 0.00541549 -0.00468278 -0.0214693 0.018051 -0.0137047 0.0111417 -0.00917069 0.018839 0.0234352 -0.0302979 -0.0167542 0.00603602 0.00937095 0.0132391 -0.00442131 0.0245936 -0.00325172 0.0460009 0.0260468 -0.0178843 -0.0200318 -0.0362932 0.0121255 0.00640755 -0.00369363 -0.02852 -0.0187322 -0.0176666 -0.0181673 -0.0297829 0.0159552 -0.00165164 -0.00915192 0.0149457 -0.021338 0.0113595 -0.00531493 -0.0142292 0.0234683 -0.0239688 -0.0383164 0.0312156 -0.0125182 0.0262539 0.0480299 0.0186572 0.039144 -0.0266322 -0.000507536 -0.00489098 0.00479364 0.0209278 0.00201965 0.00537067 -0.0156521 0.0253822 0.00745839 0.00141058 -0.00109857 -0.0143014 0.0264853 0.0120296 0.005422 0.030366 0.0024808 -0.0221537 0.0200217 0.00462971 0.0448602 -0.00933894 -0.0374316 0.000558196 -0.000389369 0.00406553 0.023434 0.0390323 0.0348031 -0.0339275 0.0018915 -0.0205622 0.00123879 0.0185987 -0.0489542 0.00765532 -0.00960592 0.0205249 -0.00913212 -0.0112656 -0.000978995 0.00698191 0.000279348 0.0422687 -0.0179177 -0.0116404 -0.0149707 -0.0150143 0.0145676 -0.0163173 0.0213342 -0.005606 0.0476751 -0.00936782 -0.0243348 0.012116 -0.0159476 0.0251906 -0.011863 -0.026955 0.00510647 -0.00967867 0.0117199 0.00338416 0.0199258 0.00436905 -0.0198183 0.00113119 -0.0346957 -0.000358653 -0.040272 0.00405769 0.0271923 -0.0133859 0.0175611 -0.0167604 -0.0416654 0.0032207 -0.00199095 -0.0265013 -0.0390148 -0.00123932 0.0265771 -0.033686 0.0261109 -0.00378393 0.0328819 -0.0132762 0.0100525 0.00892713 -0.0150342 -0.00270504 -0.0185637 0.00458609 -0.00866114 0.000203785 -0.022107 0.023269 -0.0152705 0.0197592 0.0363567 0.0176189 0.0299062 -0.000116853 -0.0108816 0.0244885 0.0220527 -0.00628524 0.0063551 0.0088916 0.0292661 0.00706396 0.0151571 -0.00869182 -0.0260178 -0.0350509 0.00214219 -0.0222029 -0.00109546 -0.00946973 -0.0254091 -0.00363836 -0.0045032 -0.0514681 -0.0273413 0.0410679 -0.0179486 0.00194692 0.0422431 0.000320661 0.0425862 0.00254553 0.00629515 -0.0048073 -0.0130622 0.00185808 0.0128956 -0.00616174 -0.0157233 -0.0185775 0.0149479 -0.0104819 -0.010225 0.000430782 0.0119965 0.0206402 0.0320355 -0.00377853 0.0245501 -0.00345641 0.0109218 -0.00479634 0.013496 -0.00013973 0.0136977 -0.0048345 -0.024708 0.000771547 0.0123519 0.031078 -0.0155211 0.00273001 0.0055564 0.00337209 0.0268078 -0.0116541 -0.0291747 -0.014018 -0.00185006 
-0.0118509 0.0019047 -0.00985751 0.011979 0.0240211 0.0212276 -0.00284837 -0.00764326 0.000584251 -0.0368487 0.0235337 0.0261532 -0.03242 0.0134576 -0.0136127 0.00484982 -0.0298609 -0.0237319 0.0105494 -0.0107281 -0.0184471 -0.0180166 -0.0137993 -0.0145534 -0.0293876 0.0243241 -0.0258669 -0.00519725 0.00963722 0.0155191 0.000822126 -0.0162335 -0.0132362 0.00161319 0.0249365 0.00354081 -0.0192625 0.0118035 0.0137679 0.00829224 0.0228819 0.0121799 0.017781 -0.00965876 -0.00797804 -0.0484052 0.0127561 -0.00498671 0.00256925 0.012181 -0.00430083 0.000649502 -0.0172477 -0.0167059 0.00198012 -0.0319391 -0.012358 -0.0205739 0.00417242 -0.00812938 -0.0011657 0.0226677 0.00895149 -0.0302948 0.00753948 0.0208029 -0.010751 -0.0207996 0.00427629 -0.0114255 0.0109786 0.00910296 -0.00202443 0.0115533 0.00689559 0.0252666 0.00936897 0.0222351 0.0190556 0.00285421 0.042629 -0.0329807 -0.0122314 -0.0235562 0.000972204 0.0311809 -0.00669033 0.0154196 0.00125932 0.0325647 -0.00333046 -0.0239872 0.0256201 -0.0178444 0.018001 0.0383691 -0.00784824 -0.0241182 -0.00243403 -0.0056895 -0.0185502 -0.0171029 0.00491341 -0.0206905 -0.00158853 -0.00708123 0.000314464 -0.00836384 0.00469607 0.0353794 0.00845178 0.00898424 -0.00326682 -0.0200825 -0.00705529 -4.10064e-05 0.0471869 0.0336088 0.0338502 0.00121582 -0.0265876 0.0081984 -0.0129083 -0.00821574 0.0208198 -0.00214916 0.0253626 0.0200469 -0.00947925 0.0246038 -0.00338604 0.000316913 -0.0224916 -0.0158531 -0.0014474 -0.00979572 -0.0155934 -0.0165897 -0.0147136 -0.0190237 -0.0335819 0.0268367 -0.00861603 -0.0155378 -0.00185071 -0.0206817 -0.00608473 0.0188918 0.00564478 -0.0479548 0.0046601 0.0449215 0.0161361 0.00695355 0.0230504 -0.0130545 0.00616617 -0.0204373 0.000970286 -0.0142923 -0.00953219 -0.017775 0.00508803 0.0413122 0.0223191 -0.0409157 0.00133338 -0.0266959 0.0124531 0.0115149 -0.0352987 0.00334686 0.0174755 -0.0248102 0.00470373 0.0187488 0.000592783 0.0266978 0.0160488 -0.00909694 0.054892 0.00447883 -0.0149894 -0.0155463 0.00276669 0.00401314 -0.00618477 -0.00947549 -0.0229483 0.0258555 -0.0222613 0.0302567 0.00587277 0.0194329 -0.00062182 0.00281326 -0.0128316 -0.0681383 0.0255506 -0.00824005 0.0251929 0.00475114 0.0152647 0.0520182 0.0211514 -0.0293131 -0.00403826 -0.00746106 -0.00371249 0.00824 -0.000680092 0.00507308 -0.0161141 0.0026762 -0.0146938 0.00217263 -0.00424808 -0.00384001 0.0029363 0.0152909 -0.0319148 0.00611997 0.00502989 0.00786013 0.000552467 -0.0237155 -0.0056277 -0.0190221 0.0515191 0.00600525 0.0409199 -0.00424863 -0.00270162 -0.0149087 0.0343357 -0.00120295 0.0254 -0.0265852 -0.00964787 -0.0170694 0.00593198 -0.03918 -0.0252162 0.00484428 -0.0059297 -0.00901464 0.0227638 -0.00744062 -0.00755182 0.00075402 -0.00421396 -0.00818966 -0.0230269 -0.0274289 -0.0112983 0.0100071 
0.0145054 -0.0385263 0.0179211 -0.0445459 0.0173978 0.00539915 -0.00985595 0.0103003 -0.0045084 -0.0315038 -0.00617074 -0.00403917 0.00619403 -0.00321909 0.0265285 0.0258007 0.0249645 0.000705131 0.0201187 -0.000772865 0.0193711 0.00917366 0.0126029 -0.0246835 -0.0309226 0.0356988 0.0176455 0.0233333 0.00434571 -0.0150432 -0.00301087 -0.0169624 -0.0133166 -0.0229767 0.00238911 0.0482069 0.025292 0.0124545 0.00640326 0.0224978 -0.0108599 -0.0286143 0.0393812 -0.00105712 -0.0497405 -0.0165129 0.034442 0.0214702 0.0294537 0.0238837 -0.0310016 0.00139619 -0.0289571 0.0155655 -0.0084037 -0.00661815 0.0267484 0.0383643 0.00132747 -0.0185095 0.0151883 0.00974204 0.00222154 0.025546 0.0238273 -0.0627025 0.0345456 -0.00552833 0.00680145 0.0153727 0.00232205 -0.00879901 -0.00218867 0.0264373 0.0333255 0.000825171 -0.0125069 -0.00114181 0.0027369 0.0149373 0.00942373 -0.00419308 0.00350515 0.0102274 -0.0211165 0.0108334 -0.0189756 0.0163465 -0.0140327 0.00438347 0.0127226 -0.0092062 -0.00064291 0.00979399 0.0114207 -0.0183328 -0.0271603 0.0407012 -3.35764e-06 0.0108316 -0.0198403 0.00547343 -0.0170383 -0.07271 -0.0268785 0.0140962 -0.00732143 0.0612222 0.00725572 0.00215592 -0.0188133 0.0110055 0.0300433 0.0304475 0.00298114 0.00238352 0.0149007 -0.0170462 -0.0120483 0.00413823 -0.0208861 0.000207838 -0.0195753 0.0122604 0.0138322 0.0117514 0.0028594 0.032701 -0.00559162 0.0110133 0.00355208 -0.00354928 -0.0128062 0.00599297 -0.00155467 -0.0143408 0.0298726 0.00363979 -0.0400908 0.0135447 0.0144962 0.0285979 -0.00720174 -0.00161458 -0.0280422 0.000241423 -0.0210645 -0.0217581 -0.00898129 0.0119013 0.021485 -0.00388382 0.053098 -0.0176324 0.0323473 0.00292924 -0.0222715 -0.013279 -0.00790924 -0.0157906 0.0111501 0.00648092 -0.0293548 -0.0248885 0.0145827 -0.00560634 0.00498701 -0.0271424 -0.0151356 -0.0416258 -0.0124024 -0.0314315 -0.00265625 -0.00136249 -0.0138047 -0.0241009 0.00189281 0.013007 -0.0111973 0.0298275 0.0316598 -0.0462311 0.0316288 -0.00666719 0.0140171 -0.000745225 -0.0314531 0.027057 -0.0373608 -0.0172063 0.00497325 0.00918691 0.0295646 0.0117693 0.0170779 0.00308438 -0.0264613 -0.00857243 -0.00326287 0.00933473 0.0499684 -0.0356313 0.00744696 -0.00900764 -0.0183381 0.0119443 -0.0228949 -0.00853639 0.04825 -0.00679331 0.0114052 -0.0110464 -0.0246173 0.000182781 0.0214012 0.00846513 -0.00717124 0.00223203 0.0135889 0.0222835 -0.0122707 -0.011473 0.0182257 -0.00597175 0.0195692 0.00979202 -0.0375439 -0.0309987 -0.0087136 -0.00467346 0.0136202 -0.0105451 -0.0256144 0.00702092 -0.0143554 -0.0100339 -0.0143396 0.0166983 -0.0187193 0.00573542 0.00147442 -0.000334809 0.00161785 -0.0122623 8.68885e-05 0.0480506 -0.0154041 -0.0102099 -0.0119169 0.00663698 -6.79579e-06 0.0152554 -0.0164296 -0.00114467 -0.0201007 -0.0261518 
-0.00581174 0.011808 -0.0232916 -0.014582 -0.0490777 0.024121 -0.00296998 0.0162796 0.0117751 -0.0419895 0.029445 -0.00574484 0.0189185 -0.0060213 -0.0190353 0.012587 -0.00228962 0.000577745 0.0149369 0.027754 -0.00737299 0.00462084 0.0405274 -0.00146149 -0.00295487 0.0134145 -0.0353852 0.0100562 0.0168578 0.0283632 -0.0286275 -0.00529189 0.0254379 0.0201185 0.0331909 0.0313156 0.0287922 -0.0114178 -0.0201732 -0.00298586 0.0166776 -0.0242394 0.0325378 0.0241275 -0.00257661 -0.00464496 -0.0236265 0.00196491 0.00931772 0.00331682 0.0177409 0.00136135 -0.00990937 0.0227222 -0.00407112 -0.0070547 0.00537365 0.002342 0.0177622 -0.0114228 -0.00775007 0.00323974 0.0130302 0.00134621 0.0108848 -0.0397621 -0.0216972 0.0221198 0.00976602 -0.0094189 -0.0108025 0.00742797 0.00613675 -0.00873357 -0.018908 -0.00820843 -0.0124864 -0.00232691 -0.00728557 0.00584977 0.00914251 -0.00412607 0.0477117 0.00800182 -0.000866809 -0.0287428 0.0278773 0.00393809 0.00801835 0.0191742 0.0226408 -0.00764247 0.0086557 -0.0566581 -0.0488518 0.00581222 0.00891723 0.0230353 -0.0227079 0.0239029 -0.0365545 0.00659577 0.0259014 0.00445011 0.0122219 0.0059815 -0.0298556 -0.0309616 0.00670148 -0.0231436 -0.00641978 -0.00560028 -0.0290328 -0.00720749 0.000129322 0.000300554 0.0147161 -0.0128286 0.0102449 0.00263845 -0.0026594 0.00538341 -0.0421879 0.00173305 0.00646564 -0.0176091 -0.0222063 -0.00129847 0.0120425 -0.00240324 -0.00339644 -0.0194346 -0.0151572 0.0197415 0.0195973 0.0126694 0.0086162 0.00931996 -0.0224846 -0.00832807 -0.0160983 0.0209559 -0.00287533 -0.0185024 -0.0245005 -0.0127155 -0.00729793 0.00060843 -0.031654 -0.0153066 0.0214972 0.00482228 -0.00290693 0.0316807 -0.00364371 -0.000613206 -0.00440078 -0.0126991 0.00210763 -0.00243161 0.00652976 -0.00653421 -0.00426691 0.00646734 0.00619055 -0.0152275 -0.0140897 0.00106021 0.0190449 0.0155615 -0.00640856 0.00870077 0.0292788 0.00237737 0.0103528 0.0273828 0.0019044 -0.00300735 -0.00472814 -0.0133542 -0.000824461 0.0249252 0.0190349 0.00225088 -0.0153534 -0.00638224 0.00816261 -0.000117997 -0.00104959 -0.0132101 0.0364697 -0.0177648 -0.0181189 -0.00749309 -0.0507507 -0.0104147 -0.00965819 0.0199669 -0.0254576 -0.0271181 0.0266429 0.0102708 -0.0228524 -0.0123524 0.0160383 -0.00752714 0.012566 0.014457 -0.000479845 -0.00694169 -0.0182572 0.00267867 0.0150177 -0.0182974 0.020641 -0.0179808 -0.0167914 0.00937623 0.0112492 0.00211526 -0.0103239 -0.00333327 -0.0145661 -0.00906501 -0.0228554 -0.0167007 0.00999945 -0.0069889 -0.0285788 -0.0352314 0.00240975 0.00204247 -0.0120156 0.0246251 0.0117156 -0.0172446 0.00376486 0.0249666 0.00151942 -0.0360491 -0.00330172 -0.0150457 -0.00504141 -0.018536 -0.010602 0.0177721 -0.0104235 -0.019423 -0.00437078 -0.0163479 0.00772287 0.0112661 0.0121133 0.00297414 0.0167549 0.0231905 
0.0227558 0.0301339 0.0202165 -0.000523848 0.0282552 -0.00110163 -0.00411031 0.0143389 -0.00795378 -0.0412389 0.000322771 -0.012516 0.00219804 -0.00316741 -0.00303712 0.00559552 0.0533988 -0.012448 0.0026995 -0.0301284 -0.00384122 0.00404199 0.0450092 0.0261314 0.0033304 0.0289965 -0.0583301 -0.00260752 0.0253212 0.0207895 0.00937983 0.0234172 0.0100848 0.00814241 0.00158928 -0.00663093 -0.0220166 0.0212053 0.00178209 0.0170997 0.000500719 0.0121002 -0.0014099 0.0234775 -0.00699118 0.00341986 -0.01913 -0.027021 0.0371831 -0.0163425 0.0277794 -0.0274937 0.0246146 0.0123913 0.0183406 0.00460166 0.0112031 0.0258975 0.00730098 0.0469501 -0.00656547 -0.0165135 0.0233522 0.00551543 0.0239795 0.00317874 -0.0480122 0.00384481 0.00436627 -0.0591748 -0.00305856 0.0158074 0.0103701 -0.00990405 0.000578206 0.023772 -0.04278 0.0141997 0.0164293 -0.0152465 -0.0497823 0.0317348 -0.0391551 0.0117752 0.00400111 -0.03221 -0.0160826 0.0119957 -0.000622748 -0.0252817 -0.0104678 -0.0187651 -0.0147593 0.0176326 0.00344218 -0.00936928 0.00645117 -0.0422688 0.0213024 0.0199912 0.0304542 0.00826522 -0.0484431 0.0101835 0.0218776 -0.0152598 0.0255228 -0.00192596 -0.0362941 0.00901614 0.0424409 -0.0467826 -0.00792198 -0.01396 0.0285544 -0.0124535 0.0168466 0.00412541 0.00704147 0.0172174 -0.0358256 -0.0239606 -0.0106764 -0.00273946 0.0306345 0.0221885 -0.0090733 -0.0126111 -0.020605 0.01175 -0.00543395 0.0399767 -0.0163396 0.0154297 0.00415905 -0.00833438 -0.0279445 0.0224659 0.0179047 0.00758356 0.00235794 -0.0260271 0.0230747 0.0313759 0.0293307 0.00677305 0.0184422 0.0118634 0.0206796 0.00247013 -0.0302804 0.0293228 0.0195919 0.0120184 -0.00418975 -0.0474878 -0.0211645 0.033431 -0.0250345 -0.0382716 -0.00544282 -0.00238044 0.0205058 -0.0227473 -0.00146145 0.0582064 -0.0373804 0.00758035 0.0414882 0.0247208 0.0135596 -0.000862662 -0.0101271 -0.000505255 -0.00650265 0.0193789 -0.0493045 -0.0186304 0.0138063 -0.0146189 -0.0321617 -0.0124606 0.0119346 -0.0108862 0.0484 0.0254422 0.0235334 0.0382103 -0.0188575 -0.00438069 0.00220466 0.0377118 -0.0128108 -0.00421861 -0.00852054 0.0341536 -0.0200132 -0.0328344 -0.00666644 -0.0131318 -0.00871265 -0.0137428 -0.010115 0.00900974 0.0320823 -0.0127125 -0.00868829 -0.00110758 0.00372121 0.0143333 0.0077633 0.0222797 -0.000808805 0.026436 0.0121106 0.0221636 5.36054e-05 0.00149386 -0.0168949 -0.0644752 0.0128608 0.020553 0.0298727 -0.0105581 0.0118428 -0.0116556 -0.00946786 0.0143429 0.0134404 -0.00983105 0.0398415 0.00811257 0.0120175 -0.00726529 0.00447928 0.0359705 0.0134907 -0.0185598 0.00341556 -0.017581 -0.00910196 -0.0121801 0.00426394 -0.0367836 0.0143084 0.00509026 0.0199466 0.00198627 -0.0268903 0.0262788 0.0298185 0.0139594 -0.0112156 0.00570874 0.01757 0.0277659 
-0.000774616 -0.0117708 -0.0226358 0.0136595 0.027275 0.0375678 0.00350954 -0.0212889 -0.00204627 -0.037482 -0.0138759 -0.00203004 -0.0193745 -0.0346408 0.0209499 0.0161475 0.0171763 -0.0134865 0.00499674 0.0418755 -0.0165961 0.0392622 -0.0365307 0.0414522 -0.0192588 -0.00447889 0.0406024 -0.0202912 0.00268275 0.0110777 0.0122159 -0.00200112 -0.0387171 0.0339498 0.0162709 -0.0128558 0.00940349 0.0114535 0.00417224 0.00510561 0.0196476 0.00340534 -0.0317773 -0.000941743 -0.0146253 0.0399661 -0.0082764 0.00543672 0.00913929 -0.0054469 -0.0152596 0.0505783 -0.0363152 -0.00596738 -0.0350951 0.0399242 0.000231994 -0.00493964 -0.011034 -0.00597317 0.0184377 0.00934328 0.00976599 0.00914553 -0.00962827 -0.00998693 0.0174456 -0.0130661 -0.00396065 -0.0427861 0.0101419 0.00366497 -0.00983711 -0.0195398 0.0120908 -0.0224212 0.0100113 -0.0111145 0.0199125 -0.0264148 0.00975552 -0.00712367 0.00711173 0.00139191 -0.0575215 -0.0133211 0.015864 0.00173658 0.0187652 0.0259824 0.00849354 -0.00926097 -0.00525114 0.0216164 -0.0284341 -0.0222572 0.0166227 0.000706778 -0.0104569 0.00807491 -0.0225367 0.0157935 -0.00687873 -0.0317064 0.00300582 -0.0335587 0.00979554 -0.022067 -0.00168574 -0.0345293 0.0263501 0.0130754 0.00382225 0.00965512 0.0441691 -0.00587103 -0.0684028 0.0022462 0.0194302 0.0071509 -0.017837 -0.02861 0.0358346 0.010224 0.0306012 -0.0156435 0.00852538 -0.0177835 -0.0132529 0.000428637 0.0178333 -0.010454 0.00887293 0.0153229 0.0247521 -0.0136817 0.0144295 -0.00502596 0.00561064 -0.00841463 0.0136279 -0.00730739 -0.000235415 -0.00618831 -0.0145468 0.00653478 0.00745496 0.0129003 -0.0136035 0.00826987 -0.0070925 -0.00853307 -0.0242086 -0.00536876 0.0198193 0.0113925 0.019877 0.0164948 0.0158672 -0.0277147 0.0211906 0.00185469 -0.0196717 0.00682379 0.00705343 -0.0340906 0.0103851 -0.00452456 0.0150511 -0.00889216 0.000130715 0.040207 0.0126839 -0.0083214 -0.0239913 -0.0302413 0.0161749 -0.0202933 0.0246646 -0.0211076 -0.0350643 0.0402746 0.0158044 -0.0111703 0.0297229 -0.0076971 0.0161678 -0.00817878 -0.0151046 -0.00827428 -0.0622404 -0.00692652 -0.0191579 0.00499312 -0.00842119 -0.0219316 -0.0151812 0.00338297 0.00605688 0.021547 0.0047612 -0.00240534 0.0249923 0.0139683 -0.0324214 0.00413357 -0.02198 -0.0243836 0.0116423 -0.0149658 -0.0189626 0.0210356 0.019843 0.0399327 0.0187305 0.0154508 -0.00108838 -0.00865053 -0.0040192 0.00127015 -0.0110458 -0.00255152 0.0287189 0.00461041 -0.0288906 0.0218621 -0.0106496 0.00923168 -0.0334786 -0.0035363 0.0337137 -0.0442313 -0.00881204 0.032111 0.0170272 -0.044867 0.0175705 0.0183291 0.0111838 -0.0172433 -0.00541621 0.00920986 0.0303963 -0.00909236 -0.0156387 -0.0124219 -0.00530961 -0.00196924 0.0136271 0.0196559 0.00837559 -0.0309001 0.00130835 -0.0259902 -0.00299241 -0.0109634 
0.0393139 0.0101229 -0.0258726 -0.0233664 0.00375105 0.00170733 0.0260601 -0.0143365 0.0129959 -0.00415619 0.0122072 -0.0315309 0.0170131 -0.0197851 -0.0176765 -0.0219708 0.00384996 0.0132711 0.00367508 0.0130792 0.0039102 -0.0147149 0.0226859 -0.000887742 0.0358049 0.00127014 0.0165302 -0.0100421 -0.00375253 0.000668193 0.00793904 0.0110323 -0.0262087 0.0113249 -0.00199917 -0.00910584 -0.0415131 0.0054117 0.00635394 0.0208596 0.00642304 -0.019563 0.00639061 0.00151663 -0.0332124 -0.001197 -0.00685479 -0.0346922 -0.0138625 -0.034575 -0.012945 -0.0150475 -0.0231084 0.00787654 0.00141223 0.0273303 0.0168858 -0.0156397 0.0415282 0.014174 -0.0135337 0.038093 0.00422477 0.0116416 0.01743 -0.00122749 -0.000546873 -0.0319917 0.0122452 0.0171218 -0.0308467 0.0181056 0.00419731 -0.0490731 0.0126731 -0.0106346 -0.0434426 0.00653439 -0.024836 0.00193526 -0.0309177 0.00943064 -0.0161485 0.0199026 0.0022637 0.0576243 -0.00658968 -0.00516693 -0.0107614 0.00968122 0.0198804 -0.00606555 -0.0198569 0.031377 -0.000559857 -0.00142032 -0.0027521 0.0108016 0.0287325 0.0240017 -0.0253845 0.0256654 -0.00887024 0.0187162 -0.00753821 -0.0393761 0.0343261 0.00271145 -0.0154853 -0.019695 0.00126714 -0.0328641 0.0280047 -0.0187476 -0.00646205 -0.0239982 -0.0284726 -0.0112075 0.016884 -0.00312483 -0.0168497 -0.0247131 0.0202119 -0.0123842 0.0132761 -0.00732573 -0.00642259 0.0488268 0.0169531 -0.0057983 0.0207162 -0.00896087 -0.0407133 -0.0104679 -0.00545354 0.0280224 -0.00910089 -0.0171582 0.0332904 -0.0027082 0.0134961 0.0332304 -0.0245751 0.0172699 -0.00567746 0.026954 0.00992208 0.0059578 0.00715348 0.0101712 -0.00371929 -0.0221643 0.0185753 -0.00985733 0.0151274 0.0355345 0.0143421 0.00289433 -0.00777453 0.00964107 0.0110608 0.0118748 -0.00663066 -0.0283247 0.0225945 -0.0446845 0.0160423 0.012273 0.010945 0.0243008 -0.0302578 0.0100057 0.00879979 -0.0228816 0.0304515 0.0304061 0.00145253 -0.0296224 -0.0101393 -0.0162241 0.0102889 -0.0193144 -0.073744 0.0358978 -0.00615814 -0.03925 -0.00550063 0.0284829 -0.00218286 0.00765328 0.00690829 0.00366559 0.0194839 -0.0318838 0.0232079 0.0452345 -0.0276988 -0.0134825 0.0470778 -0.00793215 -0.0167641 -0.00605232 -0.0113346 0.0183337 -0.0210702 -0.00348986 0.00866435 -0.0132532 0.0182118 -0.0258542 -0.0361839 0.0141391 0.0291979 -0.00994717 0.00337948 -0.0205754 -0.00411993 0.0254747 0.034237 -0.0213213 -0.0203205 0.0322731 -0.0271236 0.00473329 -0.0304977 0.0347322 0.0145835 6.06201e-05 0.00768137 0.00180573 -0.00144176 -0.000570625 0.0259882 0.0166057 -0.0541501 -0.0322672 0.0119413 0.011762 0.0519981 -0.0332672 0.0011575 0.0224775 0.00983513 -0.0266411 0.015714 0.0124728 0.0466558 0.00136911 -0.0169603 0.0147885 -0.00147377 -0.0188464 -0.0212838 -0.0052444 -0.00548955 -0.00824583 
0.00471524 0.0144402 -0.00514369 -0.00811567 0.0263931 -0.0284758 0.00157861 -0.0234512 0.0158503 0.0132196 0.00391266 -0.0157197 0.00478184 0.00053001 -0.00195338 -0.000969039 0.00689467 -0.00578153 0.0109114 0.0107968 0.00307696 -0.0264873 -0.0172843 0.00690694 0.0308621 -0.0100669 -0.0217368 -0.0030895 0.0160487 0.0263332 0.00295108 -0.0140797 -0.0109602 0.0168845 -0.00914275 0.00179263 -0.0324602 -0.00621774 -0.000840036 4.72281e-05 0.00634743 -0.0068865 -0.0322779 0.0253155 -0.0476406 -0.0181426 -0.0288727 0.00714317 0.0146393 0.00713998 0.0195933 -0.0232785 -0.0049639 -0.0224708 -0.021398 -0.000682508 0.0210057 0.0216931 -0.0135332 -0.0286401 -0.050451 -0.00943873 0.00725954 0.00482734 -0.0104754 0.0122729 -0.00635754 -0.00448815 0.00320813 -0.0106674 0.0105858 -0.0142731 0.018233 0.00714498 -0.0359016 0.0014205 -0.0312215 0.00153571 -0.0065291 0.0110526 -0.0183526 -0.00048189 0.00889224 0.0109137 0.0165346 0.0227622 -0.0157296 0.0134329 0.0158427 0.0104129 0.00540329 0.0271939 -0.0166921 -0.020567 -0.0245587 0.0205691 -0.0251188 -0.00410102 -0.00981405 -0.00797982 0.0114516 0.00627609 0.00325667 -0.0131279 -0.00467773 0.0315284 -0.00953585 -0.00695241 -0.00330212 0.027596 0.0451072 0.0339349 -0.00355164 0.00244076 -0.0360501 0.017031 0.00819073 0.00638433 -0.0177308 -0.00221887 0.00165149 -0.0178424 -0.024123 0.0247617 0.0246319 -0.00194849 -0.000764336 -0.0302845 -0.0182897 0.0415346 0.0443998 -0.0372093 0.00147206 -0.0435408 -0.00842043 0.00612426 0.0225814 0.036374 -0.0204828 0.0079542 0.00153418 -0.0233886 0.0294258 0.0119315 0.0183532 -0.00552061 -0.00328216 0.015789 0.0151081 -0.0111604 0.00960747 -0.0203028 -0.0153928 0.0229423 0.00760547 -0.0251787 -0.0098965 0.026082 -0.00986366 0.0115726 0.0286515 -0.0119986 0.00362567 -0.0190061 0.0172182 -0.0356377 0.000554398 0.0259978 0.00175431 -0.0042833 -0.00832732 -0.0289663 0.00570668 -0.0115816 0.0175578 0.00756948 0.0269584 0.0299234 0.0145792 -0.0201264 0.00452989 -0.0106132 -0.00664465 -0.0204744 -0.00488021 0.019702 -0.002471 -0.00259243 0.0237624 -0.0118236 -0.0062646 0.022563 0.0305524 -0.00747215 0.00799117 -0.0230955 0.000325898 -0.00695281 -0.012969 -0.00887075 0.00152341 0.00765918 -0.0195251 0.00520331 0.0257259 0.0300549 -0.0193027 0.0336649 -0.0054309 -0.0217479 -0.014786 -0.00949043 -0.072375 -0.00168761 0.00491091 -0.00796779 -0.00323282 -0.0299186 -0.0149942 0.0134865 0.0308252 0.0150949 -0.0057091 -0.00525521 0.00512923 0.00991616 -0.0354987 0.0307034 0.0287366 0.0239174 0.0027226 -0.0322839 0.0331312 -0.0353452 0.0135003 0.00894022 -0.0139004 0.0130518 0.0233459 0.0086776 -0.00202586 0.0323079 -0.0323054 0.052782 0.0124956 -0.00706247 0.0194707 -0.0278786 -0.0100603 0.0106243 -0.0133636 -0.00840261 0.00939347 -0.0124983 0.0305623 0.013289 
0.00374623 0.03474 0.017645 0.00118498 0.0117755 0.0513369 -0.0193464 -0.0143509 0.0125686 0.016183 0.00288422 0.0199969 -0.0063338 -0.00523209 0.00131151 -0.0305758 -0.0105532 0.0197197 -0.00410793 -0.00170059 -0.0386202 -0.0240752 -0.00351505 -0.0095594 0.00749507 -0.0208662 0.0297327 -0.00342747 0.00377712 0.0233848 -0.0140056 -0.00657163 -0.0048561 0.00458793 0.0148653 0.0139719 0.0160222 -0.00120458 -0.0269387 -0.0180019 -0.0123026 -0.00209677 0.0243064 -0.0239324 0.0363513 -0.031742 0.0267481 -0.0110356 -0.0154982 0.019459 -0.0382854 -0.0325784 0.00445058 0.00444788 -0.0331511 0.0537069 -0.00673048 0.0217981 -0.00852105 -0.00166404 -0.0169521 -0.0172437 0.0124405 0.00382403 -0.0312437 0.0161429 0.0377125 -0.00752874 -0.00909192 -0.0183052 -0.0358888 -0.00300622 -0.0210773 0.0122896 0.0200046 -0.021703 0.0111856 0.0239179 0.0198624 0.000616066 0.0066321 0.0234678 0.00348527 0.00759098 0.0119933 0.0378821 0.00399465 0.00926471 0.0215008 -0.00874771 -0.00992958 -0.0105805 -0.025257 0.0304067 -0.0259415 0.0461155 0.0159439 -0.021907 0.0093034 0.00675018 0.00886309 -0.025288 0.0322438 -0.0215637 0.00547544 -0.0287637 -0.0244672 0.0282515 0.0130778 -0.00159224 0.0384851 0.0407123 0.00894143 0.0131005 0.00167264 0.0378871 0.0208687 0.0011388 0.0107899 -0.0112463 0.0243524 0.0142503 0.0326582 0.00695712 0.0219676 0.0107104 -0.0139956 0.035365 6.27364e-05 -0.0070984 -0.0444233 0.0181324 0.0213826 -0.0146641 -0.0101233 0.00749493 0.012388 0.0175754 0.00120679 -0.0100998 0.0366264 0.0225349 0.034648 0.00778669 0.0152024 0.00612312 -0.00253101 0.0312022 0.0187378 -0.00437499 0.00199582 -0.0179517 0.0257477 -0.0522261 -0.0135934 -0.0122813 0.015541 0.0165055 -0.0224527 -0.00642135 0.00727338 -0.0117126 -0.00704398 -0.023891 -0.000613963 0.0141017 -0.0329509 0.0182109 -0.0236835 -0.0159981 0.0174127 -0.00170081 0.00368392 0.00153391 0.0165456 -0.0178154 0.0240808 -0.0280592 -0.0136577 -0.0370734 -0.00137387 -0.00426256 -0.057295 0.0443306 0.0122807 -0.0107567 -0.00305891 0.00171159 0.00628328 0.0156374 0.0666396 -0.013296 0.0508377 -0.00196977 -0.00323103 0.0102987 0.00354347 0.00306365 -0.00724673 0.0389099 -0.0170165 0.00955387 0.0189954 0.0283524 0.0345738 -0.00979965 -0.0293514 0.026623 -0.00952953 -0.0309979 0.02701 -0.0319914 -0.0187723 0.0139687 0.0102067 0.031183 -0.00408814 -0.00877794 0.0266956 -0.00326638 -0.0495352 -0.0060461 -0.0213685 0.000134103 -0.0151735 0.00726672 -0.0182371 0.00700408 -0.0303243 0.0142745 -0.0207895 -0.0090267 0.0137955 -0.0342515 -0.0193858 0.0269353 -0.0218576 0.0189995 0.0115133 -0.00472136 0.0274345 0.0014305 0.00747086 0.00186874 0.00322155 -0.00722878 0.0139667 0.0509332 -0.00531826 0.0285977 -0.0016896 -0.00856009 0.000289167 0.0186885 0.000459696 0.0428272 
-0.0352822 0.0355955 -0.0202768 -0.002735 0.00331391 0.00284177 0.01074 0.0155119 -0.0273478 -0.0197911 0.0112954 -0.0149212 0.0302676 0.0104801 0.0394439 -0.0141046 -0.029468 0.015669 0.0288886 0.0149659 -0.00790146 0.0238797 -0.00231205 0.0305192 -0.0101061 0.0204577 -0.0142072 -0.00889746 -0.0195179 -0.012614 0.00510795 0.00044226 -0.0235936 -0.000399628 0.00127799 -0.0237284 0.000920803 -0.0459199 0.0085879 -0.02408 -0.0244706 -0.0180284 -0.0122209 -0.0267079 -0.00231819 0.0107304 0.00113136 0.021688 0.046342 0.00625107 -0.00080178 -0.0110614 0.00300298 -0.00239657 0.00781 0.016801 -0.00905513 0.0125386 -0.0261918 0.0124778 -0.010534 -0.019858 -0.00249134 0.0132748 -0.0361048 0.0234746 0.0121443 0.00801745 0.0056108 -0.0202384 -0.00433909 0.00786752 -0.00325683 -0.0247871 -0.0363702 0.0342883 0.000361805 -0.0427946 -0.00654816 -0.00532893 0.00172233 -0.0380288 -0.0345842 0.0135903 0.0547161 -0.000665781 -0.0260411 -0.00321427 0.0123187 0.00621466 0.000517769 -0.00242552 0.00281389 0.00824635 -0.0317199 -0.00582015 0.0156877 0.0142443 0.00714321 -0.0453694 -0.00742421 0.0217017 -0.0110832 0.00179738 0.00350855 0.0286665 0.00626357 0.0123991 -0.014294 -0.0157492 -0.00865786 -0.0251682 -0.0189711 -0.00301139 -0.0304936 -0.0164436 -0.0247854 -0.05342 0.0118726 0.0365777 0.0182812 -0.00126542 -0.00064954 -0.00353596 -0.0188886 0.00949816 0.0351159 0.00974621 0.0207789 0.0144828 -6.24785e-05 -0.00324164 -0.0150954 0.0319929 -0.0014102 -0.0180339 0.0384085 0.0230492 0.0252776 8.18664e-05 -0.00640304 -0.00523433 0.000333656 0.0544293 -0.0402241 -0.0419631 0.0161355 -0.00639532 -0.027003 0.0147163 0.0052052 0.0175813 0.00477113 -0.0034345 0.00154533 -0.0257204 0.00730627 0.0145655 -0.0177944 -0.0516025 -0.0176498 0.034288 -0.0351961 -0.0143572 0.0136549 -0.00813771 -0.000435366 -0.000206317 -0.0257091 0.0257737 -0.0217159 0.0150893 0.0142803 -0.00951389 0.00241775 0.008008 0.0122365 0.0127399 0.0403998 -0.00478731 -0.0175334 -0.00712826 0.0229924 0.00378665 0.0140622 -0.0268271 0.0031175 -0.0245442 0.0300839 0.0349078 -0.00978319 -0.0110925 0.017484 0.00343222 0.00459785 -0.017343 -0.020719 -0.0156566 -0.0125303 0.0116654 -0.00186065 -0.00967509 0.0166093 0.00396952 -0.0220093 0.00809359 -0.0248704 -0.00962267 0.00350131 -0.0157755 -0.000293064 -0.00632572 -0.0104347 0.0261199 -0.00607031 -0.0434368 -0.0450163 -0.0375793 -0.0220602 0.0400149 0.02508 0.0037774 -0.00924414 -0.0202684 -0.054616 -0.0121907 0.00992836 -0.0134109 -0.013949 0.0119638 0.0227464 0.0279524 0.0194057 -0.0287442 -0.00765049 -0.0196489 -0.000952128 -0.000265458 0.00714281 -0.010324 0.0142867 0.0138556 -0.0207882 0.00631278 -0.0325267 -0.0245556 0.0122214 -0.00778929 0.0169036 -0.0200786 -0.0166087 0.0280009 -0.0167536 -0.0457275 -0.0120067 -0.0335585 
-0.00550321 0.0198286 -0.000482645 0.0233411 -0.0149041 -0.023099 0.00324606 0.00166101 -0.00891123 -0.0446307 0.000674581 -0.0128362 0.0254495 -0.0100314 0.00980216 0.000222355 0.0417869 -0.00488525 -0.00483587 -0.0158947 0.024465 0.00369247 -0.00856149 0.00138328 0.011666 0.0164676 0.011531 0.029562 0.030325 0.0298853 0.00138355 -0.031682 -0.0163139 0.0320865 0.012753 -0.0100121 -0.00471358 -0.0146525 -0.0150432 0.0169576 -0.0175063 0.00860861 -0.00144857 -0.00925033 -0.0148793 -0.0131733 0.0281099 0.0154366 0.0152005 0.0241654 0.0013493 0.0229944 0.00144119 0.0138591 -0.0159702 -0.0105668 0.0236981 -0.0198184 0.0180788 -0.040122 0.00327469 -0.00641684 -0.0113267 0.0162002 0.00208979 -0.00615141 -0.0162971 0.0117101 -0.00509056 -0.0148174 -0.0062519 -0.0351528 -0.0373625 0.045759 -0.0324982 -0.00467197 -0.069048 -0.0225936 0.00862972 -0.0260116 -0.0168661 -0.00261787 0.026577 0.0100218 -0.00412997 0.0186084 -0.00296655 -0.00910578 -0.00165207 0.0022536 -0.0116398 -0.00518191 0.0030234 0.0114477 -0.00141277 -0.00855954 -0.0149062 0.0131111 0.0279535 0.0206721 0.016798 0.0106664 -0.00406236 0.0133647 0.00821999 -0.00760215 0.0101989 -0.00082541 0.0103622 -0.0352584 0.00367083 -0.0268147 0.016975 0.000650513 0.0513364 0.0122544 0.0811316 0.0195389 0.0054599 0.00594829 0.0367336 0.0204814 0.0231944 0.00769145 0.028451 -0.00746172 0.0214744 0.0436577 -0.0109331 -0.0051238 -0.0178953 0.0265569 0.0181844 0.000379261 -0.0276705 -0.0140569 0.016648 0.00819563 0.0207816 -0.00364344 -0.0337579 -0.00749838 0.0251894 0.0181675 0.0379486 -0.0198605 0.0292418 -0.0116504 0.00672011 0.0119281 -0.00536487 -0.0154147 -0.0133024 0.00825447 -0.0051014 -0.0162057 0.00773874 0.0105982 0.013859 -0.037718 -0.0447197 -0.0313485 -0.0517667 -0.0147399 -0.00984731 -0.0369082 0.00113427 5.28622e-05 -0.0261986 -0.012043 0.00321962 -0.00419846 -0.0357137 0.0365483 -0.00744863 -0.000211548 0.00117338 -0.0170308 -0.00408879 -0.00835794 -0.00521775 0.0303425 0.00170726 -0.0254312 -0.00372089 0.000875497 -0.00580407 0.00945358 -0.00701051 0.00915797 -0.0158931 -0.00413433 0.028381 0.0175751 0.0320934 0.00385281 0.0196057 0.0185013 0.0161901 0.0161914 0.0142173 0.0162206 -0.0414613 0.0133515 -0.0339339 0.0152709 0.0285823 -0.00955054 -0.012816 -0.0230399 -0.027184 -0.00767485 0.000467369 0.0296697 -0.0155309 -0.0478405 -0.00279322 -0.0157554 -0.0268483 -0.00339447 -0.00331011 -0.0122129 -0.0268905 0.0080358 0.0145193 0.0500988 0.0209649 0.00760073 0.00404989 0.0445345 -0.013406 -0.00613252 0.0109133 -0.0352213 0.0157245 -0.00150934 0.00484324 0.015317 0.027592 0.000345113 0.00668036 -0.0245923 -0.0059996 -0.0161226 -0.0126401 0.00782301 -0.0127059 -0.0109444 0.0211503 -0.00780183 -0.045444 -0.01922 -0.0137908 -0.0125975 -0.00435238 0.0485396 
0.0147807 0.0508057 0.00454363 0.0266593 0.0228097 -0.0040313 -0.00854842 -0.0284768 -0.0306612 -0.0133826 0.0315665 0.0170903 -0.0107762 -0.0128463 -0.0459444 -0.0212892 0.0341259 -0.00929698 -0.0205228 -0.000337532 0.0156506 -0.0120143 -0.00182652 -0.0422411 0.000712338 0.0105195 0.0161817 -0.021514 0.0279693 -0.00841071 0.0151393 -0.0262634 0.0189473 0.00414633 -0.0265067 -0.0208016 0.0214397 -0.0214578 -0.00252622 0.0325204 -0.0166207 0.00804489 0.0253714 -0.00725483 -0.0136676 -0.0120381 0.00506865 0.0482189 -0.0115638 0.0167455 0.0276168 0.0109731 -0.0276962 0.0110056 -0.0383754 -0.0129179 0.0324132 -0.0209273 -0.0252611 -0.0013443 -0.00642714 -0.0127305 0.0319505 0.00152676 -0.00411476 -0.0149185 -0.0397584 -0.0328635 -0.0161668 0.0309676 -0.0239723 -0.014108 -0.0251773 0.022141 -0.013775 -0.0200713 -0.00892503 -0.00523772 -0.000647878 -0.0061386 -0.00593731 0.0208262 -0.0233321 -0.0108567 0.0120119 -0.00209504 -0.00257266 0.0161039 -0.00312329 0.00105918 0.00388571 0.00944729 -0.00224884 -0.0328082 0.00492743 0.00294101 -0.0245392 -0.00734532 -0.0150397 -0.0100215 0.0100901 0.0103073 -0.00172143 0.0258098 -0.0116342 0.00994426 -0.0158988 0.0125856 0.0019281 -0.0063607 -0.0151151 -0.0169008 -0.00319466 0.018119 0.00449722 -0.0257723 0.0060449 -0.0311098 0.0234089 -0.0257891 -0.00173255 0.0158064 -0.014663 -0.0124381 -0.00263589 0.033811 0.00137487 0.00752659 -0.000160843 0.00773389 -0.0213306 0.0230565 0.0174867 -0.00873766 0.00645468 -0.0280879 0.0126634 0.0290614 0.00723788 0.0245772 0.00632404 0.0180837 0.00467376 -0.00302577 -0.00955469 -0.013449 9.64817e-05 -0.0104372 -0.0134224 0.000831009 0.0197852 -0.00231403 0.0164894 -0.00249046 -0.000430293 -0.027662 -0.0221683 -0.0147144 0.0149316 -0.010931 -0.0207367 -0.00736884 -0.0169646 0.0218493 -0.00732439 -0.0051095 0.00130676 -0.00524276 -0.0220887 -0.00301418 -0.00607608 0.00228546 -0.00776318 0.0366988 0.00129252 -0.0050895 0.016065 -0.0169717 0.0302952 0.00240488 0.0123765 0.0270014 0.0528786 -0.00016473 0.0177112 0.0300271 -0.0329152 0.0204214 0.0402482 0.0301828 -0.0390735 0.0327537 -0.00398696 -0.0370122 -0.0262984 -0.0139892 -0.00576275 0.0223318 0.00726932 -0.00724667 0.00739273 0.00623724 0.0120672 -0.0143183 -0.00644819 -0.0271142 -0.0208784 -3.50154e-05 0.0273918 -0.0222869 0.00806702 0.00725636 -0.024466 -0.0410434 -0.000315488 -0.0306135 0.0161448 0.0190576 -0.0338594 -0.0234004 -0.0235699 -0.0143354 0.0285619 0.0156768 0.00674203 -0.00891364 0.0197132 -0.00843193 0.0109853 0.0353343 -0.0215448 -0.0193326 0.00631987 0.00369744 0.0129462 -0.00515764 0.0283853 -0.0125137 0.00035766 0.0136156 -0.00133447 0.0193917 -0.0181829 -0.00645103 0.0301133 -0.00174348 -0.0193927 -0.0128554 0.0188874 0.023025 -0.00346241 0.0125964 -0.0308317 0.00989475 0.00387691 -0.0138181 
-0.0034814 0.00383914 -0.0215257 0.0135661 -0.0335119 0.00856268 0.00100765 -0.00087313 -0.0135033 0.0045575 0.00681303 -0.015192 -0.00952677 0.0273771 0.033782 0.0144489 0.0168086 0.0292614 -0.0114119 0.0123808 0.0580167 0.0135377 0.014728 0.00207766 0.00741357 -0.0121973 0.0160973 0.00530145 0.0300673 0.0360855 -0.0062238 0.0211632 -0.00853142 0.017549 -0.000744142 0.00984746 -0.00796601 -0.00879125 0.00185306 0.0142635 -0.00130125 0.000724215 -0.00249146 -0.0370091 0.00264872 0.00943766 -0.00978064 0.0194773 -0.0316012 0.00803935 0.00198649 -0.0258822 0.00750908 -0.00679096 -0.0117293 -0.0206567 0.0245939 -0.0210684 0.00946792 0.0111437 -0.0139237 -0.0328643 -0.00342098 -0.0105279 -0.031453 -0.000405323 -0.026954 -0.0143728 -0.00145953 -0.0346993 0.00506682 -0.00302133 -0.0228727 -0.0412399 0.0112452 -0.00470297 -0.0079314 0.00527852 -0.00819201 -0.00749976 0.0287562 0.0168624 0.0411671 -0.00822042 -0.00495344 -0.0245722 0.00190349 0.00188596 -0.0101447 0.00969728 -0.0305684 -0.0228058 0.00179629 -0.0236051 0.00948406 0.018061 -0.00787739 0.0189084 0.0219316 0.0215265 -0.0240018 0.0446773 0.00534908 -0.00339871 0.00514444 -0.0283677 0.00831304 0.0088228 -0.0105217 -0.0228968 0.00184709 -0.00946092 -0.0713301 -0.00271242 -0.00776947 0.00341734 -0.0338153 0.00630174 0.0113059 -0.0119024 0.00568731 -0.00799438 0.00992908 0.021042 0.00598061 -0.0159943 -0.0144933 -0.0269995 0.0111672 -0.0121571 -0.00858157 0.0298309 0.0026953 0.0351456 0.0104586 0.0216339 0.0135884 0.00104433 -0.0517256 0.0239975 -0.00276375 -0.0128635 -0.0260861 0.00292975 0.0327983 -0.0286332 0.00507285 -0.0132139 -0.025614 -0.011618 -0.00126667 -0.00270115 -0.0302234 -0.025903 -0.00696388 0.0153721 0.000486303 -0.0334101 -0.0107891 0.0297827 0.0267017 0.0360145 -0.0544386 -0.0195428 -0.00402276 -0.00297788 -0.00359788 -0.00496012 0.00805 -0.0172341 0.0108091 -0.0213987 0.03203 -0.0146112 0.024685 0.0279998 -0.000478081 -0.0391507 -0.00850225 -0.0134432 0.0296915 0.0130741 -0.00105223 -0.0202335 -0.00707132 -0.0154582 -0.00366217 -0.0271825 0.00101964 -0.010382 -0.01636 0.00962673 0.0416771 -0.0058626 -0.0449961 -0.000492456 0.00708861 -0.011543 -0.019791 0.0145471 -0.0051302 -0.00705591 -0.0224005 0.00300865 0.00214897 -0.00448899 0.012982 0.0427178 0.00574405 -0.0228438 -0.00632669 0.0127691 0.0188893 0.0115003 0.0155787 0.0131997 0.0333244 -0.0170572 -0.0485385 -0.00823579 0.0333477 0.0120745 0.0147443 0.0225041 0.0048888 -0.00297498 -0.0134809 -0.00922165 -0.00862571 -0.00941182 0.00497267 -0.00524727 0.00555769 -0.0186081 0.0064543 -0.0144383 0.0173123 -0.0244043 -0.00183696 -0.040976 0.0133966 -0.0147494 -0.0199055 0.0151928 0.0211509 0.0300659 0.0084235 0.0155723 0.0032825 0.0130486 0.0017387 -0.00682917 -0.00810854 -0.0312089 -0.0101481 -0.041964 
-0.00985407 -0.0159966 0.00853135 0.010021 -0.0136351 -0.00300042 -0.0170275 0.00235885 -0.0211586 0.0343269 -0.00662031 -0.0385597 0.00601574 -0.0229408 -0.00283796 0.00652355 0.0138791 -0.0113009 -0.0100537 -0.0371583 0.0177828 -0.016335 5.71407e-05 0.00611499 0.00611064 0.0301791 0.00864523 0.00679086 -0.00795375 -0.0029163 -0.00136851 0.00346944 -0.00755815 -0.0113461 -0.00841536 -0.00903479 -0.0159089 0.0112347 -0.0450237 0.00549538 0.0307941 -0.00602491 -0.00486484 -0.00994291 -0.0157664 -0.0041753 -0.00267303 0.00297839 -0.0370583 -0.022633 -0.00208241 -0.00161678 0.025361 0.0162459 0.011899 -0.0348236 -0.0121911 0.00815002 0.0175741 0.0158332 0.00222043 -0.00724513 0.00823934 -0.00256608 0.0275416 0.00552532 -0.0116191 -0.0123065 -0.0103049 0.0333406 0.0392509 0.010987 -0.0267816 -0.0267252 -0.0127568 0.0190282 0.00702213 -0.029658 9.01772e-05 -0.015678 -0.0249286 -0.0105985 0.00226935 0.0186823 -0.0125895 -0.00451473 0.0334077 0.00694973 -0.00417688 0.00607894 -0.00695468 -7.90162e-05 -0.0388607 0.00966284 0.0341927 -0.00826297 -0.0272528 -0.00037019 0.0234986 0.00454299 0.0138288 0.00328013 0.0240236 0.0235073 0.0316584 -0.0140071 0.0200848 -0.029114 0.0151736 0.0266738 -0.00168786 -0.00806065 0.00130577 -0.0065936 -0.0149426 -0.0200359 0.0101125 0.0192207 0.00543866 -0.0225944 -0.0168911 -0.039833 0.0144193 0.0025016 0.0301353 0.00288249 -0.00994053 0.0135394 -0.0312925 -0.00537269 0.00404931 -0.00717536 -0.00896253 0.0077742 -0.0462782 0.00984264 -0.0133049 0.023898 0.0424332 -0.0430879 -0.0152102 -0.00863139 0.0266341 0.016252 0.000588373 -0.0108824 -0.00297104 -0.0330125 -0.014759 0.011006 0.0138224 -0.0124429 0.00193186 0.0014894 -0.00455647 0.0264778 -0.012395 -0.00165122 0.00387714 0.018615 -0.0207388 -0.00647781 -0.0108104 0.013096 -0.0139334 0.0232672 0.00185619 0.0314761 -0.0311425 0.00587979 -0.00369755 0.0148956 0.00913283 -0.0122819 -0.0172261 -0.00423964 0.0143606 0.0209922 -0.000185935 0.00861411 0.0188023 -0.0289861 0.0398186 -0.0120412 -0.0126981 0.0204429 0.00615814 -0.00199039 0.0286736 -0.036865 -0.0372217 -0.0133083 -0.0126241 0.0159061 0.00280113 -0.0315986 0.0111616 0.019501 -0.0166689 -0.0119049 -0.03547 0.014505 -0.000828834 -0.0150243 0.0044242 0.0151046 0.0100615 0.00604792 -0.0175942 0.0289491 -0.0143099 0.00635779 -0.00109677 0.00736493 -0.00275904 0.00948647 0.00365797 -0.0319805 -0.0295089 -0.015754 0.00181278 0.00260112 0.0161493 -0.026671 0.0544389 0.00926589 -0.00709993 -0.0193982 0.0388995 0.00793903 -0.0293616 0.00353722 -0.0176979 -0.0183761 -0.00913255 -0.00929285 0.0248235 -0.00694473 0.00193237 0.0125334 -0.0138071 -0.0127366 -0.0106864 -0.0141918 0.0130325 -0.0314592 -0.0292308 -0.0385841 0.00992337 -0.00337458 0.0318473 0.0168821 0.026827 -0.000629486 -0.033907 -0.0111371 
-0.00483032 -0.0341233 0.00806659 0.0162214 0.0199082 0.0174772 -0.00553537 0.0126972 -0.0071322 0.00895305 -6.545e-05 0.00732415 0.0380184 0.0184653 -0.00777733 0.0125501 -0.00975233 0.038735 0.00600494 0.0121336 0.0144389 0.0236022 -0.0156157 0.0184839 0.00804348 0.018403 0.0367907 -0.00459327 -0.0228237 -0.00333314 -0.0108377 -0.00418366 0.0226366 -0.0293298 -0.0197512 0.0317915 0.00403573 -0.0103627 -0.00303662 0.0120399 -0.011217 -0.00144338 -0.027781 -0.0169672 -0.0216917 0.0266054 7.61507e-05 -0.0561194 -0.0144485 0.0381354 0.00694463 -0.00635719 -0.00204144 0.0116211 -0.0110012 -0.0314056 0.0378133 0.0148805 -0.0308453 -0.0236988 -0.0315535 -0.0129011 0.000386214 -0.000317095 0.00183824 0.0540454 -0.0162898 0.0127553 0.00983795 0.0447514 0.015977 0.0143937 0.0258361 -0.0260417 0.0359001 0.0141844 -0.0164455 -0.0320338 0.0217673 -0.00547448 0.00036341 -0.00899443 0.0165411 0.0337597 0.0130959 -0.0028606 0.0130159 0.0282913 -0.0106214 0.0104575 -0.000431265 0.0126007 -0.0309606 0.0149894 -0.000946212 0.0109854 -0.0164575 0.0737864 0.00444512 0.00773356 0.00165143 -0.00749021 0.00984481 0.0120907 -0.00399955 -0.00510922 0.0150635 0.0158531 -0.00777465 0.00840867 -0.027696 0.00330055 0.00760144 -0.0205161 -0.0126977 0.0203487 -0.0169428 -0.0199911 0.0285261 0.0122514 0.00214917 0.00467236 -0.00409438 -5.79822e-05 0.0183507 0.00144709 -0.00493162 -0.0125311 0.00603634 0.00207875 0.00528491 0.010073 -0.0145574 0.0312541 -0.0283514 -0.0248464 0.0158105 0.0234546 -0.00969782 0.00977735 0.00464321 0.0228055 -0.027041 0.0216421 0.00960057 0.0139279 0.0240635 -0.00952086 -0.0204913 0.0191188 0.00351559 -0.0221037 -0.000864977 0.00405222 0.00881099 -0.00587476 -0.0184506 0.00261502 0.0195521 0.0358186 0.00847923 0.0316306 -0.00481288 0.0283818 0.00610182 0.0271851 0.000250788 0.00478495 -0.0135904 0.00760913 -0.0103286 0.033414 0.00468433 0.00839462 0.0269743 -0.0335444 -0.0374028 -0.0177947 -0.00792401 -0.0442323 0.00701862 -0.0052368 -0.0155094 -0.00669828 0.00635726 0.0205707 0.0223323 0.00501955 -0.00316698 0.0434752 0.0006793 -0.00678281 -0.0157324 -0.00833289 0.0122995 -0.00319694 -0.0359642 0.0199438 0.00461234 -0.0268815 -0.00376449 0.0343086 -0.0210773 0.01089 -0.0358774 -0.0164401 0.0500251 -0.0274201 0.0376802 0.00500946 1.15018e-06 0.0205348 -0.0295816 -0.025742 -0.015209 -0.0155332 -0.0280831 0.00912671 -0.00661706 0.0129357 -0.0151524 -0.00533536 0.0166442 -0.0103124 0.00242963 0.00451019 0.0148105 0.0245272 -0.0151953 -0.0113286 0.0334982 0.00308318 0.00109859 0.00793327 0.0112097 -0.0126056 0.064348 0.0223074 -0.0257576 0.011395 -0.0244497 0.0177474 -0.0231479 0.00427484 -0.0259576 -0.0234357 -0.00865645 0.0112257 -0.0159383 -0.0242684 -0.0398555 0.003513 -0.0100399 0.00711179 -0.0135716 0.022857 
0.0131741 -0.0191033 -0.0175035 0.00165338 0.00554969 -0.00939361 -0.00444371 -0.0257195 -0.0183255 -0.00671151 -0.0145398 0.0186548 0.00349899 0.0303044 -0.0110741 -0.0225764 0.0388384 -0.0169257 -0.0303232 -0.0183352 0.0135192 0.0126758 0.0290189 0.009166 0.000822687 -0.0148052 0.0355856 -0.0425268 0.00353102 0.00386034 0.0331293 -0.00710336 -0.0122521 -0.0399907 0.0113549 0.000926341 -0.0393732 0.0145783 -0.0240788 -0.00402186 0.00644886 -0.0192076 0.00134152 0.00721725 0.012635 0.0356349 -0.0135225 -0.0124011 -0.0239346 0.014445 -0.0216787 0.00717607 0.0188378 0.0249812 -0.0147528 -0.00431067 0.00987241 0.029043 0.0146917 -0.00310079 0.0088593 -0.00323962 0.044084 0.0121274 -0.00373234 0.0141566 -0.0196766 -0.0123813 -0.00243485 -0.0064933 0.0226273 0.00579665 -0.00942831 0.0137815 0.0121569 0.0195908 0.0188067 -0.0364734 0.0142615 0.00561096 0.0204231 -0.0257272 0.0160099 0.0231498 0.0137762 0.00703088 -0.00875206 0.0175419 0.0131641 0.0141794 0.00221457 0.0346674 0.0218399 0.00252412 -0.015055 0.00333708 0.00710934 0.0114373 -0.00314265 0.0137111 0.0262682 -0.0442042 -0.000881498 0.0121508 0.017337 -0.012874 0.0364597 0.00885931 -0.0232383 -0.0650975 -0.00618316 0.00250284 0.022129 -0.0291963 -0.0052323 0.00117741 -0.0088679 -0.0332715 0.013152 0.015473 0.0123319 0.0151545 -0.00484785 -0.0071999 0.0177912 -0.0114754 -0.00846847 -0.0161549 -0.0098173 0.0192933 -0.0350708 0.00831036 0.0067534 0.0233753 -0.00300528 0.0082519 0.0504363 -0.0274568 -0.00651043 -0.0172365 -0.022461 -0.00185957 0.000348928 0.0284837 0.007379 0.0275345 0.00867067 0.00601778 -0.0114563 -0.00560122 -0.00678477 0.0156272 0.0155919 0.0179022 0.00801363 0.000808095 0.0185072 -0.0301138 -0.0083441 -0.0108535 -0.0100904 -0.0142758 0.0326167 0.015795 -0.00880436 0.0110459 -0.0272863 -0.0115463 -0.0220409 0.00799675 -0.00587873 -0.00300664 0.000161391 -0.0119267 -0.0221643 0.00615762 -0.0153596 0.00447261 -0.0110935 -0.00723292 -0.012133 -0.047357 -0.00907786 -0.000357074 -0.053206 -0.022427 -0.000266967 -0.0145862 -0.034002 -0.0188685 0.0296769 -0.00583 -0.0510207 -0.00872563 0.00935046 0.0070174 0.00582597 0.00575535 -0.00514276 0.00792561 0.0293203 -0.00121121 -0.00846312 -0.0283173 -0.00204081 0.0205291 -0.0257862 -0.00802151 0.0292951 0.025388 -0.00348783 -0.000696869 0.0168449 0.0146515 -0.0366097 0.0312977 0.00974855 0.0288405 0.00340725 -0.0152759 -0.0262584 0.00406344 0.0206264 0.00215539 0.0107386 -0.0295835 -0.0166425 0.0603107 0.0275378 -0.0274304 -0.0148302 0.0114391 0.0224218 0.00296458 0.0120152 0.0131435 0.0302876 0.00630417 -0.00158268 -0.00362322 -0.00520327 -0.0518852 0.0223665 0.00180303 0.0116077 0.0125967 -0.042576 -0.00155309 0.000921577 0.0310758 0.0095372 -0.0256243 -0.00505827 0.0112128 -0.0311455 -0.0143309 
-0.0144433 -0.00597609 -0.0390017 0.00844142 -0.0330615 0.00904592 -0.00909409 -0.0026414 -0.0174661 0.0152852 0.0371477 -0.00813875 -0.00310353 0.0136541 -0.00617232 0.0269696 -0.0417421 0.00360497 0.0183213 -0.016991 -0.0209622 0.00677521 -0.0132849 0.0084679 -0.000208701 -0.0121746 0.0365104 -0.00809308 -0.0316184 -0.0180075 0.002913 0.00559876 -0.00703649 -0.0115524 0.00555842 -0.0235672 -0.00110031 0.00983152 -0.00728132 0.0196326 0.0135623 -0.0187699 0.00590575 0.000858883 -0.0201854 -0.0130076 0.0164919 0.00254133 0.0229795 -0.00856967 0.00248814 -0.00616162 -0.00598837 0.0146913 0.00161602 0.0106629 0.016764 -0.0382242 0.035854 0.0217009 0.00768359 0.0404197 0.0123247 0.0254652 0.0230582 -0.0106758 0.0219759 -0.0218891 -0.018921 0.000982397 -0.00431088 -0.0333215 0.0147415 -0.0369965 0.00825857 -0.00570654 -0.0300875 0.0220319 -0.00579731 0.0134723 0.000449388 -0.0178828 0.011757 -0.0116499 0.0331557 0.00592328 -0.00493982 -0.0144549 -0.00703791 0.0152647 -0.0276915 -0.0391688 0.0571811 -0.0206746 0.0413617 0.0235459 -0.0279115 -0.0277547 -0.0129635 -0.000388473 0.00968234 0.0041716 -0.0271501 0.0094785 0.00598729 -0.0248637 -0.00261009 0.0109178 -0.0451155 -0.0277635 0.0321849 0.00159901 0.0129625 0.00249015 -0.0111835 -0.00522097 -0.0222715 -0.0121935 0.0208196 0.022463 0.0505154 0.0081092 -0.00974523 -0.0207451 -0.0275573 -0.0131302 0.00638258 -0.0323045 -0.00576383 -0.00434207 0.00878101 0.00523105 0.0274947 -0.0385394 -0.0365995 0.00106885 -0.00799063 -0.00770523 -0.00134226 0.00605549 -0.000774569 0.0166208 0.0328779 0.00658367 -0.00153415 0.0102913 -0.02826 0.0158088 -0.00990186 -0.0208864 0.00509668 0.0124352 0.00823637 -0.017972 0.0432377 -0.000923386 -0.00716007 0.0271512 0.0360465 -0.0288658 0.013434 -0.0380896 -0.0157791 0.0125778 -0.0023089 0.0096989 -0.00542436 0.00500011 0.0026245 0.00589592 0.0163293 0.00979004 -0.011409 -0.0165611 0.0241716 -0.0114192 0.0230724 0.0200303 -0.0032348 0.010113 0.0066064 -0.0266548 -0.0206628 -0.00156845 0.00801038 -0.00766585 -0.000684856 0.014916 0.0160297 0.00198696 -0.00161963 0.00103941 0.00198101 -0.0106351 -0.00606604 -0.00563601 0.0158899 0.0109655 0.0268132 0.0172588 0.0106426 0.0242597 -0.0253133 0.0328631 0.0054906 -0.00044521 -0.0161318 0.0167586 -0.000929245 0.0348416 0.00197889 -0.0446165 -0.0414928 -0.0148971 0.00863715 0.00818163 0.018655 0.0235876 -0.0268085 0.0338955 0.0347484 0.00338322 -0.0423695 0.0316054 -0.00818452 0.000584828 0.054046 0.0336392 -0.0112945 -0.00576 -0.0160785 -0.00998202 -0.013343 0.0362944 -0.0169017 0.0130111 -0.00769716 -0.00789019 -0.00619311 -0.0279471 0.000178846 -0.0120943 -0.0100946 -0.00243299 0.0132534 0.0043813 0.0152679 -0.030241 0.0285261 0.0015332 0.00777356 0.0398047 -0.027019 -0.0192922 0.0156203 0.00155239 
-0.0260601 0.0400371 0.0237454 -0.0364998 -0.00681955 0.0103404 0.022242 -0.0167078 0.0358277 0.00306857 -0.0162781 -0.000752577 0.000497858 -0.00666275 0.0117173 0.0181623 -0.0106145 0.0102792 -0.0219074 -0.0239029 0.0263627 -0.0183895 -0.00578591 -0.0127543 0.0221398 -0.00345701 -0.015261 -0.0112949 -0.00640561 -0.0103334 0.0221801 -0.000931643 -0.00379942 -0.0153762 -0.0125094 0.0102092 0.0505607 0.0145161 0.00467581 -0.0205817 0.0292866 -0.00739834 0.0167255 0.0223109 -0.0175709 0.00810231 0.0194735 0.0110495 -0.0289048 -0.00848478 -0.0200887 0.000905013 0.0172403 -0.014907 0.0159556 0.0244431 0.0259023 -0.0132007 0.0189963 -0.00966409 0.0077367 0.0517245 0.0209949 -0.0209789 -0.0221733 -0.0360376 -0.0262256 -0.0208062 0.0224935 -0.0171642 -0.0234043 -0.0104749 -0.0174902 -0.0198413 -0.0121702 -0.00303278 -0.0174231 0.00602247 0.0120595 -0.00628553 0.0195193 0.0273628 0.0312405 -0.0032238 0.0246798 0.00499706 -0.0337518 -0.00944534 -0.0237814 -0.0281491 -0.00639774 0.0181499 0.0284591 0.0147562 0.00096735 -0.0368749 -0.0367266 0.0171387 0.00648514 -0.0255502 0.0137054 0.01677 0.0158396 0.0183429 0.0149743 0.0309949 0.0140676 0.0263485 -0.0316652 -0.0140742 0.00861143 0.0534522 0.013578 -0.0563881 0.0175465 0.00134181 -0.0128209 0.0247639 0.00624243 0.0216602 -0.0293346 0.0092703 0.0306085 0.0191676 0.0269782 0.00752182 0.0225319 -0.000163758 0.0122073 -0.0137606 0.00133825 0.0527507 0.00273417 -0.01866 -0.00554995 0.0157286 0.0474199 0.00290222 0.0197355 -0.00127122 0.0203389 0.00241614 0.0228571 0.0160044 -0.0259608 -0.000267717 -0.00822995 0.0334318 0.00257213 0.0214905 0.0356688 0.00500354 0.0445637 0.0202295 0.0154885 0.0253725 -0.00476783 -0.00362564 -0.0229891 0.00610783 0.0027619 -0.0199548 0.0301516 -0.0171821 0.00518056 0.0124844 0.0210985 0.000787711 0.0287847 0.0153717 -0.00493343 -0.00971428 0.00559979 -0.012026 0.0149048 -0.00897576 0.00979495 0.00835641 -0.0023756 -0.0127333 -0.0194103 0.00665888 0.0032858 0.00915464 -0.00385604 -0.00753284 -0.00166197 0.0341222 0.00249716 0.00659284 0.000330111 0.000228921 -0.0336709 0.00243034 0.00388091 -0.0362159 -0.0412865 0.0060919 0.0173477 -0.0145652 0.0240903 0.00815001 0.000811206 0.0186115 -0.00159888 -0.0026943 0.00420296 -0.0218769 -0.0185466 0.00242431 -0.00493133 0.000931662 -0.0016337 -0.0153897 -0.0113282 -0.00847884 0.00535849 -0.0130734 0.0119122 -0.00676667 0.00560418 -0.00210021 0.0208795 0.0101182 -0.0141358 -0.0200864 -0.0488977 0.0041927 -0.0418688 0.00808295 0.00166438 0.0319976 0.0352859 0.0151043 -0.0230383 0.0111303 -0.0168214 -0.00140263 -0.0183061 -0.0149824 0.0369992 0.0126133 0.0089569 -0.0126842 0.0107069 -0.00279596 0.015451 0.0179662 -0.0116442 0.0228573 -0.00796179 -0.0173634 -0.0263884 0.0174394 -0.0169741 -0.00741781 
-0.008955 -0.00451864 0.0231096 0.0177413 -0.0173741 0.0308102 -0.000201582 0.0005495 0.00113323 -0.0263207 0.0263009 -0.0317712 0.0107706 -0.0124745 0.00175903 0.0371987 -0.0451334 -0.0201805 0.0139192 0.0070695 -0.0281626 0.0371011 0.000559098 -0.0109485 0.00535719 0.00529166 0.015722 0.0109401 0.0273564 -0.0299598 0.0180976 -0.0362187 -0.00503474 0.00428825 -0.0223684 0.0329756 -0.00167796 -0.0107039 0.00176456 0.0029309 0.0301088 0.0539656 -0.0317941 -0.01547 -0.0286674 0.010233 0.00554626 -0.00199769 -0.0177802 -0.00529728 -0.0127755 0.029738 0.0204817 -0.0424673 0.00643164 0.0143345 0.0158482 0.0159553 -0.0108993 -0.0274983 -0.00499072 0.00840236 0.0027934 0.032664 0.0200384 -0.0229437 -0.0159508 0.0225454 -0.0159732 0.0115637 -0.00260374 0.0148153 0.00477971 -0.0071613 -0.023594 0.0217341 0.00505725 -0.00433519 0.0174249 -0.00344559 0.0309422 -0.00346397 0.00225464 -0.00351104 0.0274492 0.0237234 0.00688306 0.0104818 0.00668655 0.00446439 -0.0372513 -0.00334331 -0.0142614 0.00141467 0.00477838 -0.0113649 0.0471952 0.00738452 -0.00664026 -0.0285847 0.0297782 -0.00522865 0.00337877 -0.043356 0.0284733 -0.025349 0.0147019 -0.00411547 -0.00696502 0.0121643 -0.00921081 0.0286022 -0.0442816 0.01727 -0.0205862 0.0237974 -0.0146535 -0.0137153 -0.0144843 -0.0193053 -0.0116459 -0.0157797 0.0330172 0.0214476 -0.00990023 0.0145387 -0.00162273 0.00765896 0.0114593 -0.0241023 -0.00409989 -0.000108553 0.0184316 -0.0227039 -0.0360431 0.0129554 -0.0209074 -0.0226397 -0.0309977 -0.00477962 0.0327335 -0.00154297 0.0113228 0.0197861 -0.000953654 -0.0119489 0.00962234 -0.0161411 0.0417672 0.00179389 0.0180161 -0.0203079 -0.0141091 -0.0112404 -0.0364107 0.0306781 0.000135334 0.0157257 -0.0019547 0.0212046 0.025105 0.0179179 0.024458 0.0281187 -0.0322118 -0.0162039 0.0187792 0.0152074 0.0239577 -0.0266911 -0.0294289 0.00398113 0.00607048 0.00289292 0.0226567 0.0164609 0.00786352 -0.0177179 0.0206798 0.00649136 0.0310394 -0.00959946 0.00201471 -0.0190036 0.0166204 0.0050524 -0.0278583 -0.0309421 0.0182414 0.0238704 -0.026566 -0.0297076 -0.00495571 0.00388616 0.00511984 -0.0081986 0.00619977 -0.00143704 0.0109151 0.0148509 0.0285644 0.0512496 0.00171731 0.00747243 -0.00293746 0.00260129 0.0307002 -0.00156605 -0.00468447 -0.0323923 -0.0149574 0.0268118 0.0280736 0.00281991 0.00915314 0.00906532 -0.031254 0.0219068 -0.00349693 0.0200456 0.0134247 -0.0285206 0.00759845 -0.0164392 0.0102478 -0.0695119 0.0181476 -0.00854052 -0.0106588 -0.00570973 -0.00125547 0.00413087 0.0139415 -0.00732715 0.00305806 0.0199445 -0.0108507 -0.0274667 0.00213309 0.0399427 -0.0140617 0.013449 0.0143758 -0.0118898 -0.0139244 0.00579109 -0.0199542 0.00869551 -0.0322543 -0.0249261 0.0277612 0.0199514 0.00356572 -0.0503828 0.0107444 -0.0131386 
-0.0323992 -0.0284808 0.0316812 0.00255819 0.00210867 0.0257745 -0.0219938 0.0316252 0.0292866 -0.0233896 -0.00808838 0.013344 -0.0120701 -0.0346167 0.0293828 -0.0299552 -0.00405224 -0.0233615 0.00852819 0.0025711 -0.0288376 -0.00874955 -0.0325083 -0.00735992 0.0305333 0.00177711 0.00380072 0.0462623 -0.0338404 0.000886426 0.010006 -0.00444159 -0.0630068 0.000855585 -0.000909626 0.0044829 0.00514112 0.00792106 0.0239532 -0.021561 0.00294652 0.00396034 0.0230721 -0.00496876 -0.0174206 -0.00536335 0.0121735 -0.00336055 0.00259431 -0.00863463 -0.0300492 -0.0523059 -0.0166293 -0.0112161 0.0328498 0.0107326 -0.0374877 -0.0358086 0.040891 -0.0017961 -0.00214383 -0.0134833 0.0198775 -0.00508344 0.00915813 -0.00701161 0.0362654 -0.0110298 0.0027008 0.00329149 -0.00198854 -0.00370845 -0.0130473 0.00774375 -0.00618843 0.00374709 0.0170378 -0.00205241 0.0255709 -0.023738 -0.00998427 0.0206596 0.0364635 -0.0209423 -0.00507547 0.0305278 0.0244516 -0.0266701 -0.0237169 0.000354125 0.0134062 0.0392199 -0.0233669 -0.010864 0.0284736 -0.00755781 0.00673392 0.0227455 -0.00989455 0.00429572 -0.0300573 -0.0135033 -0.0189731 -0.0139399 0.0301455 -0.0111778 -0.0209035 -0.0216142 -0.00938157 -0.0293126 0.00748742 -0.00389681 -0.0145254 -0.0080215 -0.0299589 -0.0130403 -0.0105623 0.0425438 0.044428 0.00331057 0.00277122 0.00564256 0.0173043 -0.0164634 -0.00909966 0.00176398 -0.00928909 -0.00701134 -0.0228083 -0.0203015 -0.00576177 -0.00567786 -0.00422508 0.0440737 -0.0160072 -0.0243655 -0.00595047 -0.0165769 -0.0239226 0.013543 -0.0378575 -0.0260044 -0.0422114 -0.0371175 0.0443675 -0.0389117 0.00127383 -0.0097695 -0.0405804 -0.00754511 -0.0116322 -0.00283067 0.030976 0.00329382 -0.0213882 -0.0106212 -0.0281344 0.00270582 0.00915047 0.00683321 -0.021472 -0.0512747 -0.0085364 0.0117359 -0.0211092 -0.0258359 0.0260798 -0.0231131 -0.00607779 0.012459 -0.0180751 0.0172611 -0.0167131 0.0261284 0.0185487 0.00991026 0.0424719 -0.00825969 -0.0269123 -0.0171971 -0.00577439 0.0274557 -0.0100706 -0.00715853 -0.0134283 -0.0305312 0.0149983 0.0191025 0.0322073 -0.0311516 0.0131412 -0.00223158 0.00878623 -0.0140065 -0.0138359 -0.0154456 -0.0169438 -0.0352895 0.0225087 -0.00701014 0.0029018 -0.00514338 -0.0182805 -0.00244326 0.000259808 0.0345813 0.0014928 -0.0328938 -0.010704 -0.0261376 -0.0119071 0.00214567 -0.0311315 0.00175593 0.0162023 0.00716872 -0.0219971 0.00618709 0.00910442 0.0299947 -0.0143107 0.0798346 -0.0106184 -0.0415698 0.00991867 0.0107101 0.00439472 -0.00203796 0.00242232 0.0587467 -0.0137609 -0.01181 -0.0257526 0.0090012 -0.00704694 0.00752892 0.031119 0.0271484 -0.00714646 0.0317301 -0.00999427 -0.0377503 0.030154 -0.00469058 -0.00451198 0.0298369 -0.000459512 -0.00657375 0.033646 0.0327783 0.021735 0.00411354 0.0132325 -0.0228987 -0.00659329 -0.0136892 
-0.0203193 0.00812836 0.00212104 0.0365111 0.00262927 -0.0346672 -0.0465881 0.0271285 0.0305065 0.00935224 0.00709899 0.0204025 -0.00200447 -0.0193321 -0.00991283 0.0283509 0.00936554 0.0217838 0.0234502 0.0238027 -0.00937525 0.0315984 0.0245356 -0.00856854 0.0159715 0.0129341 -0.00257675 0.0155242 -0.0504019 0.00633856 0.0150358 0.0151981 -0.0708453 -0.0320028 0.0297859 0.0124141 0.00348123 0.0209284 -0.0262092 0.0178178 0.0225167 -0.0279924 0.0437232 0.00346072 -0.0118105 -0.0136984 -0.0225689 -0.00983309 -0.000202065 0.000872239 -0.00148797 -0.0310833 -0.00459789 0.00608076 -0.0138943 0.0170786 -0.0193841 0.0233297 -0.00626147 -0.0152845 -0.016125 0.0219931 0.0202558 -0.0103431 -0.0465882 0.0435711 -0.00424205 0.0161842 -0.00977429 0.0165789 -0.0164749 0.022841 0.00656817 -0.0164606 0.0174494 0.0279952 -0.0259588 0.0130823 0.00143895 -0.014378 -0.00112836 -0.00426118 -0.023443 0.00851961 0.00178805 0.0320372 -0.0251692 -0.0128415 0.0041202 0.0228529 0.0135951 0.00529863 -0.00432814 -0.00680305 0.0133483 -0.00139245 0.0152911 -0.0357415 -0.00300211 0.0177886 0.00369698 0.0642013 0.0110691 -0.00958736 -0.010463 -0.0106765 0.0151727 -0.0508458 0.00885868 -0.000280824 -0.00775584 -0.0124793 0.0298305 -0.0084328 0.00641419 -0.00138118 -0.0227504 -0.0188271 -0.00754459 0.033048 -0.0210772 0.0109214 -0.0170667 -0.0186823 0.0172741 0.000149282 -0.00208861 -0.00143412 -0.0301626 0.0244607 -0.00480036 0.0449676 -0.0132819 -0.0109951 -0.00373437 0.00330942 -0.00594826 -0.0149757 0.0347483 0.000526312 0.0235167 -0.0120849 -0.00342164 0.0216022 0.0391151 -0.0149716 -0.0104435 -0.0315366 -0.0076243 0.00580026 0.0193334 -0.00864599 0.00450514 -0.0136467 -0.0131489 0.0304537 0.00307102 -0.0315572 -0.0226012 -0.00803473 -0.0389751 -0.0242348 0.0155438 -0.0241024 0.00277309 -0.0331511 -0.00158381 0.0355291 0.00694535 0.0218798 0.00743269 -0.0284225 0.0130224 0.0140546 0.0529114 -0.00161946 0.0064372 0.0469557 -0.00578815 -0.020581 -0.00391288 -0.0135161 -0.00082128 -0.0118059 -0.0181099 -0.0125296 -0.0229085 0.0251304 -0.0197799 -0.0161708 0.0331204 -0.0233408 -0.0108449 -0.00962181 0.000704468 0.00716295 0.0023798 0.0323723 0.061407 0.00865596 -0.00965648 0.0046097 0.00165247 -0.030164 -0.00701613 -0.00303728 0.00782012 0.0215367 0.000106004 0.00667144 -0.0204989 0.00786628 5.80178e-05 0.00770803 -0.0334952 0.014631 -0.0298113 -0.0188356 0.0062796 0.0283801 -0.00840835 0.00366688 0.00715391 -0.000686247 0.0303053 0.00695569 0.00898942 -0.00497759 0.0059692 0.0164754 0.0254287 0.037299 0.0238086 -0.00390909 -0.0538296 0.0209195 -8.5346e-06 0.0199492 0.04138 -0.0216358 0.0302369 0.00651826 0.0163527 0.00944388 -0.016978 0.00173457 -0.022519 -0.0126402 -0.012955 -0.0172852 0.0190884 -0.00161123 -0.0433515 0.0117407 -0.0412005 -0.0288445 
-0.0219598 0.0244672 -0.0217964 -0.0172735 -0.032217 0.0038144 -0.0122746 0.00214002 -0.000969841 0.0112216 -0.0405379 -0.0412849 0.00187953 0.0312668 -0.00882912 -0.0134076 -0.00950958 0.024058 0.000423188 -0.0316413 0.0212313 0.0115123 0.0214445 -0.013717 -0.0114589 0.0279831 -0.0213657 0.00669325 0.0300398 -0.0153079 -0.0272322 0.00552473 0.00842062 -0.00341792 -0.0140079 0.0254515 -0.0108999 -0.00882913 0.0063925 -0.00580533 0.0117251 0.0237827 -0.0214055 -0.00268363 0.0219024 -0.00638957 -0.0400644 -0.00473221 0.0108606 -0.00601369 0.0112434 0.0251331 0.00417878 -0.0124575 -0.00240898 -0.0260266 -0.0428778 -0.0109202 0.0107898 -0.000732611 0.0285941 -0.0471809 0.0586687 0.0164411 -0.0600252 -0.00820523 -0.0524661 0.0287132 0.000852869 0.0385627 -0.0212595 -0.00803253 -0.00869748 0.0126875 0.0351581 -0.00235423 0.0183162 0.0101428 0.021671 0.0167452 -0.0218931 -0.0274826 -0.000201574 -0.0279018 0.0110703 -6.45668e-05 0.00109238 -0.00588615 0.0342636 -0.000658702 -0.0324724 0.011194 -0.00576106 0.0217523 -0.00130796 -0.0150235 -0.00931666 0.0142179 -0.00911184 -0.000924696 -0.0162349 -0.0191686 0.0171081 0.00696751 -0.00102249 0.0138631 -0.0100683 -0.0108244 0.00550355 0.0162876 0.00493622 0.00388823 -0.0051221 -0.0294152 0.000276646 0.00706579 -0.00987608 -0.00923975 -0.0128596 -0.000941677 0.0358295 -0.015908 0.0264405 0.0257381 -0.0110383 -0.00443483 0.0180649 0.00542945 -0.00473956 0.00558769 0.00106996 -0.0226689 0.0319435 -0.0116967 0.0128622 -0.0088616 0.0141973 -0.0101617 -0.0249804 -0.00768031 0.0116285 -0.0171987 -0.0290244 -0.00807939 0.0103789 -0.000263406 0.0048267 -0.000250422 0.00389411 -0.00793635 -0.00361371 0.00427159 -0.0554936 -0.00812178 -0.0393161 -0.00270358 -0.00632503 -0.0138876 -0.0102444 0.00861111 0.0280014 -0.0044747 0.0289773 0.0182397 -0.0175703 -0.00118524 -0.00726327 -0.0187196 0.0150994 0.0132385 0.0142951 -0.0311894 0.00301301 -0.0103725 -0.00300617 -0.0172649 0.0360005 -4.4701e-05 0.00542466 0.00413279 -0.027821 0.017005 -0.000298187 0.0201351 0.00388849 -0.00970493 -0.00999943 0.0104748 -0.0196223 -0.0100166 -0.00727644 0.0102776 -0.0188478 0.00759236 -0.0107076 0.00318314 0.0244349 0.0259664 0.00436353 -0.0363017 0.0414332 0.0434865 -0.00445768 0.0169972 0.0187883 0.0239687 0.00324877 0.0423726 0.0185369 0.0134694 -0.0264436 -0.0428267 0.022278 0.00756999 0.0193641 -0.000826811 -0.0184592 0.0347147 0.0112024 -0.0206085 0.0294698 -0.023396 -0.0141715 0.0514371 0.0203236 0.0142598 -0.00431415 -0.0125794 0.0545417 0.0200192 -0.00417482 0.00988436 0.00159971 0.0201994 -0.00820027 -0.0309514 0.0141851 -0.0190616 0.00147531 0.0202032 0.0296217 -0.000319682 -0.0190752 0.0254441 -0.0118374 0.0232552 -0.00948829 0.0142117 -0.0192941 0.0272479 0.0365182 0.0230637 0.00744742 0.0024989 -0.0140658 0.022081 
-0.0169423 0.0462155 -0.0290123 -0.0281991 0.00116751 0.0235326 0.0130812 0.0162025 -0.000113754 0.0144966 0.0281322 -0.01408 -0.0113885 0.00885186 0.0204337 -0.0252359 -0.0103414 -0.0107249 -0.0223756 0.00418363 -0.0123332 -0.00581183 -0.00417446 -0.0107198 0.0103875 0.00622338 0.0036735 -0.00622437 0.0286545 0.00334339 -0.0224811 -0.000891016 0.000329549 0.0250352 0.0119248 0.00609614 -0.0403188 0.0208127 0.00958072 0.0244454 0.0251479 0.021318 -0.00785548 -0.000150832 0.000865292 0.0228337 -0.00561883 -0.0138652 0.0131613 -0.00684704 -0.0346537 0.0276441 0.014891 0.0160764 0.0151726 0.0196755 -0.0211055 -0.00211366 -0.0247034 0.0047867 0.00464541 0.0129458 -0.00203576 -0.011858 -0.000394562 -0.0100681 -0.018587 0.017913 0.0143934 -0.0063154 -0.0107034 -0.00243976 0.00793713 0.0266178 0.0106047 0.0144374 0.00276574 0.0158937 -0.00466633 0.0147662 -0.0181538 0.0248626 -0.00336377 0.0337208 -0.0306397 0.0304902 -0.0176812 -0.00756034 0.00872619 0.0110945 -0.00379009 -0.0051482 0.00969028 0.0134262 -0.006363 0.00489696 -0.000806845 -0.0318828 -0.00293886 -0.0184883 -0.0118883 -0.0214863 0.0170109 0.0162851 -0.00135473 -0.0168973 -0.0109261 -0.00470239 -0.00976085 -0.013314 -0.0223904 0.00846831 0.023594 0.00217387 0.00459723 0.00176554 -0.0186024 0.0120495 0.00321514 0.050165 -0.0214033 -0.0202691 0.0101326 0.0384347 -0.0138297 0.0129105 -0.00649361 -0.0109406 0.00791104 0.000328015 0.0141319 -0.0213263 -0.0037296 0.00816809 -0.017715 0.00269971 0.0201409 -0.0212189 0.00973715 -0.0212603 0.0214215 0.0147853 0.0375676 -0.0271106 -0.0214395 0.00608808 0.0203532 -0.0272128 -0.0104665 0.0226779 -0.0178168 0.0105625 -0.00548964 -0.0021781 0.024674 -0.0131896 -0.029536 0.0198193 0.00796361 -9.86009e-05 0.0397644 -0.0189468 0.00406579 -0.0101221 0.00533127 -0.0100664 0.0208492 0.0462481 0.0205597 0.0290555 -0.00358526 -0.00627498 0.00868346 0.0330791 -0.0234023 0.00638789 -0.0183163 -0.0104464 -0.000951568 -0.0212732 0.0218899 0.0514106 -0.00503049 0.0264975 -0.0143875 -0.0143868 -0.00159174 -0.0308597 -0.0205223 0.0179174 -0.0133646 0.000790642 0.00743493 0.00767206 0.00916576 0.0242498 0.0111117 -0.0287224 0.00823381 0.00243685 0.000234791 0.0144073 0.00447024 -0.027563 0.0214641 0.0236499 0.0170891 0.0174974 -0.00492028 0.00273538 -0.046694 0.0581387 0.00918129 0.00861753 -0.018739 0.00435533 -0.0125403 -0.0249185 -0.0146878 0.00133164 0.00556576 0.0463599 0.0114447 -0.000252204 0.00131194 0.00167547 0.0272252 -0.026297 0.0178116 -0.00442785 -0.00324055 -0.00327182 -0.0239632 -0.0251828 -0.0314234 0.0126423 0.000687458 -0.0225928 0.0102541 0.0105191 -0.00175733 -0.00998346 -0.00701865 -0.0405405 0.0342966 0.0104027 0.0130614 -0.0149311 -0.00954593 -0.0149983 0.00299465 -0.00493321 0.00898253 -0.0126114 0.0162822 -0.0323299 
-0.0102751 0.00534741 -0.0450979 -0.00664871 -0.0182916 -0.0484654 -0.0117644 0.0208795 -0.0146563 0.00263491 -0.0100735 0.000588225 0.0327532 0.00385417 0.0406359 -0.0117503 -0.0303478 -0.00637804 0.0215379 -0.0220609 -0.0207849 0.0415107 0.0131674 0.0145284 -0.0159912 0.0532158 0.0156765 -0.029706 -0.0142254 0.0130761 0.000926569 0.019265 -0.00233853 0.0059752 -0.00257086 -0.00583257 0.0222063 0.00697775 -0.00546942 -0.0207568 -0.00266999 0.0205077 -0.00188524 -0.00376711 0.000506159 -0.0213815 0.0296963 0.00517572 -0.0246906 0.028682 -0.00716278 0.00327971 0.0324398 0.0267727 -0.034186 0.0142833 -0.028907 0.00884165 -0.00351601 0.0230389 0.00220501 -0.00791304 0.0143949 -0.0354671 -0.00233416 0.0107813 -0.0101744 0.0139525 0.0155272 0.0272805 -0.0227213 -0.00865776 0.00898912 0.0247933 0.0351466 -0.0159281 0.00970314 -0.0326223 -0.00401385 -0.0062024 -0.00811053 0.00043029 0.0152918 0.00589921 0.0010208 -0.017566 -0.025965 -0.0298659 0.014487 0.017218 -0.0134332 0.010966 -0.00471115 0.0137253 -0.0428654 -0.0321628 0.0228549 0.00211154 0.00299564 -0.0157733 0.0130822 0.000508631 -0.00650101 -0.0064883 -0.013262 0.0131926 -0.00181349 0.0221062 0.00196673 -0.0136271 0.0175937 -0.0104483 0.0121826 0.0157441 -0.00898209 -0.0048895 0.00482071 0.0113917 0.017414 -0.0239328 -0.0372358 -0.00571836 -0.0162882 -0.00223975 0.0192514 0.0242514 0.0158186 0.00442939 0.0174876 0.0213473 0.0392448 0.00704828 0.0039961 0.0158162 0.0241621 0.00739058 -0.0182231 -0.00749623 0.011087 0.0151725 0.010151 -0.0219513 0.0295829 0.00491918 -0.0274233 -0.00404673 0.0333618 0.00525957 0.0129246 -0.0395578 0.014342 -0.00994617 0.00185882 -0.0150738 -0.00778736 -0.0045978 -0.0179211 -0.00950932 0.00672797 -0.000257522 0.0285606 -0.00826458 0.0117025 -0.0184421 0.0179809 -0.0123821 -0.00277275 -0.0407508 0.0208957 0.0042936 0.00181313 -0.0254729 0.0125638 0.0115442 0.00600551 0.0247753 0.0182603 0.00995518 -0.011999 -0.00355297 -0.00955241 0.0199972 -0.0201831 -0.0240407 -0.0111237 0.0158873 0.0207597 -0.0223011 0.0103199 0.00823619 0.0135881 0.00834412 0.00761387 -0.0163223 0.0508429 0.00591964 0.013891 0.00434698 0.0266764 0.0509751 0.0044379 -0.0119335 -0.0256567 -0.011376 0.0116627 0.00560548 -0.0100872 -0.0182515 0.000882137 -0.0111299 -0.0126998 0.0145808 0.0270927 -0.0140734 -0.00259825 0.0125359 -0.0149984 0.00572553 0.0246371 0.0155323 0.0168166 -0.0034603 0.00651538 -0.00365459 -4.49566e-05 0.0355789 0.00173274 0.0131512 0.0400386 0.0191599 -0.0228752 -0.0221676 0.0276219 -0.00848151 0.00175531 -0.00169041 -0.0177883 0.0185676 0.0244177 0.0191026 -0.00708792 -0.0397564 -0.0126199 -0.0217753 0.0190161 0.00891409 -0.0278858 0.0272043 -0.0119935 -0.0215397 0.0266879 0.00628436 0.00735954 -0.0075229 0.0351998 0.0303904 
-0.00680787 -0.0174004 0.0162628 0.0210017 -0.0272289 -0.0155067 -0.00230018 -0.00181462 -0.0123353 0.0206409 -0.0228175 -0.0364436 0.0254987 -0.00499062 -0.0217203 0.0590563 -0.032142 0.023058 0.00325169 -0.0130315 -0.0420411 0.0207817 0.00624892 -0.00530294 -0.00145779 0.0195522 -0.0173734 0.0266397 -0.00243299 0.0021903 0.00280587 0.0104284 -0.00730974 0.0671383 0.00961112 0.0173499 -0.02089 -0.00384339 -0.03932 3.08962e-05 0.0032419 -0.00967533 0.0131717 -0.00427963 -0.0126273 -0.0266796 0.0282163 0.00883979 0.0185643 -0.00510605 0.0113713 -0.00456702 -0.0164951 -0.000615698 -0.00721076 0.00730306 -0.0137202 0.0119595 0.0240914 -0.00335729 0.00787816 0.0215057 -0.0135412 0.0102504 0.0205268 -0.0376109 -0.0151681 0.02152 -0.00670911 -0.00466344 -0.00839991 0.00865855 0.00318997 -0.0157682 0.0237689 0.0383759 -0.0273955 0.000841501 -0.0276026 -0.0100726 0.0152873 0.0183546 -0.0179626 -0.0249586 0.00450564 0.0232742 -0.00738413 -0.0318991 -0.022574 -0.0379597 0.0149456 -0.00468605 -0.00458823 0.00894859 -0.00166449 0.000457263 -0.0621136 0.0229633 -0.0412474 0.0402894 -0.0182211 -0.000391378 -0.0260371 0.0568907 -0.034368 -0.0168917 0.0113941 0.0443753 -0.00854216 0.0160544 0.0181525 0.00439464 0.0268764 0.0143229 -0.0086867 0.0146366 -0.00714352 0.00571914 0.00835502 0.0175962 -0.00968693 -0.034503 0.0139061 -0.0079374 0.0144124 -0.00202063 0.00881882 -0.0422472 -0.0236563 -0.029675 0.00639265 -0.00960098 -0.033759 0.0211592 0.0193845 -0.00991024 -0.0110878 -0.0225254 -0.018845 -0.00850057 0.0145221 -0.0281939 0.00299443 -0.00548783 0.0452828 -0.0169882 0.0207718 -0.000843777 0.00367925 -0.0185505 -0.017375 0.024951 -0.00822786 -0.0182617 -0.00280266 -0.0386854 -0.00733014 -0.00393614 0.00712698 -0.0121292 0.034475 0.000890343 0.00298233 -0.0292204 0.0147215 0.0134654 -0.00958461 0.0161422 0.0445265 -0.0276356 -0.0134544 0.0168811 0.00461168 -0.0246903 0.00405657 -0.00394743 0.00383362 -0.0197731 0.0275376 0.000265211 -0.0422703 0.000521092 -0.0174615 -0.0264786 0.00319454 -0.0278934 0.0133963 -0.0291402 0.0171826 -0.000486425 -0.039254 0.01611 0.0119189 0.00122779 -0.00586194 -0.00702239 -0.0386701 0.00367617 0.00896922 0.0163926 -0.0155181 0.00913032 0.0209275 0.00906158 0.0179416 0.000905104 0.00548492 0.0196776 0.00178287 -0.00175069 0.0237742 -0.026193 -0.0090922 0.0070602 -0.0167266 0.0230772 -0.02468 0.00485583 -0.0099251 -0.015942 0.0180086 -0.00125952 0.0164946 0.0106008 0.00704279 0.00280408 -0.0124049 -0.00055031 -0.0301896 0.0373778 -0.00625948 0.0230431 -0.00650269 0.00632678 0.0161957 0.0240822 0.0039513 0.0081079 -0.0163437 0.0234375 0.00366799 0.0119889 -0.000408972 0.00349837 0.0126236 -0.0252393 -4.64906e-05 0.0415692 -0.0368711 0.0380417 -0.0172901 -0.00687737 -0.0091384 0.041614 -0.0148923 0.0212544 
-0.0127995 -0.0212915 -0.0151674 0.0320587 -0.0208426 -0.0229067 -0.0191091 -0.0249755 -0.0469423 -0.0431471 -0.0266588 -0.00106346 0.0112132 0.011475 0.0372576 -0.0125031 -0.00714936 0.00203217 0.0015465 0.0124385 0.0241193 -0.00301631 -0.000238422 -0.0304956 -0.00287815 0.0309051 0.0252012 -0.0237096 0.0185229 0.017668 -0.00969029 -0.00233445 0.0407051 -0.00437215 0.00418877 0.0345615 0.0097745 0.0150144 -0.00586533 -0.0241619 0.0128699 0.000253344 -0.0173753 -0.0230844 -0.0112532 0.0235052 0.0176225 0.0194777 -0.00358088 0.00172598 0.00821892 0.000525005 0.00656371 0.000335554 -0.0246007 -0.00298712 0.0240922 -0.00494506 -0.000116444 0.00538047 0.0320896 -0.0189943 0.00538873 0.0305506 -0.000352997 0.0166261 -0.0125077 0.0243568 -0.0307891 -0.0225708 0.00192455 0.00160112 0.0192665 0.0351988 -0.00323029 0.0396643 0.0126186 -0.0509355 0.00141844 -0.00921535 -0.00710192 0.0336741 -0.00702872 -0.0193591 -0.00705861 -0.00745076 -0.061998 0.00495165 0.00992294 -0.0278623 -0.0192594 0.0102986 0.0237101 0.003974 0.0138484 0.0135705 -0.015611 -0.00281077 0.0260019 0.0207467 0.0140969 -0.0146924 -0.00414315 0.0032056 -0.0362462 0.0404466 0.0130424 0.00815028 0.0169256 0.0183665 -0.00429291 0.00726095 0.000453156 0.0153597 0.00299832 0.000319928 0.00797923 -0.00364109 -0.00725166 0.00282162 0.0126552 -0.0312626 0.0288247 -0.0455392 -0.0176428 -0.00134084 0.018656 0.00873512 -0.0155072 -0.0275905 0.00759861 0.007457 -0.0321583 -0.0292269 0.024828 0.023022 -0.00139187 0.0027087 -0.0349422 -0.0204562 -0.0106834 0.00523128 -0.0169604 -0.00128132 -0.00879642 0.0073248 0.00843617 -0.0314236 -0.0118681 0.0289511 0.0131164 -0.0136274 0.0224289 -0.0449051 -0.0367344 0.0272461 0.0261067 0.0186088 0.0130793 0.0319565 -0.012006 -0.0104098 -0.0105848 -0.0132302 -0.0159317 -0.0280929 -0.0334787 0.0246709 -0.0168126 0.0100741 -0.00754201 0.00224943 -0.0235237 -0.0019817 0.000110295 -0.00696655 -0.00230267 -0.00617498 0.0161019 0.0464875 -0.00201844 0.03035 -0.0174796 -0.0193831 -0.0122271 -0.0340566 0.0168792 -0.00453067 0.0259207 0.00508317 -0.0269558 0.0105399 -0.00367497 0.00304552 0.000517943 -9.69444e-05 -0.00159594 0.00448576 -0.0176264 0.0285583 -0.00192336 -0.00155479 -0.00892935 -0.0439801 -0.0234416 -0.0120504 -0.0351058 0.00452986 0.0158556 -0.00300987 0.0068122 -0.00541281 -0.00727707 0.00488883 -0.00336811 0.00778693 0.0096125 -0.00694603 -0.0379801 0.00197068 0.0245834 0.0285631 -0.0202071 0.0134043 -0.00538909 -0.0126884 0.0333302 -0.026922 0.0284046 0.0252877 0.0239728 -0.0291626 0.00709864 -0.0153617 0.0104705 0.00240086 -0.00410925 -0.000170188 0.00395745 -0.0180396 -0.0566224 0.00873812 0.0146373 0.00943942 0.0326909 -0.0143189 0.0233771 0.00969132 0.0146994 0.0237218 -0.00621219 -0.000826154 -0.0195041 -0.000116288 0.0211112 -0.00146453 
0.0286615 0.0733309 0.00249086 -0.0318505 0.043355 0.0121572 -0.0109736 -0.0178886 0.0055175 -0.0014022 -0.0267537 0.0234411 -0.0221082 0.0149722 -0.0110567 0.0142268 -0.00907867 -0.00147733 0.0224692 0.00166731 0.0169369 0.0259456 0.00616 -0.014436 -0.05061 -0.00326566 0.00322506 0.0198533 0.0286802 0.00834732 0.0156609 -0.00564622 0.0471457 -0.0141226 0.00742394 0.00664384 0.00907376 0.0176471 0.0123484 -0.00376417 -0.0290469 0.011957 -0.00420994 -0.00268639 0.0138712 -0.0199598 -0.0163213 -0.0193555 0.0328519 0.00782838 -0.0266024 -0.00537425 0.0388402 -0.0130231 -0.00556543 -0.00457183 0.00175404 -0.0317543 0.0081521 -0.0110685 0.025003 -0.00610482 0.0193329 0.0148135 0.0408521 -0.0218854 0.00705475 -0.0132841 0.0264716 0.00524206 0.0343452 -0.0165534 0.00181997 0.0129009 0.0285417 -0.00714971 -0.00205311 -0.0113777 -0.0203667 -0.0260278 -0.00178694 -0.0112892 -0.00917288 0.00447664 -0.00361696 -0.00936652 0.0122047 -0.0469451 0.0118605 0.0292983 -0.0160558 -0.000537384 -0.0352541 -0.0260723 -0.0142549 0.0118661 0.00217274 0.0247237 -0.00780652 0.0285559 -0.000626804 0.00660075 0.00581928 0.00205107 -0.0109349 -0.0114965 0.00548926 -0.0186304 0.0149549 0.0385121 0.00213843 0.035872 -0.0179606 -0.0148383 0.00707426 -0.0120771 0.0164315 0.0322843 -0.0167428 -0.0182468 -0.00284673 0.0283314 0.0339464 0.024333 -0.00562223 0.0197506 0.0217758 -0.0143573 -0.0100985 -0.0133044 -0.0312418 0.0348839 0.00673806 0.022457 -0.00169546 0.00817043 -0.00552963 0.0176671 -0.0203451 -0.00906269 0.0172127 -0.0457984 0.0192986 -0.0180549 0.0156112 0.0146126 0.0116435 -0.0132462 -0.00330297 0.00516057 0.00714764 0.0107653 0.0309744 0.00365399 -0.0067161 0.0289757 0.0154882 0.0268689 -0.00753393 0.0120489 0.00336243 -0.00885243 -0.000488911 -0.0205042 0.0265488 -0.0155508 0.0315987 0.0139702 -0.0044746 -0.00740741 0.00501737 -0.0308626 0.0269577 0.00990796 -0.0268393 0.00654762 -0.028208 0.0195483 0.00317302 0.028089 -0.00984497 -0.0222609 0.0179045 -0.0200674 0.0210701 0.0117887 -0.0293253 0.0112614 -0.0158908 0.0212035 0.0066198 -0.0370732 -0.00289971 0.00347358 0.00508367 -0.00164627 0.00707268 -0.0223791 0.0121968 0.0296701 -0.0225056 -0.0178804 -0.023214 -0.00906046 -0.0146291 0.0111614 0.0373034 0.00805781 -0.0116615 -0.0131318 -0.00739619 0.0160537 0.00871308 0.0214727 -0.0109982 -0.000298125 0.00509785 -0.0150395 -0.0176626 -0.0256387 0.0193899 0.0161174 -0.0190791 -0.00435857 -0.0150158 0.00889194 0.0157171 -0.00670628 -0.00461941 0.0345409 0.0293887 0.00271723 -0.0218843 0.0260769 -0.00904713 0.0481583 0.00177499 -0.0118384 -0.0151011 0.00660226 -0.0142376 0.00331819 -0.0422788 -0.032454 0.00569107 -0.00347755 -0.0177251 -0.00696485 -0.00264552 -0.0125919 -0.0137829 0.0229046 0.001123 -0.0271865 -0.015785 -0.0442582 
0.0130628 -0.0404759 -0.0029771 -0.00517159 0.0173848 -0.0309289 0.020392 0.0093002 -0.041911 0.00449086 0.0100365 0.0229493 0.0201245 0.00761382 0.0109521 0.0317565 -0.0162477 0.00593941 0.00397605 -0.0223712 0.00298713 -0.00529339 -0.0526692 0.0397105 -0.0106387 0.0106153 -0.0233927 -0.00419343 -0.00081363 0.0254498 0.0370517 -0.0330078 -0.0118603 0.0117317 0.0293197 0.0312684 0.00797052 0.00628422 -0.0094975 0.0169718 -0.00240678 -0.042116 -0.0208979 0.0397028 -0.0197702 -0.0152159 -0.0205607 0.0299068 -0.0055269 -0.00362043 -0.0103278 0.0191965 -0.0626004 -0.00517625 0.0154508 -0.0252412 0.00308765 0.0058758 -0.0221179 -0.00213543 -0.00509072 -0.0173067 0.0308003 0.000465735 -3.47828e-05 -0.00498562 0.0145475 0.00890444 0.0161324 -0.0154245 -0.00552088 -0.00658129 0.00850342 0.0367278 -0.0102291 0.0106762 -1.52919e-05 -0.029898 -0.00247968 -0.0222557 -0.012738 -0.0139844 -0.00622102 -0.013252 0.012214 -0.0148478 0.0222321 0.00382438 -0.0201991 0.00867156 0.0192779 0.0379851 0.0242693 0.00355377 0.0145576 0.0102127 -0.010578 -0.00705861 -0.000551217 -0.0350688 -0.000757107 0.00306644 -0.0129336 0.0107035 -0.0116133 -0.0115727 0.021806 0.00821067 0.0125441 0.00487643 0.0216291 -0.00165844 0.0030941 -0.00650248 0.0115491 -0.0232177 -0.00908468 0.0387874 0.0357984 0.019942 0.00708787 -0.0319051 0.000110137 -0.000937577 -0.00317779 -0.00840481 0.037997 -0.0262097 0.0225089 0.0242695 -0.0107298 0.00593063 0.00831781 -0.0339426 -0.0231012 0.000828044 -0.0113895 -0.0122851 -0.000153949 -0.00318713 -0.0328468 -0.0115804 -0.00272362 -0.0201406 0.0530139 -0.00986797 -0.0135632 -0.00528618 -0.0173804 -0.0295995 0.00191676 0.0376767 0.000671787 -0.00940261 -0.00438589 0.0021691 -0.00969581 0.012144 -0.0112683 -0.0299244 0.00532874 -0.00424578 0.0204114 0.0164265 0.000458888 -0.00974011 -0.00383854 0.0243158 -0.00609763 0.00249006 -0.00328672 0.0115739 0.0146048 -0.0163731 0.00950557 -0.0202894 0.0171454 0.0296041 0.059444 0.0135415 -0.0286241 0.0126999 -0.0131551 -0.0232252 0.0155036 -0.0109887 0.0483205 -0.0323649 0.00178669 0.0155529 -0.00508452 0.0155367 -0.00213669 -0.00692009 -0.0218761 -0.00585764 -0.00136149 0.00843263 -0.0351513 -0.00511101 -0.0177858 -0.0147322 -0.00292641 -0.011843 -0.0259709 0.0021341 0.00628228 -0.041122 0.0142135 -0.00452852 0.0374353 0.00118844 -0.0106655 -0.0218862 0.0152709 -0.0225428 0.0328948 0.0335258 0.038627 0.00776662 0.0047942 -0.0057638 0.0137905 -0.00204074 0.000228328 -0.0150122 -0.0116364 -0.00817506 -0.00358444 -0.0123598 -0.00319299 -0.00270599 -0.00962855 0.00940018 -0.00865706 -0.014018 -0.0052758 -0.0134482 0.00405653 -0.00951003 -0.00260488 0.0207955 -0.0156374 -0.0143709 0.0397812 0.00908132 -0.0248658 0.026287 -0.000574758 0.00767765 0.027063 -0.0142863 0.00834333 -0.0369611 -0.0181492 0.0240451 
-0.0437704 0.0147814 -0.0155008 0.0064282 -0.0238466 -0.0139802 -0.00498741 0.00697191 -0.00249435 -0.011382 -0.0291022 0.0120036 0.0175838 0.0366824 -0.0264832 0.0126785 0.0321173 -0.00754459 0.0141446 -0.00582214 0.00985321 0.0253767 0.00515333 0.0285765 0.0357343 0.0135668 -0.00352572 0.0334487 0.00635929 -0.010635 0.00655744 0.0282732 0.0123213 -0.0139712 -0.0274794 0.00632122 0.0325086 0.0121548 -0.0442989 -0.00891509 -0.00986758 0.00477125 -0.0144202 0.040847 0.00362751 0.0352255 -0.000165139 0.0159565 0.0170315 0.0565075 -0.0139894 -0.00589265 0.0153518 0.0012948 0.0103682 -0.0168524 0.0194901 -0.0146306 0.0289275 0.00261699 -0.00869926 -0.00932408 -0.017228 -0.0148021 0.0179361 0.0118402 -0.00607015 -0.0080568 -0.0121438 0.00957228 0.0342565 0.0124603 0.0305688 0.00683716 0.00528235 -0.0221557 0.000963928 0.00338533 0.0161518 -0.00311132 0.00233888 0.00665924 0.0108278 -0.0110504 -0.00923045 0.025165 -0.0296487 -0.00622389 0.0193156 0.00134825 0.0027024 0.0402265 0.0160876 0.021252 -0.0283145 -0.0115076 0.0141948 -0.00990117 0.00688213 -0.00503489 -0.0388051 -0.00482259 0.00931313 0.0233664 0.0163393 -0.00549185 0.00410905 -0.011405 -0.00097376 -0.0043399 -0.00419245 0.0377608 0.00365996 0.0368449 0.0152912 -0.0219689 0.00590508 0.0303462 -0.00922019 -0.000472749 0.0100604 -0.0185958 -0.0193782 0.0155618 -0.00693642 -0.0114841 -0.0303344 -0.0537122 0.000464215 0.0134667 0.0218188 -0.0253376 0.00928079 -0.0205333 -0.00119763 0.0273398 -0.0431977 -0.00871361 -0.0250984 0.0113815 -0.00411582 0.0202491 -0.0189177 0.00471682 -0.0333513 0.032457 0.00553716 0.01701 -0.0146355 0.00740045 -0.00614846 0.0388471 -0.0091762 0.00121497 -0.025352 0.0189694 0.0173853 -0.00780485 -0.0207788 0.0126745 -0.0283277 -0.0397636 -0.00422637 0.0461237 -0.0214505 -0.0218235 -0.0384321 0.002862 0.0190596 -0.000429589 -0.0162368 -0.000294541 -0.0344411 -0.0430237 -0.000747307 -0.000890549 0.0126445 -0.00584211 0.00592511 0.00416491 0.00826053 0.0392882 0.00757955 -0.0157517 0.00927043 0.00106268 -0.0190169 -0.0118964 0.00839778 -0.00750972 0.00493544 -0.0302959 -0.0055603 -0.0105338 -0.0134549 0.0192935 0.00617693 -0.00893209 -0.0207782 0.0334533 0.0367506 0.0336297 0.00543708 -0.00587213 -0.040877 0.0199342 -0.026951 -0.00523638 -0.0167889 0.00570588 -0.046105 -0.0194125 0.00166482 0.00171592 -0.0517824 0.000240704 0.00180655 -0.0102321 -0.00291519 -0.0146019 -0.0343949 -0.0133133 -0.01775 -0.0213861 0.00550986 0.00121857 0.00922411 0.0354716 0.0475393 -0.0053013 0.00593577 -0.0344536 0.029894 0.0298229 0.00693432 -0.0243649 -0.013104 0.0318481 0.00892915 -0.00698975 0.0206756 0.00186126 0.0105502 0.0117469 -0.00098806 0.0272154 0.0181761 0.0335413 -0.00784559 -0.0380834 -0.0171399 -0.0334416 0.00261956 0.0173094 -0.0186415 -0.0153285 
0.014283 0.0225507 -0.0298351 0.0125092 -0.0297252 0.0082125 0.0343553 -0.0125935 0.0527849 0.00642859 -0.00400651 -0.0324048 -0.0292225 0.00644887 -0.0151063 0.00527256 0.0165319 0.0294531 0.0162374 0.00196849 -0.0113858 -0.0102392 5.7112e-06 0.0233812 -0.00872418 -0.00698568 -0.0429932 -0.0100233 0.0134828 0.00139191 -0.010933 -0.0107192 -0.0112935 -0.0105781 -0.0116482 0.0140944 -0.0138794 -0.0381645 0.0364999 -0.00688904 0.0128926 -0.0121386 0.0308185 0.0151749 -0.0588794 0.0328568 0.0354817 -0.027885 0.0160123 -0.0112899 0.0398888 0.0181199 0.0322056 -0.0121905 0.0178272 0.0253553 0.0100902 -0.000567065 0.0209604 0.00372268 -0.0340538 -0.0353193 -0.0160776 -0.025542 -0.00860275 -0.00178825 0.00507091 0.0116046 0.00608001 0.0149392 0.021572 0.0159272 0.00678232 -0.00518314 0.0189993 0.0324902 -0.00947332 0.0224369 0.0154301 0.03718 0.0191888 -0.00860806 -0.0139356 0.0171343 -0.00958286 0.0188947 -0.0266572 -0.014297 -0.0352842 -0.00573027 0.00963541 -0.0164386 0.00976246 0.012441 -0.00347254 -0.0309081 -0.0066186 0.026076 0.00375057 0.00842693 0.00642919 -0.00439469 0.0193725 -0.0118993 -0.000805769 -0.0226906 -0.0444429 -0.0403599 -0.0372403 0.0345586 -0.000384853 -0.00704038 -0.00150608 -0.00985415 0.0132243 0.0082761 -0.00707795 -0.0103846 0.017693 0.00706948 0.0185908 -0.00355192 -0.0345958 0.0144388 -0.0315388 -0.0438827 0.0222706 -0.0102528 0.00816467 0.0271429 -0.0261949 -0.0147025 0.00884323 0.00987657 0.040815 0.0130223 0.00790419 0.00896594 -0.00221554 -0.0243801 0.000839961 0.0345153 -0.000231354 0.0523622 0.00147981 -0.000538582 -0.0238197 0.0244665 0.0017025 0.00358898 0.000780549 -0.0161259 -0.026106 -0.0153813 0.00866297 -0.0360054 0.0031994 -0.0129061 -0.00779974 -0.0293668 -0.00210391 -0.00773393 -0.0223534 0.0231227 0.000518861 0.00315098 -0.00980949 0.0235377 0.0101993 -0.0137616 0.0258554 -0.00249049 -0.0173652 0.0405974 0.000333623 -0.0269147 0.00780609 0.0321521 0.0418326 -0.0222198 0.0373654 0.00550634 -0.00558146 0.0134016 0.0174135 -0.0356136 0.0227772 0.0312466 0.0189198 -0.0159237 0.0082851 0.0165481 0.00103741 -0.0179929 0.0605122 0.0363287 -0.0385017 0.00919986 0.00537612 -0.0375194 -0.0301652 0.0113721 0.00185976 0.0227196 -0.0164427 0.0194735 -0.00801671 0.0124687 -0.0199012 0.0164353 0.00587717 -0.00949327 0.0447589 -0.0335149 0.0282819 0.00314434 0.0159618 0.0411617 0.0210466 0.0261431 0.0222157 0.00568671 0.0262113 0.00617515 0.0530704 -0.00842672 -0.00229981 -0.00705656 -0.0154338 -0.0188454 -0.021086 -0.0146309 0.00824672 0.0361692 0.0223855 -0.00560782 -0.000229282 -0.0118974 -0.0032772 0.00276799 -0.0164291 -0.0114897 -0.00120969 0.0107333 0.00281013 -0.00133871 -0.0149029 0.0180805 -0.0158013 -0.030838 -0.00769876 0.0112576 0.000879024 0.0134759 0.0136626 0.0118856 
0.0231351 0.0281914 -0.00406748 -0.0184525 -0.0379842 -0.0267655 -0.00512642 -0.0164151 0.0219652 -0.0233447 0.0201109 -0.0196178 -0.0137119 -0.00249121 -0.00687855 -0.00717735 -0.00779993 -0.00371228 -0.00590844 -0.0440363 0.00479028 0.00126508 0.00465474 -0.0279089 0.0102401 -0.0203388 0.0251783 0.0194928 -0.00137703 0.010379 -0.0109754 -0.00841429 -0.00555529 0.0132323 0.00569589 -0.0247801 -0.00306619 0.0143101 -0.00961373 -0.0101401 -0.00784056 0.0264786 0.046183 0.00470042 0.0207454 0.00855652 -0.0127592 -0.00469057 0.0118156 0.00757912 -0.0150318 -0.0363304 -0.0363719 -0.0241528 0.0197725 -0.00839055 0.00133578 5.87339e-05 0.000315639 -0.0228521 0.0169594 -0.0318643 -0.0299203 0.00670774 0.0409365 0.00380028 0.000329959 0.0294116 0.0175293 0.0148618 0.0111075 0.0041226 0.0294675 -0.0381305 0.00891831 -0.00419984 -0.00501958 -0.0315677 0.0272921 -0.0136769 0.00163641 -0.00398726 -0.0342893 -0.015323 0.00667067 -0.0213563 0.0160063 -0.00978149 0.0459337 -0.026181 0.00491098 0.0144117 -0.00697091 -0.00167997 -0.028592 -0.00175875 -0.000536333 0.0178426 0.0342928 0.0148812 -0.0398947 0.0165023 0.0230721 -0.00921718 -0.0128823 -0.0425702 0.00469611 0.0022314 0.0245133 0.0323518 -0.0099053 -0.00809917 0.0232558 0.00021902 0.0106892 -0.00741352 0.00428801 -0.00451672 -0.000624596 -0.0017143 0.00577529 0.00537205 -0.0132064 0.0110173 -0.00282566 -0.0186167 0.00445725 -0.0068991 0.00246732 -0.0151146 0.0261939 0.0150464 -0.0112133 0.0029167 -0.043796 0.0245963 0.0106349 -0.013166 0.0179586 0.00631693 0.00946474 -0.00736374 0.00614642 0.00749543 -0.00423665 0.0116385 -0.0204904 0.0227974 -0.0486542 0.0202823 -0.00576452 0.000794469 -0.0447048 0.00814592 -0.00588497 0.00601342 -0.0492758 -0.0161741 -0.0127489 -0.0172766 0.0450474 0.0544734 0.00263554 -0.0347407 0.0305191 -0.0109803 0.0203428 0.0125814 -0.0390969 -0.00246275 0.0116321 -0.0176006 -0.0389905 -0.0149529 0.00177725 -0.00648569 0.00435158 0.0264383 -0.00701355 -0.00926369 -0.0242808 0.015001 0.0230589 -0.00630218 -0.00458794 -0.000486892 0.0101273 -0.00509935 0.0115231 0.00852136 -0.0245301 0.00220236 0.011426 -0.0138734 0.0521791 -0.0111759 -0.0375028 0.00443485 -0.021466 0.00504972 0.0271473 -0.019337 0.0291383 -0.00510848 -0.00460336 -0.0231963 0.0150606 -0.0117535 0.0034931 -0.0154145 -8.41356e-05 0.000833604 0.0213163 0.00686181 0.00851247 -0.000231848 0.00551921 -0.0202893 -0.0231491 -0.0499133 0.00314459 0.00994042 -0.0229909 -0.0272607 0.0417167 0.00681136 0.00681667 0.0068091 -0.0208141 -0.00825648 -0.00785264 -0.00300852 -0.00564166 -0.0199781 -0.0235232 -0.0190847 0.0209145 -0.00517492 -0.0192861 0.013122 0.0195394 0.00919014 -0.0201854 -0.00717053 0.0251564 -0.0221423 0.0204814 -0.00111473 0.0439772 -0.0261168 0.00194235 0.0297969 -0.0431633 0.0119788 0.0161195 -0.00558823 
-0.0210229 -0.00863341 -0.0143753 -0.0267779 -0.00285636 0.0152488 -0.00760696 -0.00251459 0.00751541 -0.0112189 0.00813144 0.0061689 0.0268886 -0.00962819 -0.012735 -0.0237206 -0.00894819 0.0115319 -0.0182855 -0.00905329 -0.00144898 0.00950637 0.0330513 0.0280946 -0.0143365 -0.0271077 0.0365897 0.0241311 0.0343351 -0.0420624 -0.00889266 -0.00930594 -0.0125213 -0.036558 0.0109471 -0.0038796 0.0149972 -0.00171595 -0.01835 -0.0104717 -0.0317895 0.00989552 0.00984617 -0.0178473 0.0446393 -0.0295299 0.0286408 -0.0155712 0.0144937 0.00787849 -0.0474174 -0.00788726 0.0316329 0.00981858 0.0370293 -0.0103029 0.00781011 -0.00271796 0.0229395 0.00357759 -0.0340257 -0.0166711 0.0212654 -0.020829 0.0237543 -0.00500003 -0.00165115 0.0100255 0.0376396 0.00745944 -0.00967979 -0.02152 -0.00446029 0.00884617 0.00879599 0.000178819 0.01552 -0.0112344 0.0205987 -0.0187264 -0.00352022 -0.0141333 0.00984352 -0.00534177 -0.0367149 -0.00984795 0.0112122 0.00247085 -0.0181189 -0.0059319 0.000115918 0.00371156 -0.0331458 -0.00175836 0.0392122 0.00953177 -0.0225016 0.000229974 -0.0243656 -0.0155556 -0.015319 -0.0310013 0.0134312 -0.0116233 -0.000888014 0.00947661 0.0423208 -0.00618478 -0.00465518 0.00130429 0.02342 -0.0178416 0.0108768 -0.012347 0.0114445 0.0143914 -0.0394143 -0.0127989 -0.00793953 0.00907544 0.0037494 -0.0273084 0.0222446 0.00792063 0.018459 -0.0147989 -0.0288023 0.0126813 0.0357485 0.0109998 -0.0481097 -0.0064104 -0.0168291 0.0257572 0.0227627 0.0095964 0.00939944 0.00558485 0.0189997 -0.027865 -0.0131498 0.00472143 0.0200986 0.0122368 0.00497998 -0.00514073 0.0034248 -0.0309365 -0.00800758 0.0113797 -0.0116644 0.000580009 -0.0230341 -0.0420277 0.0298141 0.000741499 -0.0229431 -0.0363721 0.0286789 -0.0171921 -0.0117886 -0.0479961 0.00518763 -0.0251656 0.00887079 0.0124539 -0.0445202 0.019861 0.0686827 0.00173496 0.0320529 -0.00248549 -0.00819 -0.0114059 0.000714702 -0.0234619 -0.0129541 0.0249647 0.0244968 -0.00021964 0.0442814 -0.0297025 0.0199666 0.0112679 0.0465537 -0.00424699 -0.00423003 0.01198 0.0106587 0.0529519 -0.000557535 0.000314425 -0.0435206 -0.0307947 -0.0041739 0.00989821 0.0032118 0.0244653 0.0112262 0.0235044 0.0277086 -0.0339554 0.0425144 0.0132321 0.031759 -0.0255494 0.00290267 0.00364265 -0.0131923 0.00579637 -0.00303039 -0.0207183 0.0480972 0.00180015 0.00192412 -0.0399872 0.0131482 -0.018916 0.0173355 0.000799203 -0.00753959 -0.0306136 -0.000709491 -0.0257704 0.00549703 0.0254671 -0.0136368 -0.0163014 0.00656678 0.0277617 0.00134231 -0.0477576 -0.0258054 0.0222474 0.00621951 0.0164964 0.0348225 0.0338396 -0.0202088 -0.00846782 -0.00362002 0.0569813 -0.0296669 -0.013672 -0.0314115 0.0257873 -0.0110048 0.0178953 -0.00629461 0.0378198 -0.0153902 -0.0245266 0.0137882 -0.0347853 -0.0166907 -0.0375261 
-0.0284579 0.0104929 0.000926767 -0.0201979 -0.0222182 0.0147011 -0.0156664 0.0116376 0.0257359 -0.0142019 0.0123755 0.0179901 -0.00496211 0.0239164 -0.000201119 -0.0105113 -0.0292429 -0.0130905 0.0320881 0.00243474 0.00541916 0.015673 0.0281303 -0.017164 0.033758 -0.0286363 -0.0103223 -0.00995825 -0.0050976 0.0187624 -0.00741547 -5.21257e-05 0.00951174 -0.0127115 0.00516638 -0.0265252 0.0399683 0.0403316 0.0203437 0.000130349 -0.0279331 -0.0255654 0.0146607 0.0203251 -0.0331238 0.00731842 -0.00373515 -0.0174431 0.0237711 -0.0188246 -0.00728331 0.0188268 -0.010365 0.00501305 0.0244955 -0.0218139 0.00582996 -0.000832667 -0.00915622 -0.0123215 0.0185103 -0.0010764 -0.0113032 -0.00636802 -0.00797421 0.0100859 0.016526 -0.0207953 0.0335351 -0.0289549 0.00836583 -0.00681738 -0.0234046 0.00832914 0.0118195 -0.0345545 0.00183799 -0.00959958 -0.035259 0.0185809 0.00799803 -0.0102954 0.0122109 0.0448474 0.016883 -0.0262072 -0.0221661 0.00770992 -0.0303792 -0.00544821 0.00340512 0.00250697 0.0108787 0.00365784 0.0183181 0.00818037 -0.0139366 -0.0276809 0.0249689 0.00706369 -0.0142359 -0.00686641 -0.0263586 0.0130659 -0.00283625 0.00313578 -0.0441909 -0.00636126 -0.00924064 -0.0158869 0.00750341 0.00478328 -0.00428035 -0.0122812 -0.0280155 0.00191713 0.0284089 0.0176386 -0.0202211 -0.0189258 0.000693388 -0.0207142 0.016851 -0.0156465 -0.0218639 -0.0133511 0.0268939 0.0291793 0.00973353 -0.0295568 -0.00380604 -0.00388785 -0.023008 -0.0330226 0.00503339 0.0206214 -0.00585136 -0.023158 0.023551 0.0228203 0.0446322 0.00978725 -0.0122503 0.0069693 -0.0103782 0.0162968 0.00849857 0.00652162 0.00764277 -0.00843696 -0.0194229 0.0106006 -0.0209975 -0.00168692 -0.0429008 -0.020079 0.0298117 -0.00592001 -0.00119783 0.00984921 0.00740581 -0.0451314 0.000563601 0.00292221 -0.0098194 0.00436565 -0.0132816 -0.0377976 -0.0236888 0.0175099 0.0161668 0.0369683 -0.0183237 -0.00328267 -0.0112613 -0.00610903 -0.00454712 -0.0215525 0.00477456 -0.0123436 -0.0200981 0.0273543 0.0214891 -0.00490946 -0.0176484 -0.0353711 -0.0206811 0.00271083 0.005116 -0.0020494 0.0385914 0.0178472 -0.00371336 0.0350097 0.0158562 0.00434959 0.0220557 0.00424745 0.0224779 -0.0021665 0.0311147 -0.0460924 0.0148349 0.0214008 -0.0223845 -0.0107297 -0.000495941 -0.0115691 0.0230611 -0.0103752 -0.0195529 0.0459805 -0.0145866 -0.000240355 -0.0104481 0.00324994 0.0104637 -0.00501033 -0.00514313 0.0178383 0.00480889 0.0308797 0.011121 0.0248502 0.0027207 0.0161626 -0.0131596 -0.000926271 0.0160364 -0.0265792 -0.00221951 0.00525114 -0.0012106 -0.0163197 0.000919902 0.00465812 -0.0260729 0.0275559 -0.0403741 -0.0168494 -0.0123514 -0.0384138 0.00743485 0.0225463 -0.0108345 -0.00691677 -0.0170458 -0.0279695 0.0225044 -0.0137729 -0.0156805 -0.0328054 0.0107333 0.0234308 0.0265562 0.0278069 
-0.00776681 0.0203933 0.0184809 0.00141378 -0.021096 -0.0155214 0.0267489 -0.0139649 0.0100144 -0.00792225 -0.0472666 0.0458164 0.00633979 -0.0077154 -0.0146146 0.0162032 -0.00355874 0.0181141 -0.00563006 0.020518 -0.01164 0.00652339 0.0221197 0.0357828 0.00385713 0.0311033 -0.0057266 -0.00221657 0.0170753 0.0221203 -0.0544857 -0.0263015 -0.0135092 -0.0159795 0.0261939 -0.00783746 0.000507778 0.0038423 -0.00670936 -0.0259885 0.040682 0.00124186 -0.0191971 0.0282583 0.00568029 0.0235051 0.00934779 -0.0311905 -0.018718 0.0152177 -0.00328886 0.0226249 -0.0101864 0.00127504 -0.00948868 -0.0258393 -0.0112294 0.0188875 -0.00207317 0.0038244 -0.0304829 -0.0119209 -0.0063292 -0.00561758 0.0160395 0.0185178 -0.0184174 0.000531808 0.0114934 0.0344728 -0.0195749 0.0379022 0.0181671 -0.00159797 -0.0277956 -0.0447318 -0.0184175 0.0423426 0.0028453 -0.0112392 -0.0436231 -0.0132939 0.00356283 -0.0196934 -0.0135731 0.00857763 -0.00988495 0.000547058 -0.0224345 -0.0227608 -0.0192507 -0.0197934 0.0229162 0.0161652 0.00842646 -0.0187002 0.00862766 0.0153235 -0.0576251 -0.0148552 -0.01579 0.0147485 0.010163 -0.0444564 -0.0288282 0.00526529 0.0121117 -0.0252724 -0.010703 -0.0161513 -0.010767 0.0435753 -0.0108945 0.0103193 0.0166834 0.0191126 0.0113722 -0.016501 0.0116724 0.00629109 -0.0137454 0.00362931 -0.0127056 -0.00135166 -0.0405536 0.012517 -0.0202796 0.020742 -0.0126289 -0.0216542 -0.0202169 -0.00401659 0.0054201 -0.0184124 0.0545793 0.00644392 0.0442114 0.00371014 0.0173529 -0.00824107 -0.0255919 0.00760471 0.0113066 -0.0159941 0.000215857 0.0157013 0.00264382 -0.0390988 0.00619326 0.00636709 0.000541574 -0.00357389 0.00156713 0.00415951 0.00218802 0.0319216 0.00309668 0.0403713 -0.00639461 -0.0107447 0.033625 0.0171555 -0.0124733 0.0228306 0.00179246 0.0264569 -0.00788459 -0.00139173 -0.0014343 -0.00280045 0.0355582 -0.00285603 0.0268605 -0.000999893 -0.0163855 -0.0144322 -0.0206146 -0.0126663 0.000199317 -0.00951247 -0.0219193 -0.0202016 0.0119591 -0.0267276 0.0177044 0.00354983 -0.0202678 -0.010267 0.00148221 -0.0068938 0.00581227 -0.020768 -0.0294446 0.000563143 -0.0447922 0.0300671 -0.03787 -0.0103698 -0.0200872 -0.0237306 -0.00158478 0.00781159 0.0234245 0.0237249 0.027401 0.00140226 -0.0155021 0.0115153 -0.00576177 0.0221421 0.00277326 -0.0119826 -0.0157788 -0.0273389 -0.0098639 0.00627666 -0.0137664 -0.00820193 -0.0203282 0.0227461 -0.0207885 0.0259991 -0.0150208 -0.0195549 0.0188343 0.00647482 -0.0194888 0.0220034 -0.0181851 -0.00797604 0.00732456 -0.00185784 0.0229269 0.00579206 -0.00824601 0.0325498 0.0366779 0.0360825 0.0238238 -0.0188688 0.0216539 0.00523016 0.00267192 -0.0273138 -0.0103266 0.00591002 -0.0259476 0.0249153 -0.0370994 -0.0169859 -0.0139409 0.0228389 -0.0289706 -0.0366525 0.00935366 -0.0240649 
0.0175783 0.00557918 0.0107351 0.010515 0.0299954 0.00859367 0.0132235 0.00387469 0.00983672 0.00456365 0.015086 0.00292975 0.00721514 0.0360327 0.00462795 -0.0360572 -0.0388299 0.0284316 0.00151294 0.0324399 0.00091082 0.00548147 -0.0115579 0.0242352 0.00189284 -0.00579318 0.0300715 0.0159937 0.0290301 -0.0208373 0.0151904 0.0134505 0.0118103 -0.0153584 -0.00926679 -0.0106776 0.00267341 -0.00238869 -0.00254062 0.0130433 -0.00723231 0.0018193 -0.00836501 -0.0235094 0.0179446 -0.0107861 -0.0341473 -0.00601343 -0.0265189 0.000650898 -0.0143738 0.00920719 -0.0232909 -0.00869233 0.00146178 -0.000589088 -0.0384352 -0.0071731 -0.0170089 0.0217498 -0.0306008 0.00460843 -0.0465018 -0.0109518 -0.018395 0.0165097 0.0154629 0.00436152 -0.0125754 -0.0263999 -0.00349431 0.0264736 -0.00592182 0.0194453 -0.0047388 0.0370308 -0.0138094 0.00669255 0.0205703 -0.00643101 -0.0200484 0.0236711 -0.0141532 -0.0154719 -0.00625729 0.0241262 -0.0255734 -0.00333244 0.0096764 -0.0215628 -0.0193721 0.0171186 -0.0268461 0.0188152 0.00350248 0.00668391 -0.0197425 -0.0359536 -0.0179429 -0.00261461 0.0158122 -0.00454687 0.0133403 0.0670265 0.0300933 -0.0486483 -0.013554 -0.00701082 -0.00948698 0.0311707 -0.00115225 0.0225013 0.00517858 0.025128 -0.00809381 -0.0323635 -0.0156067 0.00146957 -0.00840356 -0.0337188 -0.000825914 0.0563783 0.0118032 0.0395745 -0.00846603 -0.0126783 -0.0157532 0.0215289 0.0168829 0.00789934 0.0131454 -0.0042563 0.0292059 -0.0221798 -0.0291679 0.0113058 0.0358194 -0.0350789 0.0208894 -0.0358327 0.00136296 -0.00466847 -0.0142717 -0.00208312 -0.0146485 -0.0303342 -0.0139829 -0.00623763 7.63294e-05 -0.015606 -0.00822625 0.0122646 -0.0100763 0.0118227 -0.00793984 -0.00305491 -0.0174802 -0.0017249 0.0138234 -0.0430607 -0.0116428 0.0140275 -0.0706237 -0.0186184 0.00397976 -0.0328403 0.00406954 -0.0139585 0.00791374 -0.00977652 0.0180633 0.00418135 0.00305577 0.0142719 -0.00815311 -0.00384711 0.00331665 -0.0337716 0.0230625 0.0089673 -0.00254626 0.00676099 -0.0162094 0.015964 -0.0131064 0.0301897 -0.0334695 -0.0108936 -0.00153122 0.0273088 -0.000334235 0.00124479 -0.0201364 -0.0235983 0.00277758 -0.015012 -0.0141396 0.00804134 -0.025301 -0.0192801 -0.0212812 -0.00835502 -0.0342242 1.08249e-05 -0.00718622 -0.0222616 -0.0485629 -0.0241696 -0.00813925 -0.029413 0.00777771 -0.0351256 -0.0142431 -0.0113773 0.00821886 -0.017394 -0.0102358 -0.0359615 0.0130246 0.00148126 0.00978411 0.0195109 0.012325 0.00779768 0.0267015 -0.00131846 0.0181421 0.0344323 0.00880449 0.00737827 -0.00611989 0.0191085 0.0205374 -0.00930277 0.0143543 -0.00965704 -0.00723848 0.00214919 0.000821373 -0.000122896 -0.0150475 0.000337965 0.0149768 0.0183417 -0.0264947 0.00568875 -0.00253904 0.00717126 -0.00492039 -0.00145789 0.0013085 -0.0309448 -0.0174824 0.0209911 -0.00298584 -0.0146228 
-0.030385 -0.00827446 -0.0287344 0.0299824 -0.0126604 0.0118287 0.0112626 -0.00491285 0.00200721 -0.0112649 0.0455099 -0.00220924 -0.00400803 -0.0305304 -5.92146e-05 0.0185731 -0.00744865 -0.0112258 -0.000210333 0.0164377 -0.0113367 0.0134178 0.0171906 -0.0140876 -0.00454309 0.0219708 -0.0277984 -0.00887499 0.00836487 0.0035413 -0.00673553 0.0260577 0.00866391 -0.0336205 -0.00222576 -0.01262 0.0516115 0.00307307 0.0401829 0.00539509 0.00529655 0.00269978 -0.0146325 0.00844363 0.0437766 -0.00282461 0.0242697 0.00220148 0.0128365 0.00727521 -0.00787812 -0.0126764 -0.0276842 -0.00619138 0.035554 -0.0122447 -0.0190412 -0.0046084 0.0297846 -0.0201598 -0.00645938 0.0102385 -0.0175444 0.000295765 -0.0158499 -0.00807533 -0.022535 0.0212035 -0.014125 0.0169021 -0.00773127 -0.000995581 0.0010711 0.00881204 -0.0216447 -0.0133321 0.0380255 -0.0133339 0.00921457 -0.0267351 0.014372 0.00198537 -0.00272543 -0.00124333 0.0207901 -0.0175996 -0.00810054 -0.00531953 -0.00614452 -0.00654395 0.0213983 0.0016872 0.0118889 -0.0301579 0.00543272 0.0128348 0.0241991 -0.0157251 -0.0264819 0.011863 0.0178453 0.00983488 0.0161471 0.020259 -0.00270816 0.00810109 -0.00888344 -0.014659 0.0263627 0.029078 0.00292464 0.0178145 -0.00420491 0.0165984 -0.0167945 -0.0117543 0.00593228 -0.0254628 -0.0284176 -0.0109106 -0.0161258 0.0306147 0.0170324 0.0125266 -0.017282 0.020927 0.0229679 -0.00253935 0.0284339 -0.0182991 0.00911335 -0.0118331 -0.0351258 0.019493 0.0184297 0.0176289 -0.0160155 0.000527001 0.0105107 0.0145434 0.0209281 -0.00270635 0.0149472 0.0178246 0.0288077 0.00385279 -0.000155516 0.0261118 0.0307673 0.00948135 -0.00240386 0.00372953 -0.0110825 0.0157714 -0.0174507 0.0258004 -0.00352193 -0.0226147 0.032228 0.0383313 -0.0105069 -0.00170926 0.0179085 0.0273917 0.00514427 0.0252783 -0.00348891 -0.00747914 0.0106753 0.0195878 -0.0260526 0.0121243 -0.0105925 0.00963369 -0.000595104 -0.0118953 -0.0152522 0.00571796 0.00350591 -0.0417135 0.0366996 -0.0152762 -0.0225973 -0.0057116 -0.0121878 -0.0194587 0.012714 -0.00505226 0.0215321 -0.00635021 -0.0223135 0.0150574 -0.000482205 -0.0136943 0.00621171 0.0275954 -0.00419002 0.0324852 -0.0228561 -0.0243679 0.00567768 -0.0311155 0.00760694 0.00213161 -0.0259901 0.0073884 -0.0337467 -0.00429583 -0.000793508 -0.0275322 -0.0130228 -0.0391856 -0.0149558 -0.0165537 0.00082541 -0.00310837 0.0253956 0.00860517 0.00339154 -0.0215871 0.00137116 -0.0139055 -0.0128988 0.0136813 0.00770973 -0.0273342 0.000717049 0.00346209 0.0065298 0.00932274 0.00262424 0.0432014 -0.00349445 5.91367e-05 0.0146889 0.0479411 -0.0139087 0.0331719 -0.0307513 0.0052851 0.011885 -0.00564018 8.45185e-05 0.0145786 -0.0128265 -0.0262535 -0.00942584 -0.0201951 0.0145195 -0.0175737 -0.0142436 0.0124926 0.0357514 0.0126941 -0.00350886 -0.0150823 
-0.014298 0.0152983 0.0382535 0.0185284 0.013355 -0.0189858 -0.0374292 -0.0351063 0.0188881 0.00825872 0.00734868 0.0608892 0.0328797 0.0200659 -0.00580502 -0.00766949 0.0171594 -0.00554078 0.0174567 -0.0163835 0.043154 0.0238029 -0.0265863 -0.0257561 0.00997281 -0.0101039 -0.0460714 -0.0294228 0.0243483 -0.000614779 -0.0144393 -0.00197677 -0.0508654 -0.0107527 -0.0235678 -0.0184294 -0.00949475 -0.00106198 0.00764991 -0.00136766 -0.00172758 -0.0202762 -0.00251487 0.0153453 -0.0301819 -0.0125552 -0.000284219 0.00692652 -0.00403284 -0.0482795 0.00854766 6.06062e-05 -0.00333714 0.0176983 0.00754022 0.0123477 -0.0181735 0.00809468 0.0348339 0.034073 -0.0263193 -0.030047 0.000416213 0.00163411 0.0395867 0.0160861 0.00505801 -0.00772712 0.0357722 -0.014352 -0.0022627 -0.00914569 -0.00382127 0.0131138 -0.0251499 0.00837226 -0.0166377 0.0305065 0.0176028 -0.0242749 0.0190091 -0.0237045 -0.0180736 0.0111626 -0.00786012 0.000434878 0.00240296 -0.00241741 0.00788823 -0.0509396 0.016769 -0.00122347 0.00403167 0.00592912 0.00324514 0.0096771 0.0053273 -0.00698499 0.0124495 0.0158268 0.0123455 -0.0337395 0.0240075 0.00256685 -0.00890206 0.0148973 -0.0169636 -0.0134815 0.00970897 0.0249997 -0.0296858 -0.0109233 -0.0293624 0.0136413 0.0164784 -0.0146972 -0.0236418 -0.00473325 0.0005918 -0.00243568 -0.0329397 0.0125105 -0.00630954 0.0465041 -0.0328014 0.00129354 0.00127646 -0.0510419 0.0180829 0.0146053 0.0150151 -0.00510738 -0.0126756 -0.0194452 -0.0242255 -0.0354872 -0.00525056 -0.000239134 0.00128293 -0.00238549 -0.0293639 0.029865 -0.0205633 -0.0508557 0.00753316 -0.0239564 0.0333719 0.00663084 -0.00153365 0.0224444 -0.0125106 0.00545813 0.00266561 -0.0339547 -0.00394289 -0.00631731 0.0106351 -0.0124457 -0.00467755 0.0141709 0.0542128 -0.0165583 0.00950623 -0.000121948 0.0372182 -0.00104048 -0.0303131 -0.00341193 0.000456972 0.00703535 0.0170093 0.00379737 -0.0200986 -0.0287265 0.00479728 0.0553552 0.0125578 0.00125631 -0.0441728 0.0122072 -0.0217843 -0.0119097 -0.00661336 0.0039287 -0.0333007 -0.0172355 0.00295027 0.00720491 -0.00977141 -0.0304664 0.0108517 -0.00263613 0.00383876 0.00182554 6.28485e-05 0.0393666 -0.0376878 -0.00931835 -0.00490427 0.0194879 0.00237545 -0.00958561 -0.0139463 -0.0142196 0.0249427 -0.0432536 -0.0138502 -0.0161632 0.00157251 0.0134432 0.000650306 0.00487963 0.00599712 -0.0112905 -0.00932644 -0.010188 -0.00216476 0.0252178 -0.0133684 0.00765509 0.0137529 -0.0283361 -0.0042807 0.00516639 -0.00687509 -0.0339704 -0.00473002 0.013612 -0.00614763 -0.000717286 0.0302274 0.0476928 -0.0448002 -0.00200501 0.0464537 0.0395342 0.013205 0.0206458 0.0140593 0.0374077 0.00216126 -0.0154451 -0.00461148 0.0273457 -0.0164193 -0.0153097 -0.00446692 0.0278829 0.0236097 0.0173714 0.0351966 -0.00102325 0.00250289 -0.00909241 -0.0222579 0.0165097 
-0.00659346 0.0140467 0.00676338 0.00339095 -0.00249509 -0.0140107 0.00237561 0.00158489 0.0331281 -0.0372732 -0.00944454 0.00470779 0.0200517 -0.00201504 -0.00546676 -0.0107405 0.0315292 -0.0128333 0.00168573 -0.00572103 0.0323827 0.00345175 0.0177758 -0.01213 -0.00891744 -0.0118582 -0.0153148 0.00971186 0.0246053 0.0103163 0.0140602 -0.00522573 -0.0116989 0.0158428 -0.0179493 0.011015 -0.00368304 -0.00141876 -0.0109427 0.011974 -0.0128274 0.0273319 -0.021384 0.029389 0.0289301 0.0198869 -0.00938665 0.0167413 0.00956586 -0.00368882 0.0260875 -0.0293287 0.0138936 -0.0143364 -0.00646792 0.0165562 -0.0156533 -0.0110444 -0.0118867 -0.042644 -0.0228932 -0.023357 -0.0125628 0.0152484 0.0413971 0.0199974 -0.0333241 0.0326391 0.00777774 0.0179657 0.0131743 0.00678426 -0.0211585 0.0127736 -0.0121365 -0.00908956 -0.0329036 0.0164321 -0.00475666 -0.0107466 0.00188364 -0.00302738 0.0120295 -0.0217223 0.00131057 0.00263823 -0.00224647 -0.0148841 0.0256732 -0.0115074 0.0129061 -0.0126131 0.00710536 0.00432373 0.0268614 0.0250173 -0.0290174 -0.0281148 -0.0329622 -0.00645507 -0.0417653 -0.00741201 -0.0347313 0.00659002 0.000256607 -0.00128589 0.00542928 -0.0121874 0.0152117 0.0172725 -0.015827 0.00537311 -0.0054161 0.0234962 0.00842701 0.00129775 -0.0128785 0.000264155 -0.0114402 0.0165308 -0.011548 -0.0066217 -0.0188017 -0.0382181 -0.00872551 0.0328295 0.0397725 0.00799366 -0.0122242 0.0182927 -0.000183451 0.00562035 0.027834 0.0055262 0.00363561 0.00654039 -0.0131408 0.00705496 0.00473573 0.0255944 -0.00631653 0.0305697 0.0140277 -0.0176072 -0.00485212 0.0415003 0.00137135 0.0389583 0.0175973 0.00339379 0.0154978 0.00756315 -0.0273656 -0.00118466 -0.00773383 9.13881e-05 -0.0117609 -0.00560088 -0.0161792 -0.014504 0.0128036 0.023306 0.013224 0.0205431 0.0566152 0.0119635 -0.0109467 0.0272952 -0.00601373 -0.00413175 -0.0135245 -0.00416475 -0.00610505 0.0197138 0.00551098 -0.000237339 -0.0140301 -0.0365744 -0.0649321 0.0229389 0.0175581 -0.0192875 0.0207325 -0.0315465 -0.0141266 -0.00810046 -0.0127647 0.0446266 0.0127553 -0.0444907 -0.0334343 -0.0205552 -0.0221167 0.00546026 0.0166316 0.020251 0.030838 0.0134645 -0.00403806 0.00629859 -0.00775628 0.00765137 -0.00814437 -0.0033194 -0.0139338 0.0157114 0.0201788 -0.0101609 0.046369 0.00483954 -0.0100704 -0.0117041 -0.0120955 -0.00250839 0.0266384 -0.000431234 0.00385689 -0.0225353 -0.030007 0.0282224 -0.00200677 0.0144093 -0.0168813 0.00036603 0.0265604 -0.0386284 -0.0449952 -0.0190204 -0.00608104 0.000896033 -0.0300893 0.0161738 0.0130234 -0.0178312 -0.00172985 0.00427416 0.0392568 -0.0125583 -0.0145798 0.019278 -0.0152908 -0.0247157 0.00726724 -0.00185438 0.00947253 0.00896479 0.0103848 -0.00670081 0.0250131 -0.0033311 0.00425949 -0.00946591 -0.0388192 0.0139806 -0.0128297 -0.00822029 
0.0196363 0.00522206 0.0455825 0.00640811 -0.0163253 -0.00464527 0.0160285 0.00763315 -0.00805867 -0.00193241 -0.0188123 -0.000666056 0.0161854 -0.0144407 0.0130282 0.00964767 0.0277913 -0.016531 0.0166108 -0.020229 0.0191274 -0.00070176 0.00616606 0.026004 0.0144466 0.0215657 0.0175852 0.0114146 -0.00178538 0.0289635 0.0179919 0.00123681 -0.00800018 0.00304277 0.0108715 0.000906129 0.00735393 0.00116646 -0.00114617 0.0131382 0.000899378 -0.018657 -0.00162444 0.0184051 0.044639 0.00380534 -0.00569966 -0.0131387 -0.0151616 -0.0316947 -0.0154226 -0.0183984 -0.0396296 -0.00362249 -0.0165158 0.00314108 -0.00847409 0.00373637 0.00907252 -0.0071516 -0.0109291 0.011927 -0.0158764 -0.000886628 -0.0173199 -0.0265746 -0.0017348 0.0122536 -0.00912465 -0.0199785 0.00693369 -0.00344012 0.00577324 0.00973831 -0.00997304 -0.011092 0.0100045 -0.0301239 -0.0189643 -0.0247381 -0.0111761 -0.00404834 -0.026419 -0.00898346 -0.000688241 -0.00223798 -0.0309425 -0.00501081 0.00714686 -0.00653826 0.0265837 0.00769319 -0.0234007 -0.0168504 0.0162307 -0.0268822 -0.0180906 0.00396052 0.00845284 0.00108495 -0.0158238 -0.0196418 0.0122196 -0.00372608 0.00172456 -0.0138954 0.0110082 -0.0150809 0.0023391 0.0239524 -0.018593 0.00811841 0.0024569 0.000706289 0.0407319 -0.0157528 0.0141979 -0.00160138 0.00558541 0.00310798 0.0359036 0.0374252 0.0286956 -0.00194807 0.00764606 0.0181152 -0.00115708 0.0055305 -0.00941441 0.0239229 -0.010484 -0.0226889 -0.0271792 -0.00143357 -0.0457732 -0.0359215 0.0306137 -0.0181584 -0.0471778 -0.0277442 0.000363308 -0.00833662 0.029292 -0.00493825 0.0112311 -0.00141934 0.0144022 0.0140277 -0.0129814 0.0314556 0.026578 -0.0187442 0.0179355 -0.00968048 -0.000135718 -0.0123528 0.0139043 0.0162529 0.0122316 -0.00951149 0.00103384 -0.0018039 -0.0192545 -0.00839057 0.0139404 0.000599921 0.00914196 0.0454369 0.0259808 0.0154241 0.0175053 0.0103375 -0.0027093 -0.0175897 -0.00187724 -0.0342396 0.0204684 -0.0256319 -0.00355531 -0.0295591 -0.0261653 -0.00255769 -0.0440599 0.0218917 -0.00554655 -0.0110167 -0.0276922 0.0424605 0.0249409 0.0505782 0.00268668 -0.0382321 0.0115944 -0.00269475 -0.0153104 -0.00333996 -0.00360118 0.0172364 -0.00479398 0.00334973 -0.00892658 -0.0314496 -0.0119114 -0.0191443 -0.0319924 -0.00628185 0.0115114 0.0019718 -0.00724843 0.00644312 -0.00367774 -0.0286473 0.0242656 0.0399531 0.0270436 -0.00191232 0.00995113 0.00401025 -0.0623806 0.0410366 -0.0202211 -0.0117302 -0.0140611 0.0274904 0.0596559 -0.0172949 -0.00570524 -0.0132036 -0.00412526 -0.0302571 0.0156059 -0.00441814 0.0136615 0.0122689 -0.01887 0.0215856 0.0146754 0.0317531 -0.000466712 0.014698 -0.00187841 0.0206081 0.0233577 -0.0356491 0.0252263 -0.00371758 -0.00412482 -0.020866 0.00730005 0.00567686 -0.0116515 0.000641852 0.0367935 0.0048316 0.0298864 0.00946481 
0.00402406 -0.00582901 -0.039601 0.0292354 -0.0208793 0.0242634 -0.013346 -0.0349318 0.0039216 -0.00573871 -0.0321615 -0.00206522 0.00282329 0.0261163 -0.0061375 0.00773467 0.0130883 0.00408682 -0.000131446 -0.0066006 0.000366902 0.0148658 0.0237303 -0.00611209 -0.0148698 0.000199175 0.0115968 -0.0273185 0.00673676 0.0133374 0.0357837 0.029117 -0.0240255 0.0187624 0.00358289 0.014635 -0.0142782 -0.0202247 0.0145986 0.0107801 -0.0345716 -0.0205373 -0.00624169 0.00660569 0.0232027 0.025056 0.0244537 0.0124706 0.0130175 -0.040922 0.0144094 0.00220581 0.00243675 -0.0067707 -0.00619278 -0.00883671 0.0591637 -0.0167826 0.00628699 -0.0348774 -0.0207126 0.0247044 0.0142758 -0.0274635 -0.00683406 0.0109175 -0.00648004 -0.0158099 -0.00426056 0.0408866 -0.00540347 -0.00486088 0.0251555 0.0228466 -0.0097987 -0.0169816 0.0112218 -0.0263597 -0.0122867 0.00713634 0.00975184 0.0159933 0.0128042 -6.28195e-05 0.0125173 0.0238136 -0.000239751 0.0120932 0.00644876 -0.0189563 0.00711238 -0.00357127 -0.00644375 -0.00679156 0.000755488 0.014115 0.0337593 -0.0158667 0.0151735 -0.0352959 0.0106461 0.00170107 -0.0349067 0.00323629 0.0145865 0.00207319 -0.0113072 0.0192419 0.0270326 -0.0512901 -0.018456 0.0123888 0.00754714 0.00925064 -0.00453381 0.0200479 0.0539815 0.0303613 0.00790296 0.00279286 -0.0306595 -0.00441907 -0.0266126 -0.0188475 -0.0514037 -0.0073824 -0.0105276 -0.00179204 -0.0138578 -0.00197143 0.00507542 0.0355225 0.015617 -0.0239843 0.00189075 0.0523317 0.00800637 0.0129868 0.00651603 0.0538986 -0.0261397 -0.00477791 -0.000976285 0.0085651 0.0250055 -0.0139431 -0.0259528 0.010132 -0.0102362 0.0250139 0.00195557 -0.0106671 -0.0202916 -0.0236753 -0.00734636 -0.00832741 0.00285512 -0.00537843 -0.0144746 -0.0152067 -0.0047515 -0.0114233 0.00873516 0.0111125 0.0094119 -0.0140727 0.0253996 0.0236819 0.0321929 0.0119723 -0.0316116 0.00933477 0.0117934 -0.0262216 0.0136784 -0.00577807 0.0161973 -0.086243 -0.0341934 0.00306968 -0.0125201 -0.00683776 -0.0368791 -0.00944884 -0.0240402 0.0400523 -0.0202165 -0.0496761 -0.00928511 -0.00252432 -0.0282821 0.0149734 0.0123246 0.0300585 0.0296843 -0.0106838 -0.0104045 -0.0102409 0.0185093 0.0376154 0.0136525 -0.00614555 0.00391704 -0.00179407 0.0445518 -0.0110349 0.0113288 -0.012274 -0.0113835 0.00367906 0.0156362 0.00868232 0.0335085 -0.0138771 -0.00508305 0.00848936 0.0137826 0.0328377 -0.00715742 0.0140917 -0.00570485 0.00770714 0.00997746 -0.00225868 0.0102831 0.00502636 0.0103773 0.00754398 -0.0349331 -0.00766918 -0.0325965 -0.0306627 0.0052981 -0.00509539 -0.00369539 -0.0166456 0.00116613 0.0171078 -0.00587948 -0.0431033 0.00133182 0.016068 -0.000121521 0.0402339 0.0424331 0.00494736 -0.0223199 -0.00823407 -0.00185486 -0.015503 -0.0213326 0.0001719 -0.0242265 0.0191064 -0.0231084 -0.0288915 
-0.0285859 -0.0116001 0.0211326 -0.000804267 0.0309426 -0.0257314 0.00372945 0.0025441 0.017207 -0.0176168 -0.0108242 -0.0390753 -0.0298748 0.0214537 -0.00184222 -0.0171506 0.0120134 0.0159718 -0.016194 -0.0173422 -0.0322626 -0.0101633 -0.0339547 -0.0160113 0.0257746 -0.0200671 -0.0317372 0.0116223 0.0168097 -0.0245964 -0.0668366 -0.0129063 0.002172 0.00498437 0.0176728 -0.00287181 0.0105588 0.0225717 0.0131244 -0.00454444 0.0205155 -0.00955355 -0.048079 -0.0103332 0.00449781 0.00591561 -0.000215817 0.0117997 -0.0178227 0.0391729 0.00103721 0.00373254 -0.00175275 -0.0141859 -0.00677418 0.014291 0.0172185 0.00226822 0.0227326 -0.0136938 0.010316 0.0130095 -0.0184474 -0.0165802 -0.00958946 -0.021561 -0.0214102 -0.0170666 0.0311567 0.0167395 0.00547021 0.00281729 -0.00860664 0.00680265 -0.0134591 -0.0218415 -0.00715506 -0.0158729 0.00337575 -0.0157861 0.0212739 -0.0133201 -0.0300544 -0.00609267 0.000917737 -0.00110865 -0.0100636 0.0598808 0.00651443 -0.0244532 -0.0237577 0.0116474 -0.00134617 0.0225293 0.00900593 0.0303956 0.00949782 -0.0273048 -0.0293539 0.0127933 0.00825488 0.00487599 0.0183955 0.00995959 0.0314156 0.010993 -0.027604 -0.0283239 -0.00364527 0.0369394 0.00455656 0.0294047 0.00827639 -0.0141572 -0.0101909 -0.0153601 0.0114949 0.0171351 0.0216604 0.0048467 -0.0368081 0.0265183 0.00646866 0.00324036 -0.01509 -0.0561964 -0.00595111 -0.0273371 -0.0087339 -0.000839532 -0.00107035 0.014424 -0.0208985 -0.0513248 0.00541689 0.021553 0.00128036 -0.0321997 0.0277254 -0.0354734 -0.00378783 0.00924633 0.036741 0.0157372 0.00575566 -0.0307457 -0.0243477 0.0066271 -0.0123754 0.0176367 0.00288428 -0.024482 0.00416986 0.0211436 0.019265 -0.0270009 0.0077211 0.0100347 -0.00393009 -0.00335652 0.0405199 -0.00143583 0.0205543 -0.00114703 0.0223397 0.0334396 -0.0274522 -0.00049507 -0.00884121 -0.0170492 0.00353618 0.0219799 0.0161529 -0.0151367 -0.0292481 -0.0424949 0.00654631 -0.0046728 0.0174902 -0.0237004 0.00627417 0.0156455 0.0151719 -0.00159448 -0.0136428 -0.0325333 -0.00697095 0.00444843 -0.00741634 -0.0135446 0.0358018 -0.0204354 0.0367834 0.00776032 0.0169687 -0.00650511 -0.0130957 0.0338544 -0.0105912 -0.00583827 -0.0077419 0.0305817 0.0275117 0.0250404 -0.00577319 0.00540977 -0.0330061 0.0405613 -0.000393119 0.00545501 -0.00321443 -0.0206401 0.00554782 -0.0176505 -0.0174858 0.0156315 -0.00779609 -0.0346408 0.0247356 0.00121068 0.00536241 0.0105289 -0.0570391 -0.0255072 -0.0185752 0.0390356 0.0243269 0.0023844 -0.0387452 0.00987471 0.00263867 -0.0320283 0.0424672 -0.0189148 9.37811e-05 -0.0166163 0.00644695 -0.0340089 0.0227043 0.0174641 -0.000931597 -0.00189032 0.00105888 -0.0120801 -0.00479517 -0.00626398 0.0172179 -0.00868286 0.0223908 0.0160541 -0.00518405 0.00763248 0.00637065 0.00966785 -0.00290642 -0.0320485 
